trial,channel,depth,freq,log10_power,prominence,band,is_dominant
0,Ch1-Ch0,-0.865,3.052,-1.5702,0.5611,delta,0
0,Ch1-Ch0,-0.865,5.493,-0.6105,0.6221,theta,0
0,Ch1-Ch0,-0.865,9.766,0.1111,0.1030,alpha,0
0,Ch1-Ch0,-0.865,11.597,0.7639,2.5111,alpha,1
0,Ch1-Ch0,-0.865,17.090,-0.0971,0.4937,beta,0
0,Ch1-Ch0,-0.865,21.973,-0.3041,0.4716,beta,0
0,Ch1-Ch0,-0.865,26.855,-0.2416,0.4929,beta,0
0,Ch1-Ch0,-0.865,31.128,-0.1904,0.9495,low_gamma,0
0,Ch1-Ch0,-0.865,38.452,-0.5336,0.1759,low_gamma,0
0,Ch1-Ch0,-0.865,46.387,-0.1910,0.6762,low_gamma,0
0,Ch1-Ch0,-0.865,55.542,0.1502,0.9542,high_gamma,0
0,Ch1-Ch0,-0.865,65.308,0.2437,1.5403,high_gamma,0
0,Ch1-Ch0,-0.865,78.735,0.1168,0.8014,high_gamma,0
0,Ch1-Ch0,-0.865,92.163,-0.6717,0.4940,high_gamma,0
0,Ch2-Ch1,-0.715,3.662,-1.1111,0.4137,delta,0
0,Ch2-Ch1,-0.715,5.493,-0.1739,0.6458,theta,0
0,Ch2-Ch1,-0.715,9.766,0.5738,0.0963,alpha,0
0,Ch2-Ch1,-0.715,11.597,1.2388,2.5197,alpha,1
0,Ch2-Ch1,-0.715,17.090,0.3276,0.3784,beta,0
0,Ch2-Ch1,-0.715,21.973,0.0719,0.4721,beta,0
0,Ch2-Ch1,-0.715,26.855,0.2265,1.1896,beta,0
0,Ch2-Ch1,-0.715,35.400,0.4689,0.9836,low_gamma,0
0,Ch2-Ch1,-0.715,46.997,0.2532,0.6418,low_gamma,0
0,Ch2-Ch1,-0.715,55.542,0.6512,1.0748,high_gamma,0
0,Ch2-Ch1,-0.715,65.308,0.7078,1.9882,high_gamma,0
0,Ch2-Ch1,-0.715,78.735,0.5560,0.7097,high_gamma,0
0,Ch2-Ch1,-0.715,95.825,-0.0421,0.6541,high_gamma,0
0,Ch3-Ch2,-0.565,2.441,-0.4548,0.5251,delta,0
0,Ch3-Ch2,-0.565,4.272,-0.5327,0.0626,theta,0
0,Ch3-Ch2,-0.565,9.766,1.2352,0.1739,alpha,0
0,Ch3-Ch2,-0.565,11.597,1.5491,2.4162,alpha,1
0,Ch3-Ch2,-0.565,15.259,0.6225,0.7198,beta,0
0,Ch3-Ch2,-0.565,21.973,0.5781,0.9601,beta,0
0,Ch3-Ch2,-0.565,26.245,0.5211,0.4696,beta,0
0,Ch3-Ch2,-0.565,35.400,0.6727,1.2958,low_gamma,0
0,Ch3-Ch2,-0.565,41.504,0.0995,0.3308,low_gamma,0
0,Ch3-Ch2,-0.565,48.828,0.6461,0.7894,low_gamma,0
0,Ch3-Ch2,-0.565,57.983,0.9351,0.7815,high_gamma,0
0,Ch3-Ch2,-0.565,68.359,1.0521,1.7057,high_gamma,0
0,Ch3-Ch2,-0.565,83.618,0.4097,0.6577,high_gamma,0
0,Ch4-Ch3,-0.415,4.272,0.6373,1.0867,theta,0
0,Ch4-Ch3,-0.415,7.324,0.6946,0.8154,theta,0
0,Ch4-Ch3,-0.415,10.376,0.5687,0.3611,alpha,0
0,Ch4-Ch3,-0.415,14.038,0.5982,0.5198,beta,0
0,Ch4-Ch3,-0.415,17.090,0.8637,1.3444,beta,0
0,Ch4-Ch3,-0.415,20.142,0.7214,0.8138,beta,0
0,Ch4-Ch3,-0.415,23.193,0.3491,0.5229,beta,0
0,Ch4-Ch3,-0.415,26.855,0.5107,0.7738,beta,0
0,Ch4-Ch3,-0.415,35.400,0.7249,1.0600,low_gamma,0
0,Ch4-Ch3,-0.415,40.894,0.5765,0.8175,low_gamma,0
0,Ch4-Ch3,-0.415,50.049,0.5867,0.8264,high_gamma,0
0,Ch4-Ch3,-0.415,59.814,1.0223,1.1253,high_gamma,0
0,Ch4-Ch3,-0.415,72.021,1.1419,2.0278,high_gamma,1
0,Ch4-Ch3,-0.415,95.825,0.3036,0.7874,high_gamma,0
0,Ch5-Ch4,-0.265,4.272,1.5257,2.3118,theta,1
0,Ch5-Ch4,-0.265,6.714,0.9100,0.0600,theta,0
0,Ch5-Ch4,-0.265,9.155,0.6073,0.4162,alpha,0
0,Ch5-Ch4,-0.265,11.597,1.3795,1.2664,alpha,0
0,Ch5-Ch4,-0.265,17.090,1.3747,1.5574,beta,0
0,Ch5-Ch4,-0.265,20.142,0.9958,0.7581,beta,0
0,Ch5-Ch4,-0.265,26.855,0.9600,1.4791,beta,0
0,Ch5-Ch4,-0.265,35.400,1.0518,1.6876,low_gamma,0
0,Ch5-Ch4,-0.265,42.725,0.4223,0.6695,low_gamma,0
0,Ch5-Ch4,-0.265,50.049,0.8441,1.3510,high_gamma,0
0,Ch5-Ch4,-0.265,57.983,1.0564,1.2831,high_gamma,0
0,Ch5-Ch4,-0.265,68.359,1.1214,1.3585,high_gamma,0
0,Ch5-Ch4,-0.265,78.735,1.3150,1.8616,high_gamma,0
0,Ch5-Ch4,-0.265,94.604,0.5399,0.6179,high_gamma,0
0,Ch6-Ch5,-0.115,2.441,0.3425,0.2623,delta,0
0,Ch6-Ch5,-0.115,4.883,1.5956,0.8404,theta,0
0,Ch6-Ch5,-0.115,8.545,1.1920,0.3551,alpha,0
0,Ch6-Ch5,-0.115,10.986,1.6580,2.1348,alpha,1
0,Ch6-Ch5,-0.115,12.817,1.6293,0.1471,alpha,0
0,Ch6-Ch5,-0.115,17.090,1.2701,0.6565,beta,0
0,Ch6-Ch5,-0.115,21.973,0.8897,0.6933,beta,0
0,Ch6-Ch5,-0.115,26.855,1.0475,1.2711,beta,0
0,Ch6-Ch5,-0.115,34.790,0.9793,0.9969,low_gamma,0
0,Ch6-Ch5,-0.115,40.283,0.8529,0.6788,low_gamma,0
0,Ch6-Ch5,-0.115,46.387,0.7420,0.1781,low_gamma,0
0,Ch6-Ch5,-0.115,57.983,1.3563,1.8330,high_gamma,0
0,Ch6-Ch5,-0.115,67.749,1.1828,0.9705,high_gamma,0
0,Ch6-Ch5,-0.115,85.449,1.2380,1.2274,high_gamma,0
0,Ch6-Ch5,-0.115,98.877,-0.0704,0.1568,high_gamma,0
0,Ch7-Ch6,+0.030,4.272,1.5731,1.8275,theta,1
0,Ch7-Ch6,+0.030,7.324,0.8792,0.0905,theta,0
0,Ch7-Ch6,+0.030,11.597,1.1885,0.9787,alpha,0
0,Ch7-Ch6,+0.030,15.869,1.1283,0.5744,beta,0
0,Ch7-Ch6,+0.030,18.311,1.1497,1.4864,beta,0
0,Ch7-Ch6,+0.030,21.362,1.1236,0.2781,beta,0
0,Ch7-Ch6,+0.030,28.076,0.4205,0.3666,beta,0
0,Ch7-Ch6,+0.030,35.400,0.5510,0.9477,low_gamma,0
0,Ch7-Ch6,+0.030,41.504,0.5767,0.5300,low_gamma,0
0,Ch7-Ch6,+0.030,51.270,1.0285,1.3521,high_gamma,0
0,Ch7-Ch6,+0.030,59.204,0.4392,0.1562,high_gamma,0
0,Ch7-Ch6,+0.030,68.970,1.0990,1.3452,high_gamma,0
0,Ch7-Ch6,+0.030,84.229,1.0162,1.2359,high_gamma,0
0,Ch7-Ch6,+0.030,98.267,0.5726,0.5978,high_gamma,0
0,Ch8-Ch7,+0.180,4.272,1.9599,2.0606,theta,1
0,Ch8-Ch7,+0.180,6.104,0.9956,0.1479,theta,0
0,Ch8-Ch7,+0.180,11.597,1.4057,1.6624,alpha,0
0,Ch8-Ch7,+0.180,14.038,0.6203,0.2601,beta,0
0,Ch8-Ch7,+0.180,17.700,1.4622,1.9743,beta,0
0,Ch8-Ch7,+0.180,23.804,0.8854,0.2719,beta,0
0,Ch8-Ch7,+0.180,28.687,0.9656,0.9353,beta,0
0,Ch8-Ch7,+0.180,34.790,0.7884,0.1451,low_gamma,0
0,Ch8-Ch7,+0.180,40.283,1.0032,0.9266,low_gamma,0
0,Ch8-Ch7,+0.180,51.270,1.2203,1.2851,high_gamma,0
0,Ch8-Ch7,+0.180,61.646,1.2956,1.2172,high_gamma,0
0,Ch8-Ch7,+0.180,75.073,1.3566,1.7474,high_gamma,0
0,Ch8-Ch7,+0.180,92.163,1.1517,1.2194,high_gamma,0
0,Ch9-Ch8,+0.330,4.883,1.2526,0.9822,theta,0
0,Ch9-Ch8,+0.330,8.545,0.9835,0.1711,alpha,0
0,Ch9-Ch8,+0.330,11.597,1.8960,2.3840,alpha,1
0,Ch9-Ch8,+0.330,17.090,1.1668,0.4243,beta,0
0,Ch9-Ch8,+0.330,20.752,0.8789,0.2249,beta,0
0,Ch9-Ch8,+0.330,25.024,0.9270,0.7167,beta,0
0,Ch9-Ch8,+0.330,34.180,0.8532,0.6946,low_gamma,0
0,Ch9-Ch8,+0.330,45.776,0.6519,0.9211,low_gamma,0
0,Ch9-Ch8,+0.330,57.983,1.4072,1.7668,high_gamma,0
0,Ch9-Ch8,+0.330,71.411,1.4015,1.0147,high_gamma,0
0,Ch9-Ch8,+0.330,85.449,1.1716,1.2193,high_gamma,0
0,Ch9-Ch8,+0.330,98.877,0.3208,0.7295,high_gamma,0
0,Ch10-Ch9,+0.480,4.272,1.7345,0.7964,theta,0
0,Ch10-Ch9,+0.480,6.714,1.2997,0.3565,theta,0
0,Ch10-Ch9,+0.480,8.545,1.2691,0.1603,alpha,0
0,Ch10-Ch9,+0.480,11.597,2.0467,1.9935,alpha,1
0,Ch10-Ch9,+0.480,15.869,1.7527,1.2380,beta,0
0,Ch10-Ch9,+0.480,18.921,1.5092,0.7077,beta,0
0,Ch10-Ch9,+0.480,24.414,1.3795,0.8745,beta,0
0,Ch10-Ch9,+0.480,30.518,1.0707,0.6911,low_gamma,0
0,Ch10-Ch9,+0.480,35.400,1.0106,0.8478,low_gamma,0
0,Ch10-Ch9,+0.480,41.504,0.9566,0.7931,low_gamma,0
0,Ch10-Ch9,+0.480,50.049,1.1463,1.3832,high_gamma,0
0,Ch10-Ch9,+0.480,61.646,1.1818,0.9586,high_gamma,0
0,Ch10-Ch9,+0.480,72.632,1.2998,1.5476,high_gamma,0
0,Ch10-Ch9,+0.480,84.229,1.2500,0.6354,high_gamma,0
0,Ch10-Ch9,+0.480,97.656,0.6471,0.9571,high_gamma,0
0,Ch11-Ch10,+0.630,4.272,1.5459,0.8219,theta,0
0,Ch11-Ch10,+0.630,6.714,1.1247,0.2865,theta,0
0,Ch11-Ch10,+0.630,8.545,1.1762,0.1699,alpha,0
0,Ch11-Ch10,+0.630,11.597,1.8733,1.9945,alpha,1
0,Ch11-Ch10,+0.630,15.869,1.6585,1.2801,beta,0
0,Ch11-Ch10,+0.630,18.921,1.4179,0.6490,beta,0
0,Ch11-Ch10,+0.630,24.414,1.1975,1.0845,beta,0
0,Ch11-Ch10,+0.630,28.687,1.1026,0.6695,beta,0
0,Ch11-Ch10,+0.630,38.452,0.8923,0.8220,low_gamma,0
0,Ch11-Ch10,+0.630,51.270,0.8858,1.0681,high_gamma,0
0,Ch11-Ch10,+0.630,59.814,0.3224,0.0843,high_gamma,0
0,Ch11-Ch10,+0.630,70.190,1.2249,1.7542,high_gamma,0
0,Ch11-Ch10,+0.630,91.553,0.9570,1.2371,high_gamma,0
0,Ch12-Ch11,+0.780,4.272,0.4047,1.5418,theta,0
0,Ch12-Ch11,+0.780,8.545,-0.0020,0.1218,alpha,0
0,Ch12-Ch11,+0.780,10.986,0.2221,0.5818,alpha,0
0,Ch12-Ch11,+0.780,12.817,0.1939,0.4541,alpha,0
0,Ch12-Ch11,+0.780,16.479,-0.0092,0.2308,beta,0
0,Ch12-Ch11,+0.780,21.973,0.2559,1.3618,beta,0
0,Ch12-Ch11,+0.780,28.687,-0.4573,0.2357,beta,0
0,Ch12-Ch11,+0.780,34.180,0.1604,1.0414,low_gamma,0
0,Ch12-Ch11,+0.780,42.114,0.0149,0.7404,low_gamma,0
0,Ch12-Ch11,+0.780,51.270,0.1577,0.8686,high_gamma,0
0,Ch12-Ch11,+0.780,61.035,0.4348,0.8662,high_gamma,0
0,Ch12-Ch11,+0.780,70.190,0.6958,1.7444,high_gamma,1
0,Ch12-Ch11,+0.780,84.229,0.5842,1.2193,high_gamma,0
0,Ch12-Ch11,+0.780,98.877,0.0667,0.4568,high_gamma,0
0,Ch13-Ch12,+0.930,1.831,0.3332,0.0953,delta,0
0,Ch13-Ch12,+0.930,4.883,1.7919,0.8504,theta,0
0,Ch13-Ch12,+0.930,11.597,2.3191,2.1181,alpha,1
0,Ch13-Ch12,+0.930,15.869,1.8849,1.4803,beta,0
0,Ch13-Ch12,+0.930,18.921,1.3412,0.3660,beta,0
0,Ch13-Ch12,+0.930,24.414,1.4094,0.9379,beta,0
0,Ch13-Ch12,+0.930,31.128,1.0982,0.7154,low_gamma,0
0,Ch13-Ch12,+0.930,40.894,0.3993,0.6215,low_gamma,0
0,Ch13-Ch12,+0.930,48.828,0.6574,0.1864,low_gamma,0
0,Ch13-Ch12,+0.930,56.152,1.0537,1.5344,high_gamma,0
0,Ch13-Ch12,+0.930,70.190,0.9592,1.2016,high_gamma,0
0,Ch13-Ch12,+0.930,93.994,0.8432,0.9799,high_gamma,0
0,Ch14-Ch13,+1.080,1.831,0.4672,0.1034,delta,0
0,Ch14-Ch13,+1.080,4.883,1.9520,0.8967,theta,0
0,Ch14-Ch13,+1.080,11.597,2.4533,2.1631,alpha,1
0,Ch14-Ch13,+1.080,15.869,1.9997,1.4617,beta,0
0,Ch14-Ch13,+1.080,18.921,1.3870,0.3097,beta,0
0,Ch14-Ch13,+1.080,24.414,1.5519,0.9355,beta,0
0,Ch14-Ch13,+1.080,31.128,1.1683,0.8010,low_gamma,0
0,Ch14-Ch13,+1.080,43.335,0.8968,0.9089,low_gamma,0
0,Ch14-Ch13,+1.080,56.152,1.1494,1.8303,high_gamma,0
0,Ch14-Ch13,+1.080,70.190,0.8145,0.9997,high_gamma,0
0,Ch14-Ch13,+1.080,84.229,0.8565,1.1906,high_gamma,0
0,Ch14-Ch13,+1.080,98.877,0.3011,0.4837,high_gamma,0
0,Ch15-Ch14,+1.230,4.883,-0.2452,0.5043,theta,0
0,Ch15-Ch14,+1.230,11.597,0.5262,2.1154,alpha,1
0,Ch15-Ch14,+1.230,15.869,0.2522,1.0385,beta,0
0,Ch15-Ch14,+1.230,21.362,0.0517,1.0613,beta,0
0,Ch15-Ch14,+1.230,26.245,-0.2243,0.5414,beta,0
0,Ch15-Ch14,+1.230,31.128,-0.3269,0.7769,low_gamma,0
0,Ch15-Ch14,+1.230,39.062,-0.4989,0.7931,low_gamma,0
0,Ch15-Ch14,+1.230,51.270,-0.5282,1.0491,high_gamma,0
0,Ch15-Ch14,+1.230,59.204,-0.5495,0.7589,high_gamma,0
0,Ch15-Ch14,+1.230,70.190,-0.5179,0.8099,high_gamma,0
0,Ch15-Ch14,+1.230,84.229,0.0712,1.9783,high_gamma,0
0,Ch15-Ch14,+1.230,98.877,-0.8093,0.2746,high_gamma,0
1,Ch1-Ch0,-0.865,1.831,-1.0427,0.3470,delta,0
1,Ch1-Ch0,-0.865,4.272,-1.0156,0.0505,theta,0
1,Ch1-Ch0,-0.865,5.493,-0.6246,0.1052,theta,0
1,Ch1-Ch0,-0.865,7.935,-0.0445,0.9396,theta,0
1,Ch1-Ch0,-0.865,9.766,-0.2228,0.1452,alpha,0
1,Ch1-Ch0,-0.865,11.597,0.8110,2.2406,alpha,1
1,Ch1-Ch0,-0.865,15.869,0.1338,0.4749,beta,0
1,Ch1-Ch0,-0.865,20.142,-0.0450,1.1624,beta,0
1,Ch1-Ch0,-0.865,23.193,-0.1280,0.4990,beta,0
1,Ch1-Ch0,-0.865,29.907,-0.3425,0.9438,beta,0
1,Ch1-Ch0,-0.865,37.842,-0.3581,0.5553,low_gamma,0
1,Ch1-Ch0,-0.865,48.828,-0.0527,1.6311,low_gamma,0
1,Ch1-Ch0,-0.865,60.425,0.4140,2.0243,high_gamma,0
1,Ch1-Ch0,-0.865,72.632,0.1646,1.2167,high_gamma,0
1,Ch1-Ch0,-0.865,92.773,-0.2375,1.2006,high_gamma,0
1,Ch2-Ch1,-0.715,1.831,-0.5968,0.3406,delta,0
1,Ch2-Ch1,-0.715,5.493,-0.2838,0.1243,theta,0
1,Ch2-Ch1,-0.715,7.935,0.3751,0.8305,theta,0
1,Ch2-Ch1,-0.715,9.766,0.1920,0.1456,alpha,0
1,Ch2-Ch1,-0.715,11.597,1.2629,2.2439,alpha,1
1,Ch2-Ch1,-0.715,15.869,0.5605,0.3736,beta,0
1,Ch2-Ch1,-0.715,18.311,-0.1842,0.2168,beta,0
1,Ch2-Ch1,-0.715,23.193,0.3490,1.1701,beta,0
1,Ch2-Ch1,-0.715,29.907,-0.0113,0.9229,beta,0
1,Ch2-Ch1,-0.715,37.842,0.1019,0.7666,low_gamma,0
1,Ch2-Ch1,-0.715,48.828,0.3667,1.4201,low_gamma,0
1,Ch2-Ch1,-0.715,65.918,0.9019,1.8666,high_gamma,0
1,Ch2-Ch1,-0.715,76.904,0.4627,0.9126,high_gamma,0
1,Ch2-Ch1,-0.715,92.773,0.2636,1.1656,high_gamma,0
1,Ch3-Ch2,-0.565,5.493,0.1543,0.2688,theta,0
1,Ch3-Ch2,-0.565,9.766,0.8263,0.1465,alpha,0
1,Ch3-Ch2,-0.565,11.597,1.5449,2.6366,alpha,1
1,Ch3-Ch2,-0.565,14.038,0.8064,0.2162,beta,0
1,Ch3-Ch2,-0.565,17.700,0.1280,0.4985,beta,0
1,Ch3-Ch2,-0.565,23.193,0.5462,0.9903,beta,0
1,Ch3-Ch2,-0.565,30.518,0.2372,0.7913,low_gamma,0
1,Ch3-Ch2,-0.565,35.400,0.6276,1.0640,low_gamma,0
1,Ch3-Ch2,-0.565,41.504,0.1535,0.3813,low_gamma,0
1,Ch3-Ch2,-0.565,48.218,0.9234,0.6459,low_gamma,0
1,Ch3-Ch2,-0.565,55.542,0.6911,0.3973,high_gamma,0
1,Ch3-Ch2,-0.565,65.918,1.3130,1.9981,high_gamma,0
1,Ch3-Ch2,-0.565,76.294,0.7888,0.7569,high_gamma,0
1,Ch3-Ch2,-0.565,93.384,0.5042,0.9720,high_gamma,0
1,Ch4-Ch3,-0.415,1.831,0.0330,0.1975,delta,0
1,Ch4-Ch3,-0.415,5.493,0.7412,1.1853,theta,0
1,Ch4-Ch3,-0.415,8.545,0.6696,0.9923,alpha,0
1,Ch4-Ch3,-0.415,11.597,0.5677,0.8381,alpha,0
1,Ch4-Ch3,-0.415,14.648,0.7916,1.3929,beta,0
1,Ch4-Ch3,-0.415,20.142,0.9577,1.6188,beta,0
1,Ch4-Ch3,-0.415,26.245,0.6188,0.9456,beta,0
1,Ch4-Ch3,-0.415,32.349,0.1547,1.0494,low_gamma,0
1,Ch4-Ch3,-0.415,39.673,0.4211,0.9776,low_gamma,0
1,Ch4-Ch3,-0.415,46.997,0.8289,0.8041,low_gamma,0
1,Ch4-Ch3,-0.415,60.425,1.0479,1.1801,high_gamma,0
1,Ch4-Ch3,-0.415,72.632,1.1998,1.7286,high_gamma,1
1,Ch4-Ch3,-0.415,92.163,0.7870,1.0679,high_gamma,0
1,Ch5-Ch4,-0.265,2.441,0.0605,0.3058,delta,0
1,Ch5-Ch4,-0.265,5.493,1.3980,0.9619,theta,0
1,Ch5-Ch4,-0.265,8.545,0.9177,0.3926,alpha,0
1,Ch5-Ch4,-0.265,11.597,1.4728,1.8274,alpha,1
1,Ch5-Ch4,-0.265,14.648,0.8152,0.6342,beta,0
1,Ch5-Ch4,-0.265,20.142,1.2277,1.0789,beta,0
1,Ch5-Ch4,-0.265,25.635,0.8184,1.4918,beta,0
1,Ch5-Ch4,-0.265,31.128,0.4821,0.6497,low_gamma,0
1,Ch5-Ch4,-0.265,39.673,0.6806,0.9878,low_gamma,0
1,Ch5-Ch4,-0.265,47.607,0.9629,0.8290,low_gamma,0
1,Ch5-Ch4,-0.265,59.814,1.1921,0.9814,high_gamma,0
1,Ch5-Ch4,-0.265,72.632,1.2204,1.9537,high_gamma,0
1,Ch5-Ch4,-0.265,86.670,1.1186,1.0037,high_gamma,0
1,Ch6-Ch5,-0.115,4.883,1.7118,0.9053,theta,0
1,Ch6-Ch5,-0.115,9.155,1.0887,0.2085,alpha,0
1,Ch6-Ch5,-0.115,11.597,1.7499,2.1597,alpha,1
1,Ch6-Ch5,-0.115,16.479,1.0022,0.0954,beta,0
1,Ch6-Ch5,-0.115,20.752,1.0153,0.4840,beta,0
1,Ch6-Ch5,-0.115,25.635,0.8052,0.9426,beta,0
1,Ch6-Ch5,-0.115,31.128,0.5747,0.2212,low_gamma,0
1,Ch6-Ch5,-0.115,37.842,0.8781,1.2572,low_gamma,0
1,Ch6-Ch5,-0.115,45.166,0.6590,0.5321,low_gamma,0
1,Ch6-Ch5,-0.115,54.932,1.2177,1.0400,high_gamma,0
1,Ch6-Ch5,-0.115,64.087,1.4754,1.8832,high_gamma,0
1,Ch6-Ch5,-0.115,75.684,1.2796,1.3235,high_gamma,0
1,Ch6-Ch5,-0.115,96.436,0.8002,0.4345,high_gamma,0
1,Ch7-Ch6,+0.030,4.272,1.8146,2.4948,theta,1
1,Ch7-Ch6,+0.030,9.155,0.6880,0.4598,alpha,0
1,Ch7-Ch6,+0.030,12.207,1.1903,0.4606,alpha,0
1,Ch7-Ch6,+0.030,14.648,1.3337,0.8411,beta,0
1,Ch7-Ch6,+0.030,17.700,0.9661,0.1890,beta,0
1,Ch7-Ch6,+0.030,20.752,1.3761,1.6465,beta,0
1,Ch7-Ch6,+0.030,26.245,0.8476,1.0815,beta,0
1,Ch7-Ch6,+0.030,32.349,0.9728,1.4808,low_gamma,0
1,Ch7-Ch6,+0.030,37.231,0.6870,0.3941,low_gamma,0
1,Ch7-Ch6,+0.030,43.945,0.4963,0.7988,low_gamma,0
1,Ch7-Ch6,+0.030,51.270,0.9491,1.4085,high_gamma,0
1,Ch7-Ch6,+0.030,69.580,1.5144,1.9966,high_gamma,0
1,Ch7-Ch6,+0.030,79.956,1.3034,1.2126,high_gamma,0
1,Ch7-Ch6,+0.030,92.773,0.9619,1.3150,high_gamma,0
1,Ch8-Ch7,+0.180,2.441,0.1856,0.0751,delta,0
1,Ch8-Ch7,+0.180,4.272,1.8696,2.1609,theta,1
1,Ch8-Ch7,+0.180,7.324,0.7110,0.3218,theta,0
1,Ch8-Ch7,+0.180,11.597,1.2713,1.0884,alpha,0
1,Ch8-Ch7,+0.180,15.259,1.3708,0.6215,beta,0
1,Ch8-Ch7,+0.180,20.752,1.4459,1.3802,beta,0
1,Ch8-Ch7,+0.180,25.635,1.0216,0.5571,beta,0
1,Ch8-Ch7,+0.180,32.959,1.1074,1.0177,low_gamma,0
1,Ch8-Ch7,+0.180,39.062,0.9629,0.7849,low_gamma,0
1,Ch8-Ch7,+0.180,51.270,1.2499,1.1376,high_gamma,0
1,Ch8-Ch7,+0.180,70.801,1.5897,1.2515,high_gamma,0
1,Ch8-Ch7,+0.180,86.670,1.0947,0.6818,high_gamma,0
1,Ch9-Ch8,+0.330,6.104,1.4357,0.6949,theta,0
1,Ch9-Ch8,+0.330,8.545,0.9102,0.0952,alpha,0
1,Ch9-Ch8,+0.330,11.597,1.9726,2.5063,alpha,1
1,Ch9-Ch8,+0.330,14.648,1.3388,0.2099,beta,0
1,Ch9-Ch8,+0.330,18.921,0.9505,0.1661,beta,0
1,Ch9-Ch8,+0.330,21.973,1.1487,0.7430,beta,0
1,Ch9-Ch8,+0.330,25.635,0.7681,0.6300,beta,0
1,Ch9-Ch8,+0.330,29.907,0.3500,0.2974,beta,0
1,Ch9-Ch8,+0.330,36.011,0.4889,0.5064,low_gamma,0
1,Ch9-Ch8,+0.330,42.114,0.9447,1.0455,low_gamma,0
1,Ch9-Ch8,+0.330,55.542,1.3607,1.3278,high_gamma,0
1,Ch9-Ch8,+0.330,65.308,1.3494,1.2773,high_gamma,0
1,Ch9-Ch8,+0.330,79.956,1.3486,1.2151,high_gamma,0
1,Ch9-Ch8,+0.330,92.163,0.9579,0.6062,high_gamma,0
1,Ch10-Ch9,+0.480,2.441,0.7285,0.1285,delta,0
1,Ch10-Ch9,+0.480,4.883,1.5087,0.4360,theta,0
1,Ch10-Ch9,+0.480,6.714,1.3097,0.1540,theta,0
1,Ch10-Ch9,+0.480,9.766,1.5604,0.4598,alpha,0
1,Ch10-Ch9,+0.480,11.597,1.8990,1.7459,alpha,1
1,Ch10-Ch9,+0.480,13.428,1.7863,0.5392,beta,0
1,Ch10-Ch9,+0.480,15.869,1.7905,0.5693,beta,0
1,Ch10-Ch9,+0.480,20.142,1.5365,0.9483,beta,0
1,Ch10-Ch9,+0.480,23.193,1.3725,0.5136,beta,0
1,Ch10-Ch9,+0.480,27.466,1.2894,0.5400,beta,0
1,Ch10-Ch9,+0.480,31.738,1.3276,1.0697,low_gamma,0
1,Ch10-Ch9,+0.480,36.621,1.0738,0.4370,low_gamma,0
1,Ch10-Ch9,+0.480,43.945,0.9714,1.0566,low_gamma,0
1,Ch10-Ch9,+0.480,51.270,1.2858,1.1185,high_gamma,0
1,Ch10-Ch9,+0.480,67.139,1.4676,1.0095,high_gamma,0
1,Ch10-Ch9,+0.480,78.125,1.4729,1.7173,high_gamma,0
1,Ch10-Ch9,+0.480,90.942,0.9697,1.1920,high_gamma,0
1,Ch11-Ch10,+0.630,2.441,0.6260,0.0980,delta,0
1,Ch11-Ch10,+0.630,4.883,1.3868,0.5245,theta,0
1,Ch11-Ch10,+0.630,7.324,1.1624,0.1789,theta,0
1,Ch11-Ch10,+0.630,9.766,1.3522,0.4801,alpha,0
1,Ch11-Ch10,+0.630,11.597,1.7086,1.6484,alpha,1
1,Ch11-Ch10,+0.630,13.428,1.5446,0.4679,beta,0
1,Ch11-Ch10,+0.630,15.869,1.6204,0.5844,beta,0
1,Ch11-Ch10,+0.630,20.142,1.4478,1.2512,beta,0
1,Ch11-Ch10,+0.630,23.193,1.2556,0.6064,beta,0
1,Ch11-Ch10,+0.630,27.466,1.1727,0.7423,beta,0
1,Ch11-Ch10,+0.630,31.738,1.2176,1.1763,low_gamma,0
1,Ch11-Ch10,+0.630,36.621,0.9770,0.7401,low_gamma,0
1,Ch11-Ch10,+0.630,43.945,0.8462,1.5877,low_gamma,0
1,Ch11-Ch10,+0.630,51.270,0.8900,0.7178,high_gamma,0
1,Ch11-Ch10,+0.630,67.139,1.3471,1.6648,high_gamma,0
1,Ch11-Ch10,+0.630,83.618,0.8924,1.0459,high_gamma,0
1,Ch11-Ch10,+0.630,98.267,0.7637,0.4769,high_gamma,0
1,Ch12-Ch11,+0.780,4.272,0.4318,1.5316,theta,0
1,Ch12-Ch11,+0.780,6.104,-0.1080,0.2195,theta,0
1,Ch12-Ch11,+0.780,7.324,-0.3506,0.0614,theta,0
1,Ch12-Ch11,+0.780,9.155,-0.0243,0.7700,alpha,0
1,Ch12-Ch11,+0.780,13.428,0.6486,1.9811,beta,0
1,Ch12-Ch11,+0.780,18.921,0.0127,0.2261,beta,0
1,Ch12-Ch11,+0.780,21.973,0.3545,0.9822,beta,0
1,Ch12-Ch11,+0.780,27.466,0.2972,0.9544,beta,0
1,Ch12-Ch11,+0.780,33.569,0.1647,0.6884,low_gamma,0
1,Ch12-Ch11,+0.780,41.504,0.1629,0.7976,low_gamma,0
1,Ch12-Ch11,+0.780,48.828,0.1487,0.4285,low_gamma,0
1,Ch12-Ch11,+0.780,56.152,0.2729,1.1408,high_gamma,0
1,Ch12-Ch11,+0.780,67.139,0.7581,1.4685,high_gamma,1
1,Ch12-Ch11,+0.780,80.566,0.4762,1.1819,high_gamma,0
1,Ch12-Ch11,+0.780,96.436,0.2785,0.9102,high_gamma,0
1,Ch13-Ch12,+0.930,1.831,0.4743,0.1009,delta,0
1,Ch13-Ch12,+0.930,4.272,2.1250,0.8877,theta,0
1,Ch13-Ch12,+0.930,9.766,1.6087,0.2753,alpha,0
1,Ch13-Ch12,+0.930,11.597,2.1877,1.9241,alpha,1
1,Ch13-Ch12,+0.930,15.869,1.7631,0.5367,beta,0
1,Ch13-Ch12,+0.930,20.142,1.4967,1.1810,beta,0
1,Ch13-Ch12,+0.930,23.193,1.2657,0.9336,beta,0
1,Ch13-Ch12,+0.930,27.466,1.2506,0.7440,beta,0
1,Ch13-Ch12,+0.930,31.738,1.2339,1.3134,low_gamma,0
1,Ch13-Ch12,+0.930,37.842,0.8151,1.1274,low_gamma,0
1,Ch13-Ch12,+0.930,43.945,0.6945,0.9562,low_gamma,0
1,Ch13-Ch12,+0.930,51.880,0.8252,0.8190,high_gamma,0
1,Ch13-Ch12,+0.930,62.256,0.8968,0.9602,high_gamma,0
1,Ch13-Ch12,+0.930,78.125,0.9198,1.5505,high_gamma,0
1,Ch13-Ch12,+0.930,93.994,0.4656,0.9803,high_gamma,0
1,Ch14-Ch13,+1.080,1.831,0.6045,0.1016,delta,0
1,Ch14-Ch13,+1.080,4.272,2.2401,0.8626,theta,0
1,Ch14-Ch13,+1.080,9.766,1.7421,0.2644,alpha,0
1,Ch14-Ch13,+1.080,11.597,2.3352,1.9351,alpha,1
1,Ch14-Ch13,+1.080,15.869,1.8603,0.5044,beta,0
1,Ch14-Ch13,+1.080,20.142,1.5939,1.0947,beta,0
1,Ch14-Ch13,+1.080,23.193,1.3230,0.9298,beta,0
1,Ch14-Ch13,+1.080,27.466,1.2829,0.8455,beta,0
1,Ch14-Ch13,+1.080,31.738,1.2666,1.0963,low_gamma,0
1,Ch14-Ch13,+1.080,37.842,0.9042,1.4974,low_gamma,0
1,Ch14-Ch13,+1.080,43.945,0.6975,0.9133,low_gamma,0
1,Ch14-Ch13,+1.080,51.880,0.9787,0.9612,high_gamma,0
1,Ch14-Ch13,+1.080,62.256,1.0054,1.7625,high_gamma,0
1,Ch14-Ch13,+1.080,78.125,0.8420,1.7398,high_gamma,0
1,Ch14-Ch13,+1.080,93.994,0.3771,1.1589,high_gamma,0
1,Ch15-Ch14,+1.230,1.831,-1.4139,0.1954,delta,0
1,Ch15-Ch14,+1.230,4.272,0.0032,1.2353,theta,0
1,Ch15-Ch14,+1.230,7.935,-0.2958,0.4784,theta,0
1,Ch15-Ch14,+1.230,9.766,-0.3399,0.2434,alpha,0
1,Ch15-Ch14,+1.230,11.597,0.3260,2.0346,alpha,1
1,Ch15-Ch14,+1.230,15.869,0.3041,0.7877,beta,0
1,Ch15-Ch14,+1.230,20.142,-0.0340,0.7759,beta,0
1,Ch15-Ch14,+1.230,23.193,-0.2247,0.6125,beta,0
1,Ch15-Ch14,+1.230,27.466,-0.3055,0.8011,beta,0
1,Ch15-Ch14,+1.230,31.738,-0.3959,0.7775,low_gamma,0
1,Ch15-Ch14,+1.230,37.842,-0.7970,0.2648,low_gamma,0
1,Ch15-Ch14,+1.230,44.556,-0.4972,1.0025,low_gamma,0
1,Ch15-Ch14,+1.230,52.490,-0.6718,0.8831,high_gamma,0
1,Ch15-Ch14,+1.230,61.035,-0.0981,1.6083,high_gamma,0
1,Ch15-Ch14,+1.230,70.190,-0.7334,0.1123,high_gamma,0
1,Ch15-Ch14,+1.230,81.787,-0.1379,1.5105,high_gamma,0
1,Ch15-Ch14,+1.230,95.825,-0.6415,0.3057,high_gamma,0
2,Ch1-Ch0,-0.865,1.831,-1.3054,0.0860,delta,0
2,Ch1-Ch0,-0.865,3.662,-0.9192,0.1084,delta,0
2,Ch1-Ch0,-0.865,5.493,-0.5750,0.1996,theta,0
2,Ch1-Ch0,-0.865,8.545,-0.2049,0.4007,alpha,0
2,Ch1-Ch0,-0.865,10.376,0.2561,1.8075,alpha,0
2,Ch1-Ch0,-0.865,13.428,-0.0167,0.4258,beta,0
2,Ch1-Ch0,-0.865,17.090,0.1646,0.8673,beta,0
2,Ch1-Ch0,-0.865,21.362,-0.2043,0.7463,beta,0
2,Ch1-Ch0,-0.865,28.076,-0.1454,1.0176,beta,0
2,Ch1-Ch0,-0.865,37.231,-0.0690,1.1257,low_gamma,0
2,Ch1-Ch0,-0.865,46.997,-0.1573,1.0664,low_gamma,0
2,Ch1-Ch0,-0.865,57.373,0.1301,1.3703,high_gamma,0
2,Ch1-Ch0,-0.865,73.242,0.5301,2.0522,high_gamma,1
2,Ch1-Ch0,-0.865,89.722,-0.0277,1.0375,high_gamma,0
2,Ch2-Ch1,-0.715,1.831,-0.8748,0.1061,delta,0
2,Ch2-Ch1,-0.715,3.662,-0.5075,0.2288,delta,0
2,Ch2-Ch1,-0.715,5.493,-0.2371,0.1062,theta,0
2,Ch2-Ch1,-0.715,8.545,0.2611,0.4253,alpha,0
2,Ch2-Ch1,-0.715,10.376,0.7456,1.8611,alpha,0
2,Ch2-Ch1,-0.715,15.259,0.6748,0.7913,beta,0
2,Ch2-Ch1,-0.715,19.531,0.6040,0.9247,beta,0
2,Ch2-Ch1,-0.715,23.193,-0.1286,0.2055,beta,0
2,Ch2-Ch1,-0.715,27.466,0.2641,1.0571,beta,0
2,Ch2-Ch1,-0.715,37.231,0.3961,1.1904,low_gamma,0
2,Ch2-Ch1,-0.715,46.997,0.2862,0.9843,low_gamma,0
2,Ch2-Ch1,-0.715,57.373,0.5814,1.5558,high_gamma,0
2,Ch2-Ch1,-0.715,73.242,0.9935,2.1594,high_gamma,1
2,Ch2-Ch1,-0.715,89.722,0.4312,1.1853,high_gamma,0
2,Ch3-Ch2,-0.565,1.831,-0.1417,0.1501,delta,0
2,Ch3-Ch2,-0.565,4.883,0.0928,0.6942,theta,0
2,Ch3-Ch2,-0.565,6.714,0.2450,0.1712,theta,0
2,Ch3-Ch2,-0.565,10.376,1.2043,1.8467,alpha,0
2,Ch3-Ch2,-0.565,13.428,0.8124,0.5347,beta,0
2,Ch3-Ch2,-0.565,15.869,0.5667,0.1873,beta,0
2,Ch3-Ch2,-0.565,19.531,0.6694,0.4487,beta,0
2,Ch3-Ch2,-0.565,23.804,0.1863,0.3692,beta,0
2,Ch3-Ch2,-0.565,31.128,0.5103,1.1178,low_gamma,0
2,Ch3-Ch2,-0.565,37.231,0.6346,1.4183,low_gamma,0
2,Ch3-Ch2,-0.565,46.387,0.7953,1.4531,low_gamma,0
2,Ch3-Ch2,-0.565,54.932,0.5193,0.2951,high_gamma,0
2,Ch3-Ch2,-0.565,63.477,1.2082,1.8993,high_gamma,1
2,Ch3-Ch2,-0.565,73.242,1.0462,1.3135,high_gamma,0
2,Ch3-Ch2,-0.565,87.891,0.4525,1.0455,high_gamma,0
2,Ch4-Ch3,-0.415,2.441,-0.3688,0.1555,delta,0
2,Ch4-Ch3,-0.415,4.883,0.8181,1.4082,theta,0
2,Ch4-Ch3,-0.415,7.324,0.3666,0.3131,theta,0
2,Ch4-Ch3,-0.415,9.155,0.7336,1.5454,alpha,0
2,Ch4-Ch3,-0.415,15.869,0.9372,1.8780,beta,0
2,Ch4-Ch3,-0.415,19.531,0.5631,0.2236,beta,0
2,Ch4-Ch3,-0.415,25.635,0.6585,1.1228,beta,0
2,Ch4-Ch3,-0.415,32.959,0.6190,1.2307,low_gamma,0
2,Ch4-Ch3,-0.415,43.335,0.4893,0.8193,low_gamma,0
2,Ch4-Ch3,-0.415,57.373,1.0616,1.1754,high_gamma,0
2,Ch4-Ch3,-0.415,66.528,0.8974,0.4083,high_gamma,0
2,Ch4-Ch3,-0.415,80.566,1.0910,2.0693,high_gamma,1
2,Ch4-Ch3,-0.415,93.994,0.0675,1.0080,high_gamma,0
2,Ch5-Ch4,-0.265,3.052,0.3405,0.0711,delta,0
2,Ch5-Ch4,-0.265,4.883,1.7107,2.4018,theta,1
2,Ch5-Ch4,-0.265,8.545,0.7998,0.1672,alpha,0
2,Ch5-Ch4,-0.265,10.986,1.0409,0.7533,alpha,0
2,Ch5-Ch4,-0.265,14.648,0.7581,0.2251,beta,0
2,Ch5-Ch4,-0.265,17.700,1.3492,1.1316,beta,0
2,Ch5-Ch4,-0.265,23.193,0.7437,0.1619,beta,0
2,Ch5-Ch4,-0.265,28.076,0.8073,1.0505,beta,0
2,Ch5-Ch4,-0.265,37.842,0.4763,1.1503,low_gamma,0
2,Ch5-Ch4,-0.265,43.945,0.7503,0.7415,low_gamma,0
2,Ch5-Ch4,-0.265,57.373,1.2486,1.2441,high_gamma,0
2,Ch5-Ch4,-0.265,66.528,1.3421,1.0876,high_gamma,0
2,Ch5-Ch4,-0.265,80.566,1.3643,1.6401,high_gamma,0
2,Ch5-Ch4,-0.265,95.215,0.6508,0.9061,high_gamma,0
2,Ch6-Ch5,-0.115,3.052,0.8399,0.4068,delta,0
2,Ch6-Ch5,-0.115,4.883,2.1621,2.5180,theta,1
2,Ch6-Ch5,-0.115,8.545,1.2898,0.2718,alpha,0
2,Ch6-Ch5,-0.115,10.376,1.3308,0.9181,alpha,0
2,Ch6-Ch5,-0.115,12.207,0.8559,0.1665,alpha,0
2,Ch6-Ch5,-0.115,17.700,1.3840,1.4111,beta,0
2,Ch6-Ch5,-0.115,21.362,1.1548,0.1824,beta,0
2,Ch6-Ch5,-0.115,25.024,0.3360,0.2168,beta,0
2,Ch6-Ch5,-0.115,29.907,0.9715,1.1333,beta,0
2,Ch6-Ch5,-0.115,37.231,0.5616,1.0480,low_gamma,0
2,Ch6-Ch5,-0.115,46.997,0.9674,0.6452,low_gamma,0
2,Ch6-Ch5,-0.115,56.152,1.2878,0.8639,high_gamma,0
2,Ch6-Ch5,-0.115,71.411,1.6234,1.7483,high_gamma,0
2,Ch6-Ch5,-0.115,90.942,0.8835,0.8156,high_gamma,0
2,Ch7-Ch6,+0.030,4.883,1.8895,1.8067,theta,1
2,Ch7-Ch6,+0.030,7.935,0.9192,0.2915,theta,0
2,Ch7-Ch6,+0.030,10.376,1.0914,0.7974,alpha,0
2,Ch7-Ch6,+0.030,14.038,0.8831,0.1697,beta,0
2,Ch7-Ch6,+0.030,18.311,1.3368,1.0595,beta,0
2,Ch7-Ch6,+0.030,22.583,0.4886,0.3203,beta,0
2,Ch7-Ch6,+0.030,26.855,0.5649,0.6419,beta,0
2,Ch7-Ch6,+0.030,36.011,0.5636,1.1564,low_gamma,0
2,Ch7-Ch6,+0.030,42.725,0.7600,1.0952,low_gamma,0
2,Ch7-Ch6,+0.030,50.659,0.6487,0.5113,high_gamma,0
2,Ch7-Ch6,+0.030,59.814,1.0940,1.0261,high_gamma,0
2,Ch7-Ch6,+0.030,68.970,1.3404,1.4143,high_gamma,0
2,Ch7-Ch6,+0.030,83.618,1.1759,1.1948,high_gamma,0
2,Ch7-Ch6,+0.030,96.436,0.6355,0.3585,high_gamma,0
2,Ch8-Ch7,+0.180,4.883,1.8701,1.4485,theta,1
2,Ch8-Ch7,+0.180,10.376,1.1245,0.4220,alpha,0
2,Ch8-Ch7,+0.180,14.038,1.2022,0.4842,beta,0
2,Ch8-Ch7,+0.180,18.311,1.4546,0.9765,beta,0
2,Ch8-Ch7,+0.180,21.973,0.9918,0.9537,beta,0
2,Ch8-Ch7,+0.180,27.466,0.6928,0.1818,beta,0
2,Ch8-Ch7,+0.180,31.738,0.9117,1.1665,low_gamma,0
2,Ch8-Ch7,+0.180,42.725,1.2421,1.7576,low_gamma,0
2,Ch8-Ch7,+0.180,51.880,1.1483,0.7411,high_gamma,0
2,Ch8-Ch7,+0.180,67.749,1.5489,1.5184,high_gamma,0
2,Ch8-Ch7,+0.180,80.566,1.1915,0.4619,high_gamma,0
2,Ch8-Ch7,+0.180,94.604,1.0046,0.8652,high_gamma,0
2,Ch9-Ch8,+0.330,4.883,1.8705,2.3346,theta,1
2,Ch9-Ch8,+0.330,8.545,1.1576,0.2571,alpha,0
2,Ch9-Ch8,+0.330,10.376,1.5143,1.5168,alpha,0
2,Ch9-Ch8,+0.330,12.207,1.0702,0.1281,alpha,0
2,Ch9-Ch8,+0.330,15.869,1.3528,0.1943,beta,0
2,Ch9-Ch8,+0.330,18.311,1.4712,1.1346,beta,0
2,Ch9-Ch8,+0.330,21.362,1.2409,0.3512,beta,0
2,Ch9-Ch8,+0.330,26.855,0.8739,0.9676,beta,0
2,Ch9-Ch8,+0.330,31.738,0.2579,0.2200,low_gamma,0
2,Ch9-Ch8,+0.330,36.621,0.6140,1.2093,low_gamma,0
2,Ch9-Ch8,+0.330,48.218,0.9061,0.9643,low_gamma,0
2,Ch9-Ch8,+0.330,56.152,1.2716,0.6846,high_gamma,0
2,Ch9-Ch8,+0.330,66.528,1.4543,1.6257,high_gamma,0
2,Ch9-Ch8,+0.330,81.177,1.6203,2.3236,high_gamma,0
2,Ch9-Ch8,+0.330,95.215,0.8362,0.3727,high_gamma,0
2,Ch10-Ch9,+0.480,4.883,1.5388,1.4017,theta,0
2,Ch10-Ch9,+0.480,6.714,1.0316,0.0759,theta,0
2,Ch10-Ch9,+0.480,8.545,1.5246,0.1782,alpha,0
2,Ch10-Ch9,+0.480,10.376,1.6381,0.7247,alpha,0
2,Ch10-Ch9,+0.480,12.207,1.4687,0.2667,alpha,0
2,Ch10-Ch9,+0.480,15.869,1.7706,2.1692,beta,1
2,Ch10-Ch9,+0.480,18.311,1.6354,0.4389,beta,0
2,Ch10-Ch9,+0.480,23.804,1.5197,1.0371,beta,0
2,Ch10-Ch9,+0.480,28.076,1.0809,0.5267,beta,0
2,Ch10-Ch9,+0.480,32.349,0.9920,0.4615,low_gamma,0
2,Ch10-Ch9,+0.480,42.725,1.0680,0.8883,low_gamma,0
2,Ch10-Ch9,+0.480,54.321,1.0303,1.1288,high_gamma,0
2,Ch10-Ch9,+0.480,66.528,1.2565,1.4194,high_gamma,0
2,Ch10-Ch9,+0.480,81.787,1.3530,1.6165,high_gamma,0
2,Ch10-Ch9,+0.480,98.877,0.7999,0.3787,high_gamma,0
2,Ch11-Ch10,+0.630,4.883,1.3150,1.3273,theta,0
2,Ch11-Ch10,+0.630,6.714,0.8861,0.1338,theta,0
2,Ch11-Ch10,+0.630,8.545,1.3718,0.1637,alpha,0
2,Ch11-Ch10,+0.630,10.376,1.4561,0.7550,alpha,0
2,Ch11-Ch10,+0.630,12.207,1.3280,0.2606,alpha,0
2,Ch11-Ch10,+0.630,15.869,1.5428,2.0836,beta,1
2,Ch11-Ch10,+0.630,20.752,1.5113,1.0276,beta,0
2,Ch11-Ch10,+0.630,28.076,0.9097,0.6773,beta,0
2,Ch11-Ch10,+0.630,32.349,0.9993,0.9036,low_gamma,0
2,Ch11-Ch10,+0.630,37.231,0.8833,0.8511,low_gamma,0
2,Ch11-Ch10,+0.630,45.776,0.6485,0.7179,low_gamma,0
2,Ch11-Ch10,+0.630,57.373,1.0174,1.0593,high_gamma,0
2,Ch11-Ch10,+0.630,67.749,1.0662,1.0895,high_gamma,0
2,Ch11-Ch10,+0.630,84.229,1.1184,1.2947,high_gamma,0
2,Ch11-Ch10,+0.630,98.877,0.4426,0.2313,high_gamma,0
2,Ch12-Ch11,+0.780,2.441,-0.9521,0.2708,delta,0
2,Ch12-Ch11,+0.780,4.883,0.8137,2.1086,theta,1
2,Ch12-Ch11,+0.780,7.324,-0.1660,0.0719,theta,0
2,Ch12-Ch11,+0.780,9.766,0.6627,1.0312,alpha,0
2,Ch12-Ch11,+0.780,12.207,0.0820,0.4201,alpha,0
2,Ch12-Ch11,+0.780,15.259,0.3948,0.4191,beta,0
2,Ch12-Ch11,+0.780,18.311,0.5186,1.0098,beta,0
2,Ch12-Ch11,+0.780,21.362,0.2652,0.3227,beta,0
2,Ch12-Ch11,+0.780,26.245,0.3731,0.7244,beta,0
2,Ch12-Ch11,+0.780,32.959,-0.0123,0.9035,low_gamma,0
2,Ch12-Ch11,+0.780,39.673,-0.0089,1.0534,low_gamma,0
2,Ch12-Ch11,+0.780,48.218,0.2190,0.8350,low_gamma,0
2,Ch12-Ch11,+0.780,55.542,0.1264,0.6390,high_gamma,0
2,Ch12-Ch11,+0.780,67.749,0.5112,1.1521,high_gamma,0
2,Ch12-Ch11,+0.780,81.177,0.6836,1.7993,high_gamma,0
2,Ch12-Ch11,+0.780,95.215,0.2892,0.6630,high_gamma,0
2,Ch13-Ch12,+0.930,4.883,2.2288,2.0855,theta,1
2,Ch13-Ch12,+0.930,6.714,1.3275,0.1865,theta,0
2,Ch13-Ch12,+0.930,8.545,1.6882,0.2140,alpha,0
2,Ch13-Ch12,+0.930,10.376,1.9526,0.9625,alpha,0
2,Ch13-Ch12,+0.930,13.428,1.4571,0.2307,beta,0
2,Ch13-Ch12,+0.930,15.869,1.6314,0.8122,beta,0
2,Ch13-Ch12,+0.930,20.752,1.4441,0.7834,beta,0
2,Ch13-Ch12,+0.930,28.076,0.9024,0.7780,beta,0
2,Ch13-Ch12,+0.930,32.349,1.0141,0.8178,low_gamma,0
2,Ch13-Ch12,+0.930,38.452,1.0901,1.0188,low_gamma,0
2,Ch13-Ch12,+0.930,45.776,0.7314,1.1056,low_gamma,0
2,Ch13-Ch12,+0.930,57.373,0.8352,0.8380,high_gamma,0
2,Ch13-Ch12,+0.930,72.632,1.0592,2.0279,high_gamma,0
2,Ch13-Ch12,+0.930,96.436,0.7052,0.8566,high_gamma,0
2,Ch14-Ch13,+1.080,4.883,2.3816,2.1349,theta,1
2,Ch14-Ch13,+1.080,6.714,1.4226,0.1692,theta,0
2,Ch14-Ch13,+1.080,8.545,1.8117,0.2168,alpha,0
2,Ch14-Ch13,+1.080,10.376,2.0655,0.9707,alpha,0
2,Ch14-Ch13,+1.080,13.428,1.5569,0.2430,beta,0
2,Ch14-Ch13,+1.080,15.869,1.7555,0.7927,beta,0
2,Ch14-Ch13,+1.080,20.752,1.5463,0.8654,beta,0
2,Ch14-Ch13,+1.080,25.024,1.2934,0.1291,beta,0
2,Ch14-Ch13,+1.080,31.738,1.1341,0.8806,low_gamma,0
2,Ch14-Ch13,+1.080,38.452,1.1658,1.1657,low_gamma,0
2,Ch14-Ch13,+1.080,45.776,0.8514,1.1979,low_gamma,0
2,Ch14-Ch13,+1.080,60.425,0.9248,0.8788,high_gamma,0
2,Ch14-Ch13,+1.080,72.632,1.1363,1.6664,high_gamma,0
2,Ch14-Ch13,+1.080,91.553,0.8270,1.1666,high_gamma,0
2,Ch15-Ch14,+1.230,4.883,0.0848,1.1124,theta,0
2,Ch15-Ch14,+1.230,6.714,-0.8017,0.0518,theta,0
2,Ch15-Ch14,+1.230,9.766,0.1499,1.1222,alpha,0
2,Ch15-Ch14,+1.230,12.207,-0.0486,0.3319,alpha,0
2,Ch15-Ch14,+1.230,15.259,0.1774,0.5592,beta,0
2,Ch15-Ch14,+1.230,18.311,0.1999,2.1610,beta,1
2,Ch15-Ch14,+1.230,24.414,-0.2185,0.5780,beta,0
2,Ch15-Ch14,+1.230,31.738,-0.2968,0.7173,low_gamma,0
2,Ch15-Ch14,+1.230,38.452,-0.1927,1.5333,low_gamma,0
2,Ch15-Ch14,+1.230,48.218,-0.2971,1.1600,low_gamma,0
2,Ch15-Ch14,+1.230,57.373,-0.5139,0.8246,high_gamma,0
2,Ch15-Ch14,+1.230,68.970,-0.3716,0.4439,high_gamma,0
2,Ch15-Ch14,+1.230,79.346,-0.0694,1.4042,high_gamma,0
2,Ch15-Ch14,+1.230,97.656,-0.4453,0.8865,high_gamma,0
3,Ch1-Ch0,-0.865,2.441,-1.2246,0.8573,delta,0
3,Ch1-Ch0,-0.865,4.883,-1.1004,0.2989,theta,0
3,Ch1-Ch0,-0.865,8.545,0.0745,0.8600,alpha,0
3,Ch1-Ch0,-0.865,11.597,0.7365,2.8785,alpha,1
3,Ch1-Ch0,-0.865,15.259,0.4247,0.4988,beta,0
3,Ch1-Ch0,-0.865,18.921,-0.8515,0.3160,beta,0
3,Ch1-Ch0,-0.865,23.193,0.0903,1.4426,beta,0
3,Ch1-Ch0,-0.865,30.518,-0.3958,0.5936,low_gamma,0
3,Ch1-Ch0,-0.865,37.231,-0.4196,0.4317,low_gamma,0
3,Ch1-Ch0,-0.865,45.166,0.1132,1.5476,low_gamma,0
3,Ch1-Ch0,-0.865,60.425,0.5463,2.0871,high_gamma,0
3,Ch1-Ch0,-0.865,75.684,0.2800,1.8820,high_gamma,0
3,Ch1-Ch0,-0.865,90.942,-0.1362,1.7187,high_gamma,0
3,Ch2-Ch1,-0.715,2.441,-0.8019,0.8345,delta,0
3,Ch2-Ch1,-0.715,4.883,-0.6313,0.4521,theta,0
3,Ch2-Ch1,-0.715,8.545,0.5192,0.9174,alpha,0
3,Ch2-Ch1,-0.715,11.597,1.1951,3.0685,alpha,1
3,Ch2-Ch1,-0.715,15.259,0.9236,0.5407,beta,0
3,Ch2-Ch1,-0.715,18.921,-0.4873,0.4386,beta,0
3,Ch2-Ch1,-0.715,23.193,0.5316,1.4890,beta,0
3,Ch2-Ch1,-0.715,30.518,0.0174,0.4882,low_gamma,0
3,Ch2-Ch1,-0.715,37.231,0.0727,0.5777,low_gamma,0
3,Ch2-Ch1,-0.715,45.166,0.6327,1.5065,low_gamma,0
3,Ch2-Ch1,-0.715,60.425,0.9680,2.0002,high_gamma,0
3,Ch2-Ch1,-0.715,75.684,0.7091,1.4846,high_gamma,0
3,Ch2-Ch1,-0.715,91.553,0.2025,1.5352,high_gamma,0
3,Ch3-Ch2,-0.565,2.441,-0.2294,0.3649,delta,0
3,Ch3-Ch2,-0.565,5.493,0.2363,0.3126,theta,0
3,Ch3-Ch2,-0.565,8.545,1.3586,0.3799,alpha,0
3,Ch3-Ch2,-0.565,11.597,1.6077,2.3934,alpha,1
3,Ch3-Ch2,-0.565,17.090,0.7227,0.4927,beta,0
3,Ch3-Ch2,-0.565,21.362,0.8927,1.8963,beta,0
3,Ch3-Ch2,-0.565,25.024,0.6641,0.6220,beta,0
3,Ch3-Ch2,-0.565,31.128,0.3575,0.9850,low_gamma,0
3,Ch3-Ch2,-0.565,37.231,0.3935,0.5502,low_gamma,0
3,Ch3-Ch2,-0.565,45.166,0.7273,0.9218,low_gamma,0
3,Ch3-Ch2,-0.565,53.711,0.5249,0.4864,high_gamma,0
3,Ch3-Ch2,-0.565,65.308,1.2708,2.4790,high_gamma,0
3,Ch3-Ch2,-0.565,84.229,0.4627,1.0791,high_gamma,0
3,Ch3-Ch2,-0.565,98.267,0.1903,0.2004,high_gamma,0
3,Ch4-Ch3,-0.415,3.052,-0.3754,0.4350,delta,0
3,Ch4-Ch3,-0.415,5.493,0.6870,0.4283,theta,0
3,Ch4-Ch3,-0.415,7.935,0.7217,0.1305,theta,0
3,Ch4-Ch3,-0.415,9.766,0.7831,0.1659,alpha,0
3,Ch4-Ch3,-0.415,12.817,0.8838,2.0528,alpha,0
3,Ch4-Ch3,-0.415,17.090,0.7347,0.8274,beta,0
3,Ch4-Ch3,-0.415,20.752,0.5025,0.6196,beta,0
3,Ch4-Ch3,-0.415,26.245,0.7298,0.8740,beta,0
3,Ch4-Ch3,-0.415,32.349,0.0912,0.3600,low_gamma,0
3,Ch4-Ch3,-0.415,38.452,0.3632,0.9655,low_gamma,0
3,Ch4-Ch3,-0.415,48.828,0.5794,0.6362,low_gamma,0
3,Ch4-Ch3,-0.415,61.646,1.2545,1.7532,high_gamma,1
3,Ch4-Ch3,-0.415,72.021,0.8739,0.5233,high_gamma,0
3,Ch4-Ch3,-0.415,83.618,1.2346,1.3348,high_gamma,0
3,Ch4-Ch3,-0.415,96.436,0.4727,0.3072,high_gamma,0
3,Ch5-Ch4,-0.265,3.052,0.2857,0.3893,delta,0
3,Ch5-Ch4,-0.265,5.493,1.2519,1.3023,theta,0
3,Ch5-Ch4,-0.265,7.935,1.0472,0.5248,theta,0
3,Ch5-Ch4,-0.265,12.817,1.4283,2.2929,alpha,0
3,Ch5-Ch4,-0.265,17.090,1.1936,0.8093,beta,0
3,Ch5-Ch4,-0.265,20.752,0.9005,0.5495,beta,0
3,Ch5-Ch4,-0.265,25.024,1.1506,0.9744,beta,0
3,Ch5-Ch4,-0.265,31.738,0.4787,0.7180,low_gamma,0
3,Ch5-Ch4,-0.265,40.894,0.8695,1.0755,low_gamma,0
3,Ch5-Ch4,-0.265,51.880,1.0234,0.6757,high_gamma,0
3,Ch5-Ch4,-0.265,60.425,1.6342,2.5747,high_gamma,1
3,Ch5-Ch4,-0.265,75.684,1.2943,1.3298,high_gamma,0
3,Ch5-Ch4,-0.265,90.942,1.1380,1.6931,high_gamma,0
3,Ch6-Ch5,-0.115,3.052,0.5001,0.1455,delta,0
3,Ch6-Ch5,-0.115,4.883,1.7667,2.0377,theta,1
3,Ch6-Ch5,-0.115,7.935,1.1251,0.6008,theta,0
3,Ch6-Ch5,-0.115,12.817,1.5262,1.2526,alpha,0
3,Ch6-Ch5,-0.115,16.479,1.2858,0.7429,beta,0
3,Ch6-Ch5,-0.115,20.752,1.1716,1.2356,beta,0
3,Ch6-Ch5,-0.115,25.024,1.2581,1.4116,beta,0
3,Ch6-Ch5,-0.115,31.738,0.9340,0.6911,low_gamma,0
3,Ch6-Ch5,-0.115,40.894,0.9914,0.7387,low_gamma,0
3,Ch6-Ch5,-0.115,50.049,1.0002,0.7475,high_gamma,0
3,Ch6-Ch5,-0.115,60.425,1.7495,1.9627,high_gamma,0
3,Ch6-Ch5,-0.115,79.346,1.5113,1.6229,high_gamma,0
3,Ch6-Ch5,-0.115,98.267,1.1870,0.8396,high_gamma,0
3,Ch7-Ch6,+0.030,2.441,0.1129,0.4142,delta,0
3,Ch7-Ch6,+0.030,4.272,1.7193,2.2682,theta,1
3,Ch7-Ch6,+0.030,7.935,0.7268,0.2314,theta,0
3,Ch7-Ch6,+0.030,9.155,0.8889,0.5139,alpha,0
3,Ch7-Ch6,+0.030,12.207,1.0703,0.7443,alpha,0
3,Ch7-Ch6,+0.030,16.479,1.1746,0.8960,beta,0
3,Ch7-Ch6,+0.030,19.531,0.6736,0.0819,beta,0
3,Ch7-Ch6,+0.030,23.804,0.4593,0.6463,beta,0
3,Ch7-Ch6,+0.030,28.076,0.8442,1.2879,beta,0
3,Ch7-Ch6,+0.030,32.349,0.2046,0.0692,low_gamma,0
3,Ch7-Ch6,+0.030,37.231,0.5570,1.2581,low_gamma,0
3,Ch7-Ch6,+0.030,48.828,0.7360,0.6482,low_gamma,0
3,Ch7-Ch6,+0.030,56.152,1.1016,1.1438,high_gamma,0
3,Ch7-Ch6,+0.030,70.190,1.2547,1.7015,high_gamma,0
3,Ch7-Ch6,+0.030,83.618,0.9807,1.2169,high_gamma,0
3,Ch7-Ch6,+0.030,98.877,-0.0802,0.2683,high_gamma,0
3,Ch8-Ch7,+0.180,2.441,0.5254,0.3085,delta,0
3,Ch8-Ch7,+0.180,4.272,1.7492,2.1640,theta,1
3,Ch8-Ch7,+0.180,7.324,0.9336,0.2749,theta,0
3,Ch8-Ch7,+0.180,11.597,1.4618,0.8214,alpha,0
3,Ch8-Ch7,+0.180,17.090,1.6353,1.1305,beta,0
3,Ch8-Ch7,+0.180,23.804,0.9210,0.5998,beta,0
3,Ch8-Ch7,+0.180,28.076,1.3290,1.1852,beta,0
3,Ch8-Ch7,+0.180,32.349,1.0049,0.3809,low_gamma,0
3,Ch8-Ch7,+0.180,37.231,0.8276,1.6032,low_gamma,0
3,Ch8-Ch7,+0.180,48.828,1.0018,0.9034,low_gamma,0
3,Ch8-Ch7,+0.180,60.425,1.5892,1.4104,high_gamma,0
3,Ch8-Ch7,+0.180,79.346,1.5945,1.7836,high_gamma,0
3,Ch8-Ch7,+0.180,98.267,0.9761,0.6883,high_gamma,0
3,Ch9-Ch8,+0.330,3.052,0.1952,0.1028,delta,0
3,Ch9-Ch8,+0.330,4.883,1.4504,1.2777,theta,0
3,Ch9-Ch8,+0.330,7.935,1.0833,0.7585,theta,0
3,Ch9-Ch8,+0.330,11.597,1.8673,2.2722,alpha,1
3,Ch9-Ch8,+0.330,16.479,1.4364,0.8018,beta,0
3,Ch9-Ch8,+0.330,20.752,1.2289,0.8821,beta,0
3,Ch9-Ch8,+0.330,25.024,1.0913,0.9768,beta,0
3,Ch9-Ch8,+0.330,29.297,0.9219,0.6386,beta,0
3,Ch9-Ch8,+0.330,39.062,0.7974,0.4708,low_gamma,0
3,Ch9-Ch8,+0.330,50.049,0.9137,0.9125,high_gamma,0
3,Ch9-Ch8,+0.330,59.814,1.6290,1.8801,high_gamma,0
3,Ch9-Ch8,+0.330,69.580,1.6240,1.5853,high_gamma,0
3,Ch9-Ch8,+0.330,86.060,1.3564,1.4886,high_gamma,0
3,Ch10-Ch9,+0.480,3.052,0.7886,0.1433,delta,0
3,Ch10-Ch9,+0.480,5.493,1.1835,0.2763,theta,0
3,Ch10-Ch9,+0.480,8.545,1.7337,0.2510,alpha,0
3,Ch10-Ch9,+0.480,10.986,1.8396,1.9566,alpha,1
3,Ch10-Ch9,+0.480,12.817,1.7766,0.4869,alpha,0
3,Ch10-Ch9,+0.480,15.259,1.7367,1.0200,beta,0
3,Ch10-Ch9,+0.480,18.311,1.6172,0.5400,beta,0
3,Ch10-Ch9,+0.480,21.362,1.5891,0.4103,beta,0
3,Ch10-Ch9,+0.480,26.855,1.3625,0.8620,beta,0
3,Ch10-Ch9,+0.480,35.400,1.2832,0.7397,low_gamma,0
3,Ch10-Ch9,+0.480,40.894,0.4861,0.2195,low_gamma,0
3,Ch10-Ch9,+0.480,50.659,1.2791,1.2418,high_gamma,0
3,Ch10-Ch9,+0.480,64.697,1.4324,1.5016,high_gamma,0
3,Ch10-Ch9,+0.480,79.346,1.0638,1.0939,high_gamma,0
3,Ch10-Ch9,+0.480,94.604,0.8529,0.9289,high_gamma,0
3,Ch11-Ch10,+0.630,3.052,0.6956,0.2272,delta,0
3,Ch11-Ch10,+0.630,5.493,1.0357,0.2196,theta,0
3,Ch11-Ch10,+0.630,8.545,1.6141,0.2588,alpha,0
3,Ch11-Ch10,+0.630,10.986,1.6761,2.2704,alpha,1
3,Ch11-Ch10,+0.630,12.817,1.5735,0.5775,alpha,0
3,Ch11-Ch10,+0.630,15.259,1.5851,1.0181,beta,0
3,Ch11-Ch10,+0.630,18.311,1.4902,0.9521,beta,0
3,Ch11-Ch10,+0.630,21.362,1.3420,0.4853,beta,0
3,Ch11-Ch10,+0.630,25.024,1.2005,1.0688,beta,0
3,Ch11-Ch10,+0.630,35.400,1.1039,0.7476,low_gamma,0
3,Ch11-Ch10,+0.630,40.894,0.7791,0.6095,low_gamma,0
3,Ch11-Ch10,+0.630,50.659,1.0552,1.1577,high_gamma,0
3,Ch11-Ch10,+0.630,65.308,1.1438,1.5865,high_gamma,0
3,Ch11-Ch10,+0.630,77.515,0.5935,0.2665,high_gamma,0
3,Ch11-Ch10,+0.630,90.332,0.7872,1.3906,high_gamma,0
3,Ch12-Ch11,+0.780,1.831,-1.1327,0.1919,delta,0
3,Ch12-Ch11,+0.780,4.883,0.3168,1.3465,theta,0
3,Ch12-Ch11,+0.780,8.545,0.2598,0.6260,alpha,0
3,Ch12-Ch11,+0.780,12.817,0.3732,1.0860,alpha,0
3,Ch12-Ch11,+0.780,16.479,0.3595,0.7359,beta,0
3,Ch12-Ch11,+0.780,20.752,-0.0222,0.0650,beta,0
3,Ch12-Ch11,+0.780,25.024,0.2756,0.9493,beta,0
3,Ch12-Ch11,+0.780,30.518,0.4299,1.3857,low_gamma,0
3,Ch12-Ch11,+0.780,36.621,-0.0044,0.5038,low_gamma,0
3,Ch12-Ch11,+0.780,43.945,0.4719,1.0067,low_gamma,0
3,Ch12-Ch11,+0.780,51.270,-0.3185,0.1238,high_gamma,0
3,Ch12-Ch11,+0.780,60.425,0.4685,0.9660,high_gamma,0
3,Ch12-Ch11,+0.780,69.580,0.5843,1.2116,high_gamma,1
3,Ch12-Ch11,+0.780,91.553,0.3984,0.8235,high_gamma,0
3,Ch13-Ch12,+0.930,4.883,2.0265,0.8004,theta,0
3,Ch13-Ch12,+0.930,8.545,1.9232,0.4016,alpha,0
3,Ch13-Ch12,+0.930,11.597,2.0946,2.3986,alpha,1
3,Ch13-Ch12,+0.930,15.259,1.7772,0.9787,beta,0
3,Ch13-Ch12,+0.930,18.311,1.6051,0.5123,beta,0
3,Ch13-Ch12,+0.930,24.414,1.3234,0.7762,beta,0
3,Ch13-Ch12,+0.930,29.907,1.0162,0.3827,beta,0
3,Ch13-Ch12,+0.930,39.673,0.8953,0.6183,low_gamma,0
3,Ch13-Ch12,+0.930,48.218,1.0587,0.8175,low_gamma,0
3,Ch13-Ch12,+0.930,56.152,1.0500,1.7172,high_gamma,0
3,Ch13-Ch12,+0.930,65.918,1.0427,1.0203,high_gamma,0
3,Ch13-Ch12,+0.930,77.515,0.5890,0.6805,high_gamma,0
3,Ch13-Ch12,+0.930,90.332,0.7040,1.1514,high_gamma,0
3,Ch14-Ch13,+1.080,4.883,2.1599,0.8350,theta,0
3,Ch14-Ch13,+1.080,8.545,2.0382,0.4153,alpha,0
3,Ch14-Ch13,+1.080,11.597,2.2360,2.4473,alpha,1
3,Ch14-Ch13,+1.080,15.259,1.8920,0.9882,beta,0
3,Ch14-Ch13,+1.080,18.311,1.7079,0.4611,beta,0
3,Ch14-Ch13,+1.080,24.414,1.4234,0.6837,beta,0
3,Ch14-Ch13,+1.080,29.907,1.1379,0.4725,beta,0
3,Ch14-Ch13,+1.080,39.673,0.9283,0.8337,low_gamma,0
3,Ch14-Ch13,+1.080,48.218,1.1123,1.0356,low_gamma,0
3,Ch14-Ch13,+1.080,56.152,1.1658,1.5590,high_gamma,0
3,Ch14-Ch13,+1.080,70.801,0.8039,0.7410,high_gamma,0
3,Ch14-Ch13,+1.080,90.332,0.6634,1.2986,high_gamma,0
3,Ch15-Ch14,+1.230,4.883,-0.0804,0.8082,theta,0
3,Ch15-Ch14,+1.230,8.545,0.2689,1.0018,alpha,0
3,Ch15-Ch14,+1.230,11.597,0.1427,0.2643,alpha,0
3,Ch15-Ch14,+1.230,13.428,0.2890,2.0661,beta,1
3,Ch15-Ch14,+1.230,15.869,0.1916,0.7667,beta,0
3,Ch15-Ch14,+1.230,18.311,0.1699,0.5193,beta,0
3,Ch15-Ch14,+1.230,22.583,-0.4369,0.3239,beta,0
3,Ch15-Ch14,+1.230,26.855,-0.1271,0.9548,beta,0
3,Ch15-Ch14,+1.230,31.738,-0.3856,0.3190,low_gamma,0
3,Ch15-Ch14,+1.230,39.673,-0.4297,0.7082,low_gamma,0
3,Ch15-Ch14,+1.230,48.218,-0.2129,1.2189,low_gamma,0
3,Ch15-Ch14,+1.230,55.542,-0.5580,0.6008,high_gamma,0
3,Ch15-Ch14,+1.230,65.308,-0.1967,1.2848,high_gamma,0
3,Ch15-Ch14,+1.230,86.060,-0.0924,1.3245,high_gamma,0
4,Ch1-Ch0,-0.865,3.662,-1.3161,0.3144,delta,0
4,Ch1-Ch0,-0.865,5.493,-1.2772,0.6095,theta,0
4,Ch1-Ch0,-0.865,8.545,-0.1567,0.3282,alpha,0
4,Ch1-Ch0,-0.865,10.986,0.6348,2.6663,alpha,1
4,Ch1-Ch0,-0.865,13.428,0.0810,0.7020,beta,0
4,Ch1-Ch0,-0.865,16.479,-0.1690,0.4107,beta,0
4,Ch1-Ch0,-0.865,20.142,-0.1147,0.5738,beta,0
4,Ch1-Ch0,-0.865,25.635,0.0119,1.2286,beta,0
4,Ch1-Ch0,-0.865,32.349,-0.0873,1.1532,low_gamma,0
4,Ch1-Ch0,-0.865,42.725,-0.4605,0.7082,low_gamma,0
4,Ch1-Ch0,-0.865,51.270,0.0255,0.8982,high_gamma,0
4,Ch1-Ch0,-0.865,63.477,0.1924,1.4738,high_gamma,0
4,Ch1-Ch0,-0.865,78.735,0.2165,1.8724,high_gamma,0
4,Ch1-Ch0,-0.865,92.773,-0.6112,0.9907,high_gamma,0
4,Ch2-Ch1,-0.715,3.662,-0.9446,0.3117,delta,0
4,Ch2-Ch1,-0.715,4.883,-0.7480,0.6939,theta,0
4,Ch2-Ch1,-0.715,8.545,0.3097,0.3395,alpha,0
4,Ch2-Ch1,-0.715,10.986,1.0907,2.5762,alpha,1
4,Ch2-Ch1,-0.715,13.428,0.5893,0.7581,beta,0
4,Ch2-Ch1,-0.715,16.479,0.3736,0.3604,beta,0
4,Ch2-Ch1,-0.715,20.752,0.3469,0.6441,beta,0
4,Ch2-Ch1,-0.715,25.635,0.4550,1.0905,beta,0
4,Ch2-Ch1,-0.715,32.349,0.3540,1.1253,low_gamma,0
4,Ch2-Ch1,-0.715,40.894,0.1472,0.6926,low_gamma,0
4,Ch2-Ch1,-0.715,51.270,0.4452,0.9580,high_gamma,0
4,Ch2-Ch1,-0.715,63.477,0.6948,2.0909,high_gamma,0
4,Ch2-Ch1,-0.715,78.735,0.5942,1.4855,high_gamma,0
4,Ch2-Ch1,-0.715,90.942,-0.1987,1.0004,high_gamma,0
4,Ch3-Ch2,-0.565,3.052,-0.1809,0.6255,delta,0
4,Ch3-Ch2,-0.565,4.883,0.1049,0.5779,theta,0
4,Ch3-Ch2,-0.565,6.714,-0.1627,0.1842,theta,0
4,Ch3-Ch2,-0.565,8.545,0.6727,0.1265,alpha,0
4,Ch3-Ch2,-0.565,10.986,1.6129,2.4321,alpha,1
4,Ch3-Ch2,-0.565,13.428,0.7509,0.4565,beta,0
4,Ch3-Ch2,-0.565,16.479,0.0149,0.2792,beta,0
4,Ch3-Ch2,-0.565,20.752,0.7610,1.3038,beta,0
4,Ch3-Ch2,-0.565,25.635,0.3606,0.7642,beta,0
4,Ch3-Ch2,-0.565,35.400,0.5982,1.4102,low_gamma,0
4,Ch3-Ch2,-0.565,40.894,0.4156,0.9991,low_gamma,0
4,Ch3-Ch2,-0.565,46.997,0.4431,0.4259,low_gamma,0
4,Ch3-Ch2,-0.565,57.373,0.9542,1.6151,high_gamma,0
4,Ch3-Ch2,-0.565,66.528,0.8774,1.0420,high_gamma,0
4,Ch3-Ch2,-0.565,78.735,0.7541,1.3680,high_gamma,0
4,Ch3-Ch2,-0.565,93.384,0.2728,0.3830,high_gamma,0
4,Ch4-Ch3,-0.415,3.052,0.2095,0.3386,delta,0
4,Ch4-Ch3,-0.415,4.883,0.4044,0.8165,theta,0
4,Ch4-Ch3,-0.415,7.935,0.6018,0.3405,theta,0
4,Ch4-Ch3,-0.415,9.766,0.8518,1.3937,alpha,0
4,Ch4-Ch3,-0.415,14.038,0.6401,0.6039,beta,0
4,Ch4-Ch3,-0.415,16.479,0.7366,0.8196,beta,0
4,Ch4-Ch3,-0.415,19.531,0.6651,0.8797,beta,0
4,Ch4-Ch3,-0.415,25.635,0.4737,1.2769,beta,0
4,Ch4-Ch3,-0.415,32.959,0.5238,1.2562,low_gamma,0
4,Ch4-Ch3,-0.415,42.725,0.3172,0.5208,low_gamma,0
4,Ch4-Ch3,-0.415,56.763,1.1289,1.0185,high_gamma,0
4,Ch4-Ch3,-0.415,67.139,1.1567,1.7991,high_gamma,1
4,Ch4-Ch3,-0.415,81.787,1.0104,1.6460,high_gamma,0
4,Ch4-Ch3,-0.415,96.436,0.2192,0.6591,high_gamma,0
4,Ch5-Ch4,-0.265,3.052,0.7496,0.4413,delta,0
4,Ch5-Ch4,-0.265,4.883,1.3209,1.7179,theta,0
4,Ch5-Ch4,-0.265,7.935,0.7411,0.2601,theta,0
4,Ch5-Ch4,-0.265,10.376,1.2471,1.0263,alpha,0
4,Ch5-Ch4,-0.265,12.207,1.0551,0.2282,alpha,0
4,Ch5-Ch4,-0.265,14.648,1.1468,0.3927,beta,0
4,Ch5-Ch4,-0.265,19.531,1.1978,1.0311,beta,0
4,Ch5-Ch4,-0.265,23.804,0.5155,0.1420,beta,0
4,Ch5-Ch4,-0.265,27.466,0.7807,1.1700,beta,0
4,Ch5-Ch4,-0.265,34.790,0.8758,0.8400,low_gamma,0
4,Ch5-Ch4,-0.265,40.894,0.4188,0.1727,low_gamma,0
4,Ch5-Ch4,-0.265,48.218,0.9699,0.9224,low_gamma,0
4,Ch5-Ch4,-0.265,56.763,1.2095,1.2564,high_gamma,0
4,Ch5-Ch4,-0.265,71.411,1.4554,1.8987,high_gamma,1
4,Ch5-Ch4,-0.265,87.280,0.9265,0.9015,high_gamma,0
4,Ch6-Ch5,-0.115,3.052,1.0232,0.1815,delta,0
4,Ch6-Ch5,-0.115,4.883,1.6832,2.4120,theta,1
4,Ch6-Ch5,-0.115,7.324,0.8876,0.1296,theta,0
4,Ch6-Ch5,-0.115,10.376,1.3484,0.1815,alpha,0
4,Ch6-Ch5,-0.115,12.207,1.5563,0.8181,alpha,0
4,Ch6-Ch5,-0.115,14.648,1.3546,0.3656,beta,0
4,Ch6-Ch5,-0.115,20.142,1.0789,1.2121,beta,0
4,Ch6-Ch5,-0.115,27.466,1.0093,0.8478,beta,0
4,Ch6-Ch5,-0.115,32.349,0.2969,0.2301,low_gamma,0
4,Ch6-Ch5,-0.115,39.673,0.9942,1.0993,low_gamma,0
4,Ch6-Ch5,-0.115,48.828,1.2491,1.9735,low_gamma,0
4,Ch6-Ch5,-0.115,64.697,1.3712,1.1143,high_gamma,0
4,Ch6-Ch5,-0.115,78.125,1.5250,1.5797,high_gamma,0
4,Ch6-Ch5,-0.115,90.332,1.0217,0.8695,high_gamma,0
4,Ch7-Ch6,+0.030,4.272,1.4244,1.6121,theta,1
4,Ch7-Ch6,+0.030,6.714,0.7656,0.1553,theta,0
4,Ch7-Ch6,+0.030,8.545,0.9168,0.3236,alpha,0
4,Ch7-Ch6,+0.030,12.207,1.2395,0.8299,alpha,0
4,Ch7-Ch6,+0.030,15.869,1.1903,0.6658,beta,0
4,Ch7-Ch6,+0.030,19.531,1.1729,0.9531,beta,0
4,Ch7-Ch6,+0.030,25.635,0.8579,0.6292,beta,0
4,Ch7-Ch6,+0.030,34.790,0.8414,0.8473,low_gamma,0
4,Ch7-Ch6,+0.030,42.114,0.7272,0.6625,low_gamma,0
4,Ch7-Ch6,+0.030,48.828,0.8163,0.9143,low_gamma,0
4,Ch7-Ch6,+0.030,56.763,1.3503,1.4543,high_gamma,0
4,Ch7-Ch6,+0.030,68.359,0.8700,0.3459,high_gamma,0
4,Ch7-Ch6,+0.030,80.566,0.8606,1.6016,high_gamma,0
4,Ch7-Ch6,+0.030,96.436,0.6961,0.7858,high_gamma,0
4,Ch8-Ch7,+0.180,4.272,1.5833,1.5672,theta,1
4,Ch8-Ch7,+0.180,6.714,0.8084,0.1377,theta,0
4,Ch8-Ch7,+0.180,10.376,1.2257,0.6727,alpha,0
4,Ch8-Ch7,+0.180,14.648,1.3759,0.8607,beta,0
4,Ch8-Ch7,+0.180,19.531,1.5626,1.2233,beta,0
4,Ch8-Ch7,+0.180,25.635,1.0601,0.4178,beta,0
4,Ch8-Ch7,+0.180,34.790,1.1834,0.7765,low_gamma,0
4,Ch8-Ch7,+0.180,46.387,1.1209,1.0866,low_gamma,0
4,Ch8-Ch7,+0.180,56.763,1.3173,0.8591,high_gamma,0
4,Ch8-Ch7,+0.180,71.411,1.5780,1.8156,high_gamma,0
4,Ch8-Ch7,+0.180,90.332,1.0500,1.1422,high_gamma,0
4,Ch9-Ch8,+0.330,3.052,0.7853,0.3140,delta,0
4,Ch9-Ch8,+0.330,4.883,1.4150,1.3596,theta,0
4,Ch9-Ch8,+0.330,10.376,1.6140,0.0714,alpha,0
4,Ch9-Ch8,+0.330,12.207,1.6714,2.5380,alpha,1
4,Ch9-Ch8,+0.330,14.648,1.5518,0.2389,beta,0
4,Ch9-Ch8,+0.330,20.142,0.9949,1.4442,beta,0
4,Ch9-Ch8,+0.330,23.193,0.0757,0.1766,beta,0
4,Ch9-Ch8,+0.330,27.466,0.9227,1.3771,beta,0
4,Ch9-Ch8,+0.330,32.349,0.6197,1.0381,low_gamma,0
4,Ch9-Ch8,+0.330,39.673,1.0842,0.7366,low_gamma,0
4,Ch9-Ch8,+0.330,52.490,1.3616,1.5799,high_gamma,0
4,Ch9-Ch8,+0.330,64.697,1.4321,1.9231,high_gamma,0
4,Ch9-Ch8,+0.330,78.125,1.3398,1.0419,high_gamma,0
4,Ch9-Ch8,+0.330,92.773,1.0468,1.2077,high_gamma,0
4,Ch10-Ch9,+0.480,4.272,1.3102,0.6374,theta,0
4,Ch10-Ch9,+0.480,7.935,1.2276,0.1865,theta,0
4,Ch10-Ch9,+0.480,10.376,1.9759,2.0313,alpha,1
4,Ch10-Ch9,+0.480,14.038,1.7739,0.2325,beta,0
4,Ch10-Ch9,+0.480,18.921,1.4656,0.4977,beta,0
4,Ch10-Ch9,+0.480,21.973,1.6549,1.0379,beta,0
4,Ch10-Ch9,+0.480,27.466,1.3715,0.6529,beta,0
4,Ch10-Ch9,+0.480,35.400,0.9573,0.9476,low_gamma,0
4,Ch10-Ch9,+0.480,44.556,1.0087,1.4241,low_gamma,0
4,Ch10-Ch9,+0.480,56.763,1.5495,1.3439,high_gamma,0
4,Ch10-Ch9,+0.480,66.528,1.5734,2.1827,high_gamma,0
4,Ch10-Ch9,+0.480,82.397,1.2230,1.6571,high_gamma,0
4,Ch10-Ch9,+0.480,98.877,0.9761,0.7363,high_gamma,0
4,Ch11-Ch10,+0.630,3.052,0.5309,0.0777,delta,0
4,Ch11-Ch10,+0.630,4.272,1.1297,0.5226,theta,0
4,Ch11-Ch10,+0.630,7.935,1.0987,0.1619,theta,0
4,Ch11-Ch10,+0.630,10.376,1.7975,1.9864,alpha,1
4,Ch11-Ch10,+0.630,14.038,1.5446,0.2649,beta,0
4,Ch11-Ch10,+0.630,18.921,1.4578,0.6469,beta,0
4,Ch11-Ch10,+0.630,21.973,1.5578,1.2097,beta,0
4,Ch11-Ch10,+0.630,27.466,1.2258,0.7999,beta,0
4,Ch11-Ch10,+0.630,35.400,0.9834,0.9013,low_gamma,0
4,Ch11-Ch10,+0.630,41.504,0.3746,0.2968,low_gamma,0
4,Ch11-Ch10,+0.630,48.828,0.7445,1.0934,low_gamma,0
4,Ch11-Ch10,+0.630,56.763,1.2973,1.5369,high_gamma,0
4,Ch11-Ch10,+0.630,66.528,1.3654,1.9081,high_gamma,0
4,Ch11-Ch10,+0.630,83.008,0.9930,1.0583,high_gamma,0
4,Ch11-Ch10,+0.630,98.877,0.8091,0.3299,high_gamma,0
4,Ch12-Ch11,+0.780,4.272,0.2023,0.7281,theta,0
4,Ch12-Ch11,+0.780,9.766,0.0866,0.3640,alpha,0
4,Ch12-Ch11,+0.780,12.207,0.3172,1.4095,alpha,0
4,Ch12-Ch11,+0.780,15.869,0.1908,0.5963,beta,0
4,Ch12-Ch11,+0.780,21.973,0.1977,1.1892,beta,0
4,Ch12-Ch11,+0.780,27.466,0.2492,1.3194,beta,0
4,Ch12-Ch11,+0.780,33.569,-0.3342,0.7398,low_gamma,0
4,Ch12-Ch11,+0.780,42.725,0.1067,0.7265,low_gamma,0
4,Ch12-Ch11,+0.780,53.101,0.4291,0.5844,high_gamma,0
4,Ch12-Ch11,+0.780,65.308,0.5303,1.0511,high_gamma,1
4,Ch12-Ch11,+0.780,80.566,0.5298,0.9602,high_gamma,0
4,Ch12-Ch11,+0.780,93.994,0.1277,0.4486,high_gamma,0
4,Ch13-Ch12,+0.930,4.883,1.7437,0.5644,theta,0
4,Ch13-Ch12,+0.930,7.935,1.3785,0.1906,theta,0
4,Ch13-Ch12,+0.930,10.376,2.0944,2.1862,alpha,1
4,Ch13-Ch12,+0.930,14.038,1.8144,0.6118,beta,0
4,Ch13-Ch12,+0.930,18.921,1.5271,0.9090,beta,0
4,Ch13-Ch12,+0.930,21.973,1.4898,0.7698,beta,0
4,Ch13-Ch12,+0.930,27.466,1.1620,0.5308,beta,0
4,Ch13-Ch12,+0.930,35.400,0.9345,1.0012,low_gamma,0
4,Ch13-Ch12,+0.930,41.504,0.2222,0.0931,low_gamma,0
4,Ch13-Ch12,+0.930,48.828,0.7729,0.8207,low_gamma,0
4,Ch13-Ch12,+0.930,56.763,1.1488,1.3020,high_gamma,0
4,Ch13-Ch12,+0.930,66.528,1.3174,1.6335,high_gamma,0
4,Ch13-Ch12,+0.930,82.397,0.8241,1.2765,high_gamma,0
4,Ch13-Ch12,+0.930,97.656,0.1613,0.6114,high_gamma,0
4,Ch14-Ch13,+1.080,4.883,1.8851,0.6016,theta,0
4,Ch14-Ch13,+1.080,7.935,1.5034,0.2164,theta,0
4,Ch14-Ch13,+1.080,10.986,2.2293,2.2231,alpha,1
4,Ch14-Ch13,+1.080,14.038,1.9265,0.5732,beta,0
4,Ch14-Ch13,+1.080,18.921,1.6366,0.9467,beta,0
4,Ch14-Ch13,+1.080,21.973,1.5589,0.7447,beta,0
4,Ch14-Ch13,+1.080,27.466,1.2113,0.5199,beta,0
4,Ch14-Ch13,+1.080,35.400,1.0673,1.0653,low_gamma,0
4,Ch14-Ch13,+1.080,41.504,0.3654,0.2761,low_gamma,0
4,Ch14-Ch13,+1.080,48.828,0.8250,0.9416,low_gamma,0
4,Ch14-Ch13,+1.080,56.763,1.1165,1.2844,high_gamma,0
4,Ch14-Ch13,+1.080,66.528,1.2635,1.6206,high_gamma,0
4,Ch14-Ch13,+1.080,82.397,0.6891,1.1799,high_gamma,0
4,Ch14-Ch13,+1.080,95.825,0.2950,0.5377,high_gamma,0
4,Ch15-Ch14,+1.230,4.883,-0.3382,0.8815,theta,0
4,Ch15-Ch14,+1.230,8.545,-0.4509,0.1450,alpha,0
4,Ch15-Ch14,+1.230,10.376,0.3374,2.0776,alpha,1
4,Ch15-Ch14,+1.230,14.648,0.0933,0.7063,beta,0
4,Ch15-Ch14,+1.230,18.921,0.0414,1.2625,beta,0
4,Ch15-Ch14,+1.230,21.973,-0.0739,1.0622,beta,0
4,Ch15-Ch14,+1.230,27.466,-0.3130,0.7030,beta,0
4,Ch15-Ch14,+1.230,35.400,-0.2769,1.0106,low_gamma,0
4,Ch15-Ch14,+1.230,42.114,-0.5181,0.7561,low_gamma,0
4,Ch15-Ch14,+1.230,53.101,-0.4095,0.9447,high_gamma,0
4,Ch15-Ch14,+1.230,61.646,-0.8697,0.3623,high_gamma,0
4,Ch15-Ch14,+1.230,73.242,-0.2503,1.4491,high_gamma,0
4,Ch15-Ch14,+1.230,92.163,-0.2528,1.1396,high_gamma,0
5,Ch1-Ch0,-0.865,3.662,-0.9815,0.3422,delta,0
5,Ch1-Ch0,-0.865,7.935,-0.2059,0.1076,theta,0
5,Ch1-Ch0,-0.865,9.155,0.2713,0.1561,alpha,0
5,Ch1-Ch0,-0.865,10.986,0.3603,1.6581,alpha,1
5,Ch1-Ch0,-0.865,13.428,0.2988,0.5895,beta,0
5,Ch1-Ch0,-0.865,16.479,0.0044,0.2629,beta,0
5,Ch1-Ch0,-0.865,19.531,0.1990,0.6467,beta,0
5,Ch1-Ch0,-0.865,23.193,-0.1740,0.5888,beta,0
5,Ch1-Ch0,-0.865,29.297,-0.0185,1.2402,beta,0
5,Ch1-Ch0,-0.865,35.400,-0.4523,0.2657,low_gamma,0
5,Ch1-Ch0,-0.865,42.114,0.0189,1.1495,low_gamma,0
5,Ch1-Ch0,-0.865,50.659,0.1842,0.8167,high_gamma,0
5,Ch1-Ch0,-0.865,59.204,0.3345,1.6323,high_gamma,0
5,Ch1-Ch0,-0.865,77.515,0.0264,0.9714,high_gamma,0
5,Ch1-Ch0,-0.865,95.215,-0.5665,0.6980,high_gamma,0
5,Ch2-Ch1,-0.715,3.662,-0.5901,0.2908,delta,0
5,Ch2-Ch1,-0.715,7.935,0.2346,0.0695,theta,0
5,Ch2-Ch1,-0.715,9.155,0.7382,0.1658,alpha,0
5,Ch2-Ch1,-0.715,10.986,0.7812,0.6197,alpha,0
5,Ch2-Ch1,-0.715,13.428,0.7874,1.8286,beta,0
5,Ch2-Ch1,-0.715,15.869,0.4901,0.2119,beta,0
5,Ch2-Ch1,-0.715,19.531,0.6098,0.5762,beta,0
5,Ch2-Ch1,-0.715,23.193,0.2190,0.5204,beta,0
5,Ch2-Ch1,-0.715,29.297,0.4524,1.3364,beta,0
5,Ch2-Ch1,-0.715,35.400,-0.0213,0.3489,low_gamma,0
5,Ch2-Ch1,-0.715,42.114,0.4385,1.1332,low_gamma,0
5,Ch2-Ch1,-0.715,50.659,0.6567,0.8340,high_gamma,0
5,Ch2-Ch1,-0.715,59.204,0.8251,1.9120,high_gamma,1
5,Ch2-Ch1,-0.715,77.515,0.5052,0.9868,high_gamma,0
5,Ch2-Ch1,-0.715,92.773,-0.2701,0.6295,high_gamma,0
5,Ch3-Ch2,-0.565,3.662,0.0233,0.6509,delta,0
5,Ch3-Ch2,-0.565,4.883,-0.2378,0.1026,theta,0
5,Ch3-Ch2,-0.565,10.986,1.3376,2.2074,alpha,1
5,Ch3-Ch2,-0.565,13.428,0.8279,0.3131,beta,0
5,Ch3-Ch2,-0.565,16.479,0.4326,0.2196,beta,0
5,Ch3-Ch2,-0.565,19.531,0.8225,0.7179,beta,0
5,Ch3-Ch2,-0.565,22.583,0.2489,0.5667,beta,0
5,Ch3-Ch2,-0.565,29.297,0.5651,0.8833,beta,0
5,Ch3-Ch2,-0.565,35.400,0.0126,0.2529,low_gamma,0
5,Ch3-Ch2,-0.565,42.725,0.6221,0.9211,low_gamma,0
5,Ch3-Ch2,-0.565,50.659,0.5576,0.3253,high_gamma,0
5,Ch3-Ch2,-0.565,59.204,1.2088,1.8185,high_gamma,0
5,Ch3-Ch2,-0.565,68.359,0.8055,0.6789,high_gamma,0
5,Ch3-Ch2,-0.565,82.397,1.0161,1.2122,high_gamma,0
5,Ch3-Ch2,-0.565,98.877,0.2730,0.3898,high_gamma,0
5,Ch4-Ch3,-0.415,4.272,0.6282,0.2341,theta,0
5,Ch4-Ch3,-0.415,5.493,0.8652,1.3269,theta,0
5,Ch4-Ch3,-0.415,7.324,0.7037,0.5259,theta,0
5,Ch4-Ch3,-0.415,10.986,0.6729,0.7192,alpha,0
5,Ch4-Ch3,-0.415,14.648,0.7185,0.8958,beta,0
5,Ch4-Ch3,-0.415,20.142,0.7289,0.6772,beta,0
5,Ch4-Ch3,-0.415,23.193,0.8926,1.8022,beta,0
5,Ch4-Ch3,-0.415,29.297,0.6188,0.6589,beta,0
5,Ch4-Ch3,-0.415,36.011,0.2368,0.0564,low_gamma,0
5,Ch4-Ch3,-0.415,42.114,0.5946,1.1076,low_gamma,0
5,Ch4-Ch3,-0.415,48.828,0.6021,0.7096,low_gamma,0
5,Ch4-Ch3,-0.415,57.983,0.9529,1.1289,high_gamma,0
5,Ch4-Ch3,-0.415,70.190,1.0014,0.9085,high_gamma,0
5,Ch4-Ch3,-0.415,81.787,1.0591,1.5801,high_gamma,1
5,Ch4-Ch3,-0.415,94.604,0.1425,0.3977,high_gamma,0
5,Ch5-Ch4,-0.265,4.272,1.4068,2.2583,theta,1
5,Ch5-Ch4,-0.265,5.493,1.3730,0.1686,theta,0
5,Ch5-Ch4,-0.265,7.324,1.1247,0.5005,theta,0
5,Ch5-Ch4,-0.265,9.155,0.5431,0.1800,alpha,0
5,Ch5-Ch4,-0.265,10.986,0.9796,0.6690,alpha,0
5,Ch5-Ch4,-0.265,12.817,0.8591,0.5169,alpha,0
5,Ch5-Ch4,-0.265,15.869,1.2031,0.7714,beta,0
5,Ch5-Ch4,-0.265,19.531,1.2595,1.5458,beta,0
5,Ch5-Ch4,-0.265,23.193,1.0913,0.5907,beta,0
5,Ch5-Ch4,-0.265,33.569,0.5082,0.7366,low_gamma,0
5,Ch5-Ch4,-0.265,43.335,0.8227,0.7557,low_gamma,0
5,Ch5-Ch4,-0.265,50.659,0.6780,0.4300,high_gamma,0
5,Ch5-Ch4,-0.265,59.204,1.3330,1.3436,high_gamma,0
5,Ch5-Ch4,-0.265,69.580,0.8683,0.7244,high_gamma,0
5,Ch5-Ch4,-0.265,80.566,1.3894,2.0633,high_gamma,0
5,Ch5-Ch4,-0.265,94.604,0.7322,1.2032,high_gamma,0
5,Ch6-Ch5,-0.115,4.272,1.7637,2.0279,theta,1
5,Ch6-Ch5,-0.115,5.493,1.7112,0.1319,theta,0
5,Ch6-Ch5,-0.115,7.324,1.1339,0.5287,theta,0
5,Ch6-Ch5,-0.115,9.155,0.8559,0.3235,alpha,0
5,Ch6-Ch5,-0.115,10.986,0.9560,0.3293,alpha,0
5,Ch6-Ch5,-0.115,13.428,1.3333,0.6579,beta,0
5,Ch6-Ch5,-0.115,15.869,1.4785,0.9686,beta,0
5,Ch6-Ch5,-0.115,21.973,0.9715,0.6096,beta,0
5,Ch6-Ch5,-0.115,26.245,0.7761,0.3183,beta,0
5,Ch6-Ch5,-0.115,31.128,0.4365,0.2011,low_gamma,0
5,Ch6-Ch5,-0.115,37.231,0.4912,0.4327,low_gamma,0
5,Ch6-Ch5,-0.115,43.335,1.2421,1.2519,low_gamma,0
5,Ch6-Ch5,-0.115,50.659,0.5583,0.0932,high_gamma,0
5,Ch6-Ch5,-0.115,59.204,1.4231,1.1976,high_gamma,0
5,Ch6-Ch5,-0.115,68.970,1.6162,1.6761,high_gamma,0
5,Ch6-Ch5,-0.115,80.566,1.5885,1.0930,high_gamma,0
5,Ch6-Ch5,-0.115,95.215,0.9318,0.4870,high_gamma,0
5,Ch7-Ch6,+0.030,4.272,1.7976,2.6860,theta,1
5,Ch7-Ch6,+0.030,7.324,1.0666,0.1687,theta,0
5,Ch7-Ch6,+0.030,9.766,1.0967,0.7164,alpha,0
5,Ch7-Ch6,+0.030,11.597,0.6823,0.4794,alpha,0
5,Ch7-Ch6,+0.030,16.479,1.0906,0.6041,beta,0
5,Ch7-Ch6,+0.030,20.752,1.3127,1.2932,beta,0
5,Ch7-Ch6,+0.030,29.907,0.9134,1.1633,beta,0
5,Ch7-Ch6,+0.030,37.842,0.5483,0.6890,low_gamma,0
5,Ch7-Ch6,+0.030,43.945,0.2025,0.4328,low_gamma,0
5,Ch7-Ch6,+0.030,51.880,0.7810,1.0426,high_gamma,0
5,Ch7-Ch6,+0.030,62.866,1.3793,2.0012,high_gamma,0
5,Ch7-Ch6,+0.030,75.684,1.1464,1.6152,high_gamma,0
5,Ch7-Ch6,+0.030,90.942,0.9351,0.9702,high_gamma,0
5,Ch8-Ch7,+0.180,4.272,1.9322,2.5691,theta,1
5,Ch8-Ch7,+0.180,7.324,1.2136,0.3113,theta,0
5,Ch8-Ch7,+0.180,9.766,1.2300,0.5149,alpha,0
5,Ch8-Ch7,+0.180,11.597,0.8238,0.4250,alpha,0
5,Ch8-Ch7,+0.180,16.479,1.3916,1.0560,beta,0
5,Ch8-Ch7,+0.180,20.752,1.4184,1.4810,beta,0
5,Ch8-Ch7,+0.180,25.635,0.8234,0.5325,beta,0
5,Ch8-Ch7,+0.180,29.907,1.1738,1.1284,beta,0
5,Ch8-Ch7,+0.180,37.842,0.6867,1.0301,low_gamma,0
5,Ch8-Ch7,+0.180,45.166,1.0036,1.0426,low_gamma,0
5,Ch8-Ch7,+0.180,59.204,1.3535,1.3550,high_gamma,0
5,Ch8-Ch7,+0.180,75.684,1.4880,1.8227,high_gamma,0
5,Ch8-Ch7,+0.180,95.215,1.0424,1.2282,high_gamma,0
5,Ch9-Ch8,+0.330,4.272,1.4450,1.5748,theta,0
5,Ch9-Ch8,+0.330,5.493,1.3890,0.1581,theta,0
5,Ch9-Ch8,+0.330,7.324,1.2285,0.7396,theta,0
5,Ch9-Ch8,+0.330,10.986,1.2033,0.4310,alpha,0
5,Ch9-Ch8,+0.330,13.428,1.6152,0.8448,beta,0
5,Ch9-Ch8,+0.330,15.869,1.6287,1.7699,beta,1
5,Ch9-Ch8,+0.330,19.531,0.9141,0.3449,beta,0
5,Ch9-Ch8,+0.330,23.193,0.8971,0.5518,beta,0
5,Ch9-Ch8,+0.330,31.738,0.7504,1.0577,low_gamma,0
5,Ch9-Ch8,+0.330,37.231,-0.0152,0.2467,low_gamma,0
5,Ch9-Ch8,+0.330,43.335,1.1206,1.4811,low_gamma,0
5,Ch9-Ch8,+0.330,51.270,0.8810,0.5702,high_gamma,0
5,Ch9-Ch8,+0.330,59.204,1.5337,1.7929,high_gamma,0
5,Ch9-Ch8,+0.330,68.970,1.2502,0.8801,high_gamma,0
5,Ch9-Ch8,+0.330,80.566,1.4758,1.4008,high_gamma,0
5,Ch9-Ch8,+0.330,93.384,0.6545,0.5286,high_gamma,0
5,Ch10-Ch9,+0.480,4.272,1.6228,1.4764,theta,0
5,Ch10-Ch9,+0.480,5.493,1.4783,0.2712,theta,0
5,Ch10-Ch9,+0.480,7.324,0.7473,0.0581,theta,0
5,Ch10-Ch9,+0.480,9.155,1.3460,0.2501,alpha,0
5,Ch10-Ch9,+0.480,10.986,1.4687,0.4215,alpha,0
5,Ch10-Ch9,+0.480,12.817,1.3097,0.1491,alpha,0
5,Ch10-Ch9,+0.480,15.869,1.7173,1.1086,beta,0
5,Ch10-Ch9,+0.480,20.752,1.7826,1.8377,beta,1
5,Ch10-Ch9,+0.480,27.466,1.4855,0.4042,beta,0
5,Ch10-Ch9,+0.480,33.569,1.0734,0.4621,low_gamma,0
5,Ch10-Ch9,+0.480,39.673,0.7250,0.0992,low_gamma,0
5,Ch10-Ch9,+0.480,46.997,1.2540,1.5398,low_gamma,0
5,Ch10-Ch9,+0.480,54.321,0.8755,0.2753,high_gamma,0
5,Ch10-Ch9,+0.480,63.477,1.6103,1.7293,high_gamma,0
5,Ch10-Ch9,+0.480,81.787,1.2189,1.2569,high_gamma,0
5,Ch10-Ch9,+0.480,96.436,0.7032,0.6684,high_gamma,0
5,Ch11-Ch10,+0.630,4.272,1.4165,1.4522,theta,0
5,Ch11-Ch10,+0.630,5.493,1.2884,0.2010,theta,0
5,Ch11-Ch10,+0.630,7.324,0.5800,0.1093,theta,0
5,Ch11-Ch10,+0.630,9.155,1.2265,0.5294,alpha,0
5,Ch11-Ch10,+0.630,10.986,1.2005,0.2731,alpha,0
5,Ch11-Ch10,+0.630,15.869,1.5920,1.8188,beta,1
5,Ch11-Ch10,+0.630,20.752,1.5623,1.2063,beta,0
5,Ch11-Ch10,+0.630,26.245,1.2330,0.2727,beta,0
5,Ch11-Ch10,+0.630,31.128,0.9183,0.7538,low_gamma,0
5,Ch11-Ch10,+0.630,37.842,0.7632,0.4570,low_gamma,0
5,Ch11-Ch10,+0.630,48.218,1.1452,1.1874,low_gamma,0
5,Ch11-Ch10,+0.630,63.477,1.4656,1.6994,high_gamma,0
5,Ch11-Ch10,+0.630,81.787,1.0384,1.5117,high_gamma,0
5,Ch11-Ch10,+0.630,95.215,0.6564,0.7456,high_gamma,0
5,Ch12-Ch11,+0.780,4.272,0.6976,2.0416,theta,1
5,Ch12-Ch11,+0.780,8.545,-0.0828,0.3758,alpha,0
5,Ch12-Ch11,+0.780,13.428,0.2413,0.2569,beta,0
5,Ch12-Ch11,+0.780,15.869,0.5413,1.4981,beta,0
5,Ch12-Ch11,+0.780,21.973,0.3743,1.4667,beta,0
5,Ch12-Ch11,+0.780,26.245,0.3364,0.6385,beta,0
5,Ch12-Ch11,+0.780,31.738,-0.0073,0.9595,low_gamma,0
5,Ch12-Ch11,+0.780,42.725,0.1173,1.0446,low_gamma,0
5,Ch12-Ch11,+0.780,53.101,0.4640,1.7753,high_gamma,0
5,Ch12-Ch11,+0.780,63.477,0.6676,2.0064,high_gamma,0
5,Ch12-Ch11,+0.780,75.684,0.6407,1.2059,high_gamma,0
5,Ch12-Ch11,+0.780,92.773,-0.4837,0.8436,high_gamma,0
5,Ch13-Ch12,+0.930,4.272,1.9884,2.3897,theta,1
5,Ch13-Ch12,+0.930,5.493,1.9533,0.1983,theta,0
5,Ch13-Ch12,+0.930,7.324,1.1154,0.2877,theta,0
5,Ch13-Ch12,+0.930,9.155,1.6700,1.0599,alpha,0
5,Ch13-Ch12,+0.930,10.986,1.5531,0.1179,alpha,0
5,Ch13-Ch12,+0.930,13.428,1.4166,0.1957,beta,0
5,Ch13-Ch12,+0.930,15.869,1.6644,1.3304,beta,0
5,Ch13-Ch12,+0.930,20.142,1.4715,0.9130,beta,0
5,Ch13-Ch12,+0.930,27.466,1.3127,0.3581,beta,0
5,Ch13-Ch12,+0.930,33.569,0.9845,1.0597,low_gamma,0
5,Ch13-Ch12,+0.930,39.673,0.6028,0.2555,low_gamma,0
5,Ch13-Ch12,+0.930,48.218,1.0344,1.5323,low_gamma,0
5,Ch13-Ch12,+0.930,61.035,0.7691,0.3177,high_gamma,0
5,Ch13-Ch12,+0.930,70.801,1.2310,1.8242,high_gamma,0
5,Ch13-Ch12,+0.930,81.787,0.6706,0.5838,high_gamma,0
5,Ch13-Ch12,+0.930,96.436,0.4916,1.0124,high_gamma,0
5,Ch14-Ch13,+1.080,4.272,2.1386,2.3999,theta,1
5,Ch14-Ch13,+1.080,5.493,2.0888,0.2038,theta,0
5,Ch14-Ch13,+1.080,7.324,1.2390,0.3204,theta,0
5,Ch14-Ch13,+1.080,9.155,1.7789,1.0119,alpha,0
5,Ch14-Ch13,+1.080,10.986,1.7032,0.1540,alpha,0
5,Ch14-Ch13,+1.080,13.428,1.6051,0.2378,beta,0
5,Ch14-Ch13,+1.080,15.869,1.7583,1.2503,beta,0
5,Ch14-Ch13,+1.080,20.142,1.5827,0.9073,beta,0
5,Ch14-Ch13,+1.080,23.193,1.4872,0.1856,beta,0
5,Ch14-Ch13,+1.080,27.466,1.3998,0.4121,beta,0
5,Ch14-Ch13,+1.080,33.569,1.0756,1.0018,low_gamma,0
5,Ch14-Ch13,+1.080,39.673,0.7270,0.1915,low_gamma,0
5,Ch14-Ch13,+1.080,48.218,1.0954,1.4653,low_gamma,0
5,Ch14-Ch13,+1.080,57.983,0.7218,0.4904,high_gamma,0
5,Ch14-Ch13,+1.080,70.801,1.1876,1.8128,high_gamma,0
5,Ch14-Ch13,+1.080,83.008,0.5172,0.4680,high_gamma,0
5,Ch14-Ch13,+1.080,96.436,0.4089,0.8374,high_gamma,0
5,Ch15-Ch14,+1.230,4.272,-0.1011,1.2983,theta,0
5,Ch15-Ch14,+1.230,5.493,-0.3378,0.1582,theta,0
5,Ch15-Ch14,+1.230,7.324,-0.8602,0.0648,theta,0
5,Ch15-Ch14,+1.230,9.155,-0.0647,0.7544,alpha,0
5,Ch15-Ch14,+1.230,10.986,-0.2470,0.0733,alpha,0
5,Ch15-Ch14,+1.230,13.428,-0.1597,0.4574,beta,0
5,Ch15-Ch14,+1.230,15.869,0.2306,2.0319,beta,1
5,Ch15-Ch14,+1.230,20.142,0.0263,1.4449,beta,0
5,Ch15-Ch14,+1.230,23.193,-0.0613,0.3258,beta,0
5,Ch15-Ch14,+1.230,27.466,-0.0570,0.4058,beta,0
5,Ch15-Ch14,+1.230,33.569,-0.5783,0.6674,low_gamma,0
5,Ch15-Ch14,+1.230,39.673,-0.4639,0.9976,low_gamma,0
5,Ch15-Ch14,+1.230,48.218,-0.6729,0.7552,low_gamma,0
5,Ch15-Ch14,+1.230,59.204,-0.5719,0.5003,high_gamma,0
5,Ch15-Ch14,+1.230,68.359,0.1805,1.6786,high_gamma,0
5,Ch15-Ch14,+1.230,87.280,-0.2081,1.5825,high_gamma,0
6,Ch1-Ch0,-0.865,2.441,-1.1732,0.3861,delta,0
6,Ch1-Ch0,-0.865,4.883,-0.6626,0.2755,theta,0
6,Ch1-Ch0,-0.865,6.714,-0.2676,0.5372,theta,0
6,Ch1-Ch0,-0.865,10.986,0.8465,2.5004,alpha,1
6,Ch1-Ch0,-0.865,13.428,0.2650,0.3979,beta,0
6,Ch1-Ch0,-0.865,18.311,0.0617,1.0759,beta,0
6,Ch1-Ch0,-0.865,23.804,-0.0162,0.4923,beta,0
6,Ch1-Ch0,-0.865,31.128,-0.4271,0.5964,low_gamma,0
6,Ch1-Ch0,-0.865,37.231,-0.1152,0.8752,low_gamma,0
6,Ch1-Ch0,-0.865,45.776,-0.0963,0.3904,low_gamma,0
6,Ch1-Ch0,-0.865,54.932,0.2982,1.3523,high_gamma,0
6,Ch1-Ch0,-0.865,65.918,-0.1088,0.3152,high_gamma,0
6,Ch1-Ch0,-0.865,76.904,0.2601,1.1859,high_gamma,0
6,Ch1-Ch0,-0.865,93.994,-0.2724,1.3487,high_gamma,0
6,Ch2-Ch1,-0.715,2.441,-0.7096,0.4147,delta,0
6,Ch2-Ch1,-0.715,4.883,-0.3508,0.2108,theta,0
6,Ch2-Ch1,-0.715,6.714,0.1228,0.5296,theta,0
6,Ch2-Ch1,-0.715,10.986,1.3034,2.4251,alpha,1
6,Ch2-Ch1,-0.715,13.428,0.7491,0.4167,beta,0
6,Ch2-Ch1,-0.715,18.311,0.4422,0.4786,beta,0
6,Ch2-Ch1,-0.715,23.804,0.4529,1.0577,beta,0
6,Ch2-Ch1,-0.715,31.128,0.1005,0.6765,low_gamma,0
6,Ch2-Ch1,-0.715,37.231,0.2921,0.9238,low_gamma,0
6,Ch2-Ch1,-0.715,43.945,0.2994,0.2794,low_gamma,0
6,Ch2-Ch1,-0.715,50.659,0.5469,0.7909,high_gamma,0
6,Ch2-Ch1,-0.715,59.814,0.7360,1.4038,high_gamma,0
6,Ch2-Ch1,-0.715,76.904,0.6807,1.1450,high_gamma,0
6,Ch2-Ch1,-0.715,93.994,0.2132,1.0996,high_gamma,0
6,Ch3-Ch2,-0.565,2.441,-0.4091,0.0836,delta,0
6,Ch3-Ch2,-0.565,8.545,0.8522,0.3921,alpha,0
6,Ch3-Ch2,-0.565,10.986,1.7465,2.6205,alpha,1
6,Ch3-Ch2,-0.565,13.428,1.0580,0.3479,beta,0
6,Ch3-Ch2,-0.565,18.311,0.3101,0.5351,beta,0
6,Ch3-Ch2,-0.565,21.973,0.5956,0.8500,beta,0
6,Ch3-Ch2,-0.565,26.855,0.5074,0.5785,beta,0
6,Ch3-Ch2,-0.565,34.180,0.1061,0.3604,low_gamma,0
6,Ch3-Ch2,-0.565,41.504,0.4509,1.2940,low_gamma,0
6,Ch3-Ch2,-0.565,54.932,0.9790,1.5521,high_gamma,0
6,Ch3-Ch2,-0.565,65.918,0.6209,0.4009,high_gamma,0
6,Ch3-Ch2,-0.565,77.515,0.8527,1.1489,high_gamma,0
6,Ch3-Ch2,-0.565,93.994,0.6302,1.1194,high_gamma,0
6,Ch4-Ch3,-0.415,1.831,-0.5278,0.1582,delta,0
6,Ch4-Ch3,-0.415,3.052,-0.3664,0.3897,delta,0
6,Ch4-Ch3,-0.415,4.883,0.6140,0.2377,theta,0
6,Ch4-Ch3,-0.415,6.714,0.5937,0.1981,theta,0
6,Ch4-Ch3,-0.415,8.545,0.6715,1.9896,alpha,0
6,Ch4-Ch3,-0.415,10.376,0.5690,0.6693,alpha,0
6,Ch4-Ch3,-0.415,14.648,0.7394,1.0426,beta,0
6,Ch4-Ch3,-0.415,18.311,0.9683,1.2843,beta,0
6,Ch4-Ch3,-0.415,23.804,0.7015,0.8425,beta,0
6,Ch4-Ch3,-0.415,31.738,0.7453,1.0515,low_gamma,0
6,Ch4-Ch3,-0.415,39.062,0.3831,0.6637,low_gamma,0
6,Ch4-Ch3,-0.415,50.049,1.0136,1.0711,high_gamma,0
6,Ch4-Ch3,-0.415,65.308,0.9808,0.8504,high_gamma,0
6,Ch4-Ch3,-0.415,76.904,1.2645,1.6819,high_gamma,1
6,Ch4-Ch3,-0.415,93.384,0.6040,0.9791,high_gamma,0
6,Ch5-Ch4,-0.265,5.493,1.4355,1.2881,theta,0
6,Ch5-Ch4,-0.265,11.597,1.1291,0.6209,alpha,0
6,Ch5-Ch4,-0.265,15.259,1.5207,1.9164,beta,1
6,Ch5-Ch4,-0.265,18.311,1.3572,0.8895,beta,0
6,Ch5-Ch4,-0.265,21.973,0.4259,0.3598,beta,0
6,Ch5-Ch4,-0.265,25.635,1.0388,0.9908,beta,0
6,Ch5-Ch4,-0.265,31.738,0.9989,0.8493,low_gamma,0
6,Ch5-Ch4,-0.265,38.452,0.6896,0.5751,low_gamma,0
6,Ch5-Ch4,-0.265,50.049,1.0981,1.4078,high_gamma,0
6,Ch5-Ch4,-0.265,61.646,1.3962,2.2573,high_gamma,0
6,Ch5-Ch4,-0.265,76.904,1.3375,1.1261,high_gamma,0
6,Ch5-Ch4,-0.265,89.111,1.0105,1.5500,high_gamma,0
6,Ch6-Ch5,-0.115,1.831,0.2613,0.2946,delta,0
6,Ch6-Ch5,-0.115,4.883,1.8755,1.9562,theta,1
6,Ch6-Ch5,-0.115,9.155,1.1439,0.2486,alpha,0
6,Ch6-Ch5,-0.115,11.597,1.4439,0.4872,alpha,0
6,Ch6-Ch5,-0.115,15.259,1.7656,1.1961,beta,0
6,Ch6-Ch5,-0.115,18.311,0.9900,0.1969,beta,0
6,Ch6-Ch5,-0.115,23.193,0.7876,0.8045,beta,0
6,Ch6-Ch5,-0.115,29.297,1.1292,1.3904,beta,0
6,Ch6-Ch5,-0.115,37.842,0.9929,0.6420,low_gamma,0
6,Ch6-Ch5,-0.115,47.607,1.0169,0.7616,low_gamma,0
6,Ch6-Ch5,-0.115,62.256,1.6448,1.6645,high_gamma,0
6,Ch6-Ch5,-0.115,73.242,1.2632,0.6658,high_gamma,0
6,Ch6-Ch5,-0.115,84.229,1.2782,1.1142,high_gamma,0
6,Ch6-Ch5,-0.115,97.656,0.4717,0.1345,high_gamma,0
6,Ch7-Ch6,+0.030,4.883,1.6682,1.7521,theta,1
6,Ch7-Ch6,+0.030,6.714,0.8081,0.1094,theta,0
6,Ch7-Ch6,+0.030,10.986,0.9038,0.6405,alpha,0
6,Ch7-Ch6,+0.030,15.259,1.3022,1.0946,beta,0
6,Ch7-Ch6,+0.030,18.311,1.0399,0.6417,beta,0
6,Ch7-Ch6,+0.030,23.804,1.0283,0.7332,beta,0
6,Ch7-Ch6,+0.030,27.466,0.9842,0.7096,beta,0
6,Ch7-Ch6,+0.030,31.738,0.9998,0.9294,low_gamma,0
6,Ch7-Ch6,+0.030,39.062,0.8081,0.7773,low_gamma,0
6,Ch7-Ch6,+0.030,50.049,1.0320,1.1284,high_gamma,0
6,Ch7-Ch6,+0.030,58.594,0.9760,0.6504,high_gamma,0
6,Ch7-Ch6,+0.030,73.242,1.2752,1.4801,high_gamma,0
6,Ch7-Ch6,+0.030,94.604,0.7108,0.9934,high_gamma,0
6,Ch8-Ch7,+0.180,4.272,1.6617,1.5905,theta,1
6,Ch8-Ch7,+0.180,6.104,1.1435,0.7632,theta,0
6,Ch8-Ch7,+0.180,10.986,1.2167,0.5588,alpha,0
6,Ch8-Ch7,+0.180,12.817,1.1783,0.2915,alpha,0
6,Ch8-Ch7,+0.180,15.259,1.5208,1.1617,beta,0
6,Ch8-Ch7,+0.180,18.311,1.4417,0.4923,beta,0
6,Ch8-Ch7,+0.180,21.973,1.0145,0.1651,beta,0
6,Ch8-Ch7,+0.180,26.855,1.3030,0.7639,beta,0
6,Ch8-Ch7,+0.180,31.738,1.3294,0.9347,low_gamma,0
6,Ch8-Ch7,+0.180,42.725,0.8876,0.4923,low_gamma,0
6,Ch8-Ch7,+0.180,50.049,1.1719,0.8685,high_gamma,0
6,Ch8-Ch7,+0.180,64.087,1.5615,1.4836,high_gamma,0
6,Ch8-Ch7,+0.180,81.177,1.4133,1.1712,high_gamma,0
6,Ch8-Ch7,+0.180,95.215,1.0885,0.7186,high_gamma,0
6,Ch9-Ch8,+0.330,1.831,-0.2245,0.1094,delta,0
6,Ch9-Ch8,+0.330,4.883,1.5984,0.8687,theta,0
6,Ch9-Ch8,+0.330,6.714,1.1262,0.0985,theta,0
6,Ch9-Ch8,+0.330,10.376,1.5703,0.2200,alpha,0
6,Ch9-Ch8,+0.330,12.817,1.6337,0.4824,alpha,0
6,Ch9-Ch8,+0.330,15.259,1.7250,1.8231,beta,0
6,Ch9-Ch8,+0.330,18.311,1.2099,0.3206,beta,0
6,Ch9-Ch8,+0.330,25.635,1.1321,1.2198,beta,0
6,Ch9-Ch8,+0.330,36.011,0.8320,0.8725,low_gamma,0
6,Ch9-Ch8,+0.330,47.607,1.0958,1.1299,low_gamma,0
6,Ch9-Ch8,+0.330,62.256,1.7517,1.8726,high_gamma,1
6,Ch9-Ch8,+0.330,75.684,1.2151,0.2853,high_gamma,0
6,Ch9-Ch8,+0.330,89.111,1.1853,1.2613,high_gamma,0
6,Ch10-Ch9,+0.480,5.493,1.6743,0.8328,theta,0
6,Ch10-Ch9,+0.480,8.545,1.3523,0.0643,alpha,0
6,Ch10-Ch9,+0.480,10.376,1.8686,0.6053,alpha,0
6,Ch10-Ch9,+0.480,14.648,1.5294,0.2345,beta,0
6,Ch10-Ch9,+0.480,18.311,2.0594,2.1150,beta,1
6,Ch10-Ch9,+0.480,23.193,1.6104,1.1920,beta,0
6,Ch10-Ch9,+0.480,27.466,1.2689,0.7195,beta,0
6,Ch10-Ch9,+0.480,34.180,1.1074,0.9589,low_gamma,0
6,Ch10-Ch9,+0.480,43.335,1.0641,0.2299,low_gamma,0
6,Ch10-Ch9,+0.480,51.880,1.3519,0.9462,high_gamma,0
6,Ch10-Ch9,+0.480,62.256,1.5108,1.6194,high_gamma,0
6,Ch10-Ch9,+0.480,81.787,1.2349,1.2349,high_gamma,0
6,Ch10-Ch9,+0.480,95.215,0.9143,0.7205,high_gamma,0
6,Ch11-Ch10,+0.630,5.493,1.5232,0.8559,theta,0
6,Ch11-Ch10,+0.630,8.545,1.2271,0.0668,alpha,0
6,Ch11-Ch10,+0.630,10.376,1.6940,0.7466,alpha,0
6,Ch11-Ch10,+0.630,14.648,1.3640,0.1841,beta,0
6,Ch11-Ch10,+0.630,18.311,1.9375,2.2008,beta,1
6,Ch11-Ch10,+0.630,23.193,1.5225,1.2517,beta,0
6,Ch11-Ch10,+0.630,27.466,1.0635,0.7168,beta,0
6,Ch11-Ch10,+0.630,34.180,1.0051,1.0957,low_gamma,0
6,Ch11-Ch10,+0.630,41.504,0.9535,0.9287,low_gamma,0
6,Ch11-Ch10,+0.630,48.828,0.7681,0.3578,low_gamma,0
6,Ch11-Ch10,+0.630,59.204,1.2847,1.5225,high_gamma,0
6,Ch11-Ch10,+0.630,68.970,1.2121,0.8096,high_gamma,0
6,Ch11-Ch10,+0.630,81.787,1.1940,1.2501,high_gamma,0
6,Ch11-Ch10,+0.630,95.215,1.0855,1.1155,high_gamma,0
6,Ch12-Ch11,+0.780,4.883,0.6149,1.6302,theta,0
6,Ch12-Ch11,+0.780,6.714,-0.2631,0.4107,theta,0
6,Ch12-Ch11,+0.780,9.155,0.1439,0.9482,alpha,0
6,Ch12-Ch11,+0.780,12.817,0.5628,1.4070,alpha,0
6,Ch12-Ch11,+0.780,15.259,0.4248,0.5350,beta,0
6,Ch12-Ch11,+0.780,20.142,0.3151,0.7091,beta,0
6,Ch12-Ch11,+0.780,23.193,0.2977,0.5862,beta,0
6,Ch12-Ch11,+0.780,27.466,0.3217,0.8316,beta,0
6,Ch12-Ch11,+0.780,33.569,0.0975,0.9172,low_gamma,0
6,Ch12-Ch11,+0.780,39.062,0.1548,0.9031,low_gamma,0
6,Ch12-Ch11,+0.780,47.607,0.1686,0.5942,low_gamma,0
6,Ch12-Ch11,+0.780,62.256,0.5064,1.2011,high_gamma,0
6,Ch12-Ch11,+0.780,73.242,0.8824,2.0387,high_gamma,1
6,Ch12-Ch11,+0.780,94.604,0.3047,1.0960,high_gamma,0
6,Ch13-Ch12,+0.930,2.441,0.6152,0.2520,delta,0
6,Ch13-Ch12,+0.930,4.883,2.0813,0.9061,theta,0
6,Ch13-Ch12,+0.930,8.545,1.5789,0.3836,alpha,0
6,Ch13-Ch12,+0.930,10.376,2.1367,1.9713,alpha,1
6,Ch13-Ch12,+0.930,14.648,1.7616,0.3250,beta,0
6,Ch13-Ch12,+0.930,18.311,2.0515,0.6956,beta,0
6,Ch13-Ch12,+0.930,23.193,1.6574,0.9583,beta,0
6,Ch13-Ch12,+0.930,26.855,1.4080,0.5365,beta,0
6,Ch13-Ch12,+0.930,34.180,0.7245,0.4268,low_gamma,0
6,Ch13-Ch12,+0.930,41.504,0.8732,1.0682,low_gamma,0
6,Ch13-Ch12,+0.930,51.880,1.1029,1.3345,high_gamma,0
6,Ch13-Ch12,+0.930,68.970,1.1394,1.6063,high_gamma,0
6,Ch13-Ch12,+0.930,88.501,0.7000,1.0600,high_gamma,0
6,Ch14-Ch13,+1.080,2.441,0.7270,0.2298,delta,0
6,Ch14-Ch13,+1.080,4.883,2.2251,0.9635,theta,0
6,Ch14-Ch13,+1.080,8.545,1.7006,0.3870,alpha,0
6,Ch14-Ch13,+1.080,10.376,2.2739,2.0071,alpha,1
6,Ch14-Ch13,+1.080,14.648,1.8871,0.3153,beta,0
6,Ch14-Ch13,+1.080,18.311,2.1527,0.6239,beta,0
6,Ch14-Ch13,+1.080,23.193,1.7633,0.8492,beta,0
6,Ch14-Ch13,+1.080,26.855,1.5147,0.5690,beta,0
6,Ch14-Ch13,+1.080,33.569,0.7938,0.2282,low_gamma,0
6,Ch14-Ch13,+1.080,41.504,0.8655,0.8804,low_gamma,0
6,Ch14-Ch13,+1.080,51.880,1.1023,1.1555,high_gamma,0
6,Ch14-Ch13,+1.080,68.359,1.1585,1.7709,high_gamma,0
6,Ch14-Ch13,+1.080,84.839,0.8195,0.9603,high_gamma,0
6,Ch14-Ch13,+1.080,97.656,0.5956,0.5622,high_gamma,0
6,Ch15-Ch14,+1.230,1.831,-1.3101,0.3821,delta,0
6,Ch15-Ch14,+1.230,4.883,-0.0154,1.0846,theta,0
6,Ch15-Ch14,+1.230,7.324,-0.4510,0.0936,theta,0
6,Ch15-Ch14,+1.230,8.545,-0.1247,0.1901,alpha,0
6,Ch15-Ch14,+1.230,10.376,0.2691,0.7012,alpha,0
6,Ch15-Ch14,+1.230,15.259,0.3800,2.0951,beta,1
6,Ch15-Ch14,+1.230,18.311,0.3386,0.3463,beta,0
6,Ch15-Ch14,+1.230,23.193,0.1291,0.6252,beta,0
6,Ch15-Ch14,+1.230,26.855,0.0558,0.7989,beta,0
6,Ch15-Ch14,+1.230,31.128,-0.2389,0.4312,low_gamma,0
6,Ch15-Ch14,+1.230,36.621,-0.4139,1.1601,low_gamma,0
6,Ch15-Ch14,+1.230,42.114,-0.4780,0.6062,low_gamma,0
6,Ch15-Ch14,+1.230,51.880,-0.3214,1.3002,high_gamma,0
6,Ch15-Ch14,+1.230,65.308,-0.1115,1.5404,high_gamma,0
6,Ch15-Ch14,+1.230,85.449,-0.3541,1.0978,high_gamma,0
7,Ch1-Ch0,-0.865,3.052,-1.2194,0.3938,delta,0
7,Ch1-Ch0,-0.865,5.493,-0.3445,0.8086,theta,0
7,Ch1-Ch0,-0.865,7.324,-0.6040,0.1106,theta,0
7,Ch1-Ch0,-0.865,10.376,0.6429,0.4739,alpha,0
7,Ch1-Ch0,-0.865,12.817,0.6936,2.6130,alpha,1
7,Ch1-Ch0,-0.865,15.869,0.0065,0.0875,beta,0
7,Ch1-Ch0,-0.865,18.921,-0.0292,0.5609,beta,0
7,Ch1-Ch0,-0.865,22.583,0.3560,1.3047,beta,0
7,Ch1-Ch0,-0.865,26.855,-0.3524,0.7663,beta,0
7,Ch1-Ch0,-0.865,32.349,-0.4967,0.4020,low_gamma,0
7,Ch1-Ch0,-0.865,37.842,0.0015,0.9386,low_gamma,0
7,Ch1-Ch0,-0.865,46.387,-0.1931,0.4111,low_gamma,0
7,Ch1-Ch0,-0.865,54.932,0.3594,1.7728,high_gamma,0
7,Ch1-Ch0,-0.865,70.190,0.3110,1.8249,high_gamma,0
7,Ch1-Ch0,-0.865,88.501,0.0632,1.3193,high_gamma,0
7,Ch2-Ch1,-0.715,2.441,-0.8060,0.4998,delta,0
7,Ch2-Ch1,-0.715,5.493,-0.0730,0.7463,theta,0
7,Ch2-Ch1,-0.715,7.324,-0.2470,0.0687,theta,0
7,Ch2-Ch1,-0.715,10.376,1.0684,0.4781,alpha,0
7,Ch2-Ch1,-0.715,12.817,1.1587,2.6729,alpha,1
7,Ch2-Ch1,-0.715,18.921,0.4097,0.4873,beta,0
7,Ch2-Ch1,-0.715,22.583,0.8037,1.4944,beta,0
7,Ch2-Ch1,-0.715,26.855,0.0048,0.4983,beta,0
7,Ch2-Ch1,-0.715,32.349,-0.0400,0.3874,low_gamma,0
7,Ch2-Ch1,-0.715,37.842,0.4395,0.9783,low_gamma,0
7,Ch2-Ch1,-0.715,43.945,0.0823,0.5502,low_gamma,0
7,Ch2-Ch1,-0.715,54.932,0.8053,1.6992,high_gamma,0
7,Ch2-Ch1,-0.715,70.190,0.6996,1.4240,high_gamma,0
7,Ch2-Ch1,-0.715,88.501,0.5145,1.6127,high_gamma,0
7,Ch3-Ch2,-0.565,4.883,0.3298,0.4610,theta,0
7,Ch3-Ch2,-0.565,7.935,0.4626,0.2386,theta,0
7,Ch3-Ch2,-0.565,10.376,1.5827,2.2320,alpha,1
7,Ch3-Ch2,-0.565,12.817,1.4284,0.9117,alpha,0
7,Ch3-Ch2,-0.565,15.259,0.6962,0.6242,beta,0
7,Ch3-Ch2,-0.565,18.921,0.5323,0.2243,beta,0
7,Ch3-Ch2,-0.565,22.583,0.9145,1.6577,beta,0
7,Ch3-Ch2,-0.565,26.855,0.0469,1.0582,beta,0
7,Ch3-Ch2,-0.565,32.349,-0.2729,0.3422,low_gamma,0
7,Ch3-Ch2,-0.565,37.842,0.6269,1.0943,low_gamma,0
7,Ch3-Ch2,-0.565,43.945,0.6795,1.0342,low_gamma,0
7,Ch3-Ch2,-0.565,62.256,1.2159,2.0877,high_gamma,0
7,Ch3-Ch2,-0.565,74.463,1.0553,1.7224,high_gamma,0
7,Ch3-Ch2,-0.565,88.501,0.8608,1.4368,high_gamma,0
7,Ch4-Ch3,-0.415,4.883,1.1019,1.7205,theta,0
7,Ch4-Ch3,-0.415,7.935,0.2674,0.6771,theta,0
7,Ch4-Ch3,-0.415,9.766,0.8266,1.4095,alpha,0
7,Ch4-Ch3,-0.415,12.207,0.6756,1.0123,alpha,0
7,Ch4-Ch3,-0.415,16.479,0.7596,1.2513,beta,0
7,Ch4-Ch3,-0.415,22.583,0.6699,1.2210,beta,0
7,Ch4-Ch3,-0.415,26.855,-0.0485,0.1638,beta,0
7,Ch4-Ch3,-0.415,32.349,0.3403,0.8339,low_gamma,0
7,Ch4-Ch3,-0.415,38.452,0.6467,0.7718,low_gamma,0
7,Ch4-Ch3,-0.415,46.997,0.5464,0.1059,low_gamma,0
7,Ch4-Ch3,-0.415,54.932,1.0885,1.1662,high_gamma,0
7,Ch4-Ch3,-0.415,63.477,1.1712,1.8816,high_gamma,1
7,Ch4-Ch3,-0.415,73.853,1.1576,0.7676,high_gamma,0
7,Ch4-Ch3,-0.415,88.501,0.7346,1.2458,high_gamma,0
7,Ch5-Ch4,-0.265,4.883,1.8155,2.1874,theta,1
7,Ch5-Ch4,-0.265,7.324,0.3412,0.1499,theta,0
7,Ch5-Ch4,-0.265,10.376,1.1712,0.5754,alpha,0
7,Ch5-Ch4,-0.265,12.817,1.4635,1.6901,alpha,0
7,Ch5-Ch4,-0.265,16.479,1.3564,1.0796,beta,0
7,Ch5-Ch4,-0.265,22.583,0.8840,0.8179,beta,0
7,Ch5-Ch4,-0.265,28.076,0.5392,0.6375,beta,0
7,Ch5-Ch4,-0.265,32.349,0.4148,0.3891,low_gamma,0
7,Ch5-Ch4,-0.265,40.894,0.8979,0.9274,low_gamma,0
7,Ch5-Ch4,-0.265,54.932,1.2100,1.1365,high_gamma,0
7,Ch5-Ch4,-0.265,64.087,1.3775,1.7857,high_gamma,0
7,Ch5-Ch4,-0.265,75.684,1.0169,0.2053,high_gamma,0
7,Ch5-Ch4,-0.265,88.501,1.3438,0.9621,high_gamma,0
7,Ch6-Ch5,-0.115,4.883,2.2025,2.4723,theta,1
7,Ch6-Ch5,-0.115,8.545,1.1588,0.1301,alpha,0
7,Ch6-Ch5,-0.115,10.376,1.5516,0.8045,alpha,0
7,Ch6-Ch5,-0.115,12.817,1.6454,1.4564,alpha,0
7,Ch6-Ch5,-0.115,16.479,1.4848,0.3475,beta,0
7,Ch6-Ch5,-0.115,20.142,0.8288,0.4779,beta,0
7,Ch6-Ch5,-0.115,24.414,0.8273,0.5129,beta,0
7,Ch6-Ch5,-0.115,28.076,1.0094,1.6063,beta,0
7,Ch6-Ch5,-0.115,37.842,0.9114,1.2882,low_gamma,0
7,Ch6-Ch5,-0.115,51.880,0.9438,0.8771,high_gamma,0
7,Ch6-Ch5,-0.115,62.866,1.6685,2.1997,high_gamma,0
7,Ch6-Ch5,-0.115,76.294,1.3310,1.1114,high_gamma,0
7,Ch6-Ch5,-0.115,88.501,1.2453,1.1817,high_gamma,0
7,Ch7-Ch6,+0.030,5.493,1.8606,2.3546,theta,1
7,Ch7-Ch6,+0.030,9.155,1.0382,0.6958,alpha,0
7,Ch7-Ch6,+0.030,12.817,1.0635,0.4536,alpha,0
7,Ch7-Ch6,+0.030,15.259,0.9935,0.1915,beta,0
7,Ch7-Ch6,+0.030,18.311,1.2777,1.3402,beta,0
7,Ch7-Ch6,+0.030,25.635,0.5574,0.3184,beta,0
7,Ch7-Ch6,+0.030,31.128,0.9323,0.6866,low_gamma,0
7,Ch7-Ch6,+0.030,37.231,0.7063,0.4289,low_gamma,0
7,Ch7-Ch6,+0.030,48.218,1.0009,0.9312,low_gamma,0
7,Ch7-Ch6,+0.030,56.763,0.7210,0.5409,high_gamma,0
7,Ch7-Ch6,+0.030,66.528,1.3264,1.3928,high_gamma,0
7,Ch7-Ch6,+0.030,83.008,1.3049,1.3363,high_gamma,0
7,Ch7-Ch6,+0.030,95.825,0.7044,0.6034,high_gamma,0
7,Ch8-Ch7,+0.180,3.052,0.4471,0.2848,delta,0
7,Ch8-Ch7,+0.180,5.493,1.7056,1.8967,theta,1
7,Ch8-Ch7,+0.180,7.324,0.6768,0.0764,theta,0
7,Ch8-Ch7,+0.180,9.766,1.0204,0.7893,alpha,0
7,Ch8-Ch7,+0.180,12.817,1.5665,1.6885,alpha,0
7,Ch8-Ch7,+0.180,15.259,1.2649,0.1916,beta,0
7,Ch8-Ch7,+0.180,18.311,1.3137,0.8314,beta,0
7,Ch8-Ch7,+0.180,25.024,0.8881,0.3159,beta,0
7,Ch8-Ch7,+0.180,29.297,0.9831,1.3698,beta,0
7,Ch8-Ch7,+0.180,37.231,0.7022,0.4135,low_gamma,0
7,Ch8-Ch7,+0.180,47.607,1.1577,1.4272,low_gamma,0
7,Ch8-Ch7,+0.180,55.542,1.0720,0.2324,high_gamma,0
7,Ch8-Ch7,+0.180,64.087,1.5765,2.1070,high_gamma,0
7,Ch8-Ch7,+0.180,75.073,1.3851,0.1550,high_gamma,0
7,Ch8-Ch7,+0.180,88.501,1.4750,1.7112,high_gamma,0
7,Ch9-Ch8,+0.330,4.883,1.9318,2.2308,theta,1
7,Ch9-Ch8,+0.330,7.324,0.4120,0.1848,theta,0
7,Ch9-Ch8,+0.330,8.545,0.9704,0.0604,alpha,0
7,Ch9-Ch8,+0.330,10.986,1.6162,0.8338,alpha,0
7,Ch9-Ch8,+0.330,12.817,1.8948,1.7173,alpha,0
7,Ch9-Ch8,+0.330,16.479,1.5128,0.3257,beta,0
7,Ch9-Ch8,+0.330,20.142,0.7326,0.5316,beta,0
7,Ch9-Ch8,+0.330,24.414,0.8061,0.9405,beta,0
7,Ch9-Ch8,+0.330,28.076,1.1034,1.4746,beta,0
7,Ch9-Ch8,+0.330,34.790,0.5019,0.3004,low_gamma,0
7,Ch9-Ch8,+0.330,40.894,0.9418,1.5879,low_gamma,0
7,Ch9-Ch8,+0.330,51.270,1.0364,1.4433,high_gamma,0
7,Ch9-Ch8,+0.330,67.139,1.4955,1.1108,high_gamma,0
7,Ch9-Ch8,+0.330,83.008,1.5253,1.7434,high_gamma,0
7,Ch9-Ch8,+0.330,95.825,0.6008,0.5439,high_gamma,0
7,Ch10-Ch9,+0.480,2.441,0.2233,0.5030,delta,0
7,Ch10-Ch9,+0.480,4.883,1.8351,1.1122,theta,0
7,Ch10-Ch9,+0.480,10.376,1.7134,0.8981,alpha,0
7,Ch10-Ch9,+0.480,12.817,1.8715,2.0968,alpha,0
7,Ch10-Ch9,+0.480,18.311,1.9086,2.4108,beta,1
7,Ch10-Ch9,+0.480,25.024,1.3081,0.7239,beta,0
7,Ch10-Ch9,+0.480,30.518,1.3061,1.3520,low_gamma,0
7,Ch10-Ch9,+0.480,43.335,1.2943,1.4759,low_gamma,0
7,Ch10-Ch9,+0.480,50.659,1.0495,0.8007,high_gamma,0
7,Ch10-Ch9,+0.480,64.087,1.5583,1.6727,high_gamma,0
7,Ch10-Ch9,+0.480,73.853,1.2348,0.4161,high_gamma,0
7,Ch10-Ch9,+0.480,88.501,1.3605,1.2898,high_gamma,0
7,Ch11-Ch10,+0.630,2.441,0.0495,0.3423,delta,0
7,Ch11-Ch10,+0.630,4.883,1.6221,1.1183,theta,0
7,Ch11-Ch10,+0.630,10.376,1.4675,0.7870,alpha,0
7,Ch11-Ch10,+0.630,12.207,1.6814,2.2604,alpha,1
7,Ch11-Ch10,+0.630,14.038,1.5131,0.6679,beta,0
7,Ch11-Ch10,+0.630,18.311,1.6382,1.6185,beta,0
7,Ch11-Ch10,+0.630,28.687,1.1178,1.0294,beta,0
7,Ch11-Ch10,+0.630,33.569,0.8265,0.4354,low_gamma,0
7,Ch11-Ch10,+0.630,43.335,1.2014,1.4858,low_gamma,0
7,Ch11-Ch10,+0.630,53.711,0.9649,0.7386,high_gamma,0
7,Ch11-Ch10,+0.630,63.477,1.3341,1.9611,high_gamma,0
7,Ch11-Ch10,+0.630,74.463,0.8811,0.2698,high_gamma,0
7,Ch11-Ch10,+0.630,86.670,1.2538,1.5260,high_gamma,0
7,Ch12-Ch11,+0.780,5.493,0.6023,1.9148,theta,0
7,Ch12-Ch11,+0.780,8.545,0.0083,0.2286,alpha,0
7,Ch12-Ch11,+0.780,10.376,0.4468,1.1564,alpha,0
7,Ch12-Ch11,+0.780,14.648,0.3368,0.6741,beta,0
7,Ch12-Ch11,+0.780,18.311,0.4083,0.8767,beta,0
7,Ch12-Ch11,+0.780,25.024,0.3705,1.3187,beta,0
7,Ch12-Ch11,+0.780,31.128,0.3431,1.4549,low_gamma,0
7,Ch12-Ch11,+0.780,42.725,0.2841,1.5770,low_gamma,0
7,Ch12-Ch11,+0.780,53.101,0.2249,0.8467,high_gamma,0
7,Ch12-Ch11,+0.780,67.139,0.5138,1.0737,high_gamma,0
7,Ch12-Ch11,+0.780,83.008,0.8268,2.1751,high_gamma,1
7,Ch12-Ch11,+0.780,95.825,-0.2047,0.6481,high_gamma,0
7,Ch13-Ch12,+0.930,4.883,2.3673,2.3939,theta,1
7,Ch13-Ch12,+0.930,7.324,1.2182,0.1437,theta,0
7,Ch13-Ch12,+0.930,10.376,1.6378,0.7417,alpha,0
7,Ch13-Ch12,+0.930,12.207,2.0235,1.1624,alpha,0
7,Ch13-Ch12,+0.930,15.259,1.5351,0.4727,beta,0
7,Ch13-Ch12,+0.930,18.311,1.6916,1.0138,beta,0
7,Ch13-Ch12,+0.930,25.024,1.1639,0.7753,beta,0
7,Ch13-Ch12,+0.930,29.907,1.0957,0.7868,beta,0
7,Ch13-Ch12,+0.930,36.011,0.3521,0.4130,low_gamma,0
7,Ch13-Ch12,+0.930,43.335,0.9882,1.0756,low_gamma,0
7,Ch13-Ch12,+0.930,50.049,0.6559,0.5941,high_gamma,0
7,Ch13-Ch12,+0.930,57.983,1.0292,1.2703,high_gamma,0
7,Ch13-Ch12,+0.930,74.463,0.9268,1.0270,high_gamma,0
7,Ch13-Ch12,+0.930,86.670,1.1889,1.7593,high_gamma,0
7,Ch14-Ch13,+1.080,4.883,2.5062,2.3453,theta,1
7,Ch14-Ch13,+1.080,7.324,1.3487,0.1705,theta,0
7,Ch14-Ch13,+1.080,10.376,1.7993,0.7560,alpha,0
7,Ch14-Ch13,+1.080,12.207,2.1491,1.1896,alpha,0
7,Ch14-Ch13,+1.080,15.259,1.6609,0.4874,beta,0
7,Ch14-Ch13,+1.080,18.311,1.8100,0.9964,beta,0
7,Ch14-Ch13,+1.080,25.024,1.2416,0.8278,beta,0
7,Ch14-Ch13,+1.080,29.907,1.1898,0.7902,beta,0
7,Ch14-Ch13,+1.080,36.011,0.4915,0.4106,low_gamma,0
7,Ch14-Ch13,+1.080,43.335,0.9389,1.0185,low_gamma,0
7,Ch14-Ch13,+1.080,50.049,0.7518,0.6347,high_gamma,0
7,Ch14-Ch13,+1.080,57.983,1.0432,1.1751,high_gamma,0
7,Ch14-Ch13,+1.080,70.190,0.9168,0.8791,high_gamma,0
7,Ch14-Ch13,+1.080,86.670,1.1089,1.4156,high_gamma,0
7,Ch15-Ch14,+1.230,4.883,-0.2231,1.3399,theta,0
7,Ch15-Ch14,+1.230,8.545,-0.7635,0.1539,alpha,0
7,Ch15-Ch14,+1.230,10.376,-0.0541,0.6395,alpha,0
7,Ch15-Ch14,+1.230,12.207,0.1335,1.1217,alpha,0
7,Ch15-Ch14,+1.230,14.648,0.0663,1.0356,beta,0
7,Ch15-Ch14,+1.230,18.311,0.2992,2.0767,beta,1
7,Ch15-Ch14,+1.230,25.024,-0.1443,0.7454,beta,0
7,Ch15-Ch14,+1.230,30.518,-0.4194,0.8042,low_gamma,0
7,Ch15-Ch14,+1.230,37.842,-0.4460,0.9658,low_gamma,0
7,Ch15-Ch14,+1.230,48.828,-0.6508,0.6798,low_gamma,0
7,Ch15-Ch14,+1.230,56.152,-0.3328,1.0660,high_gamma,0
7,Ch15-Ch14,+1.230,65.918,-0.1303,1.3794,high_gamma,0
7,Ch15-Ch14,+1.230,82.397,-0.0726,1.5422,high_gamma,0
7,Ch15-Ch14,+1.230,97.046,-0.3726,0.3267,high_gamma,0
8,Ch1-Ch0,-0.865,4.883,-0.9776,0.3030,theta,0
8,Ch1-Ch0,-0.865,6.714,-1.0864,0.1378,theta,0
8,Ch1-Ch0,-0.865,10.986,0.2537,0.4921,alpha,0
8,Ch1-Ch0,-0.865,12.817,0.5604,2.4816,alpha,1
8,Ch1-Ch0,-0.865,19.531,-0.1342,0.6698,beta,0
8,Ch1-Ch0,-0.865,24.414,-0.1393,0.5825,beta,0
8,Ch1-Ch0,-0.865,28.076,-0.4367,0.5011,beta,0
8,Ch1-Ch0,-0.865,36.621,-0.1381,1.1092,low_gamma,0
8,Ch1-Ch0,-0.865,42.114,-0.4301,0.6451,low_gamma,0
8,Ch1-Ch0,-0.865,56.763,-0.0375,0.8593,high_gamma,0
8,Ch1-Ch0,-0.865,69.580,0.3225,2.4100,high_gamma,0
8,Ch1-Ch0,-0.865,85.449,-0.1883,1.2796,high_gamma,0
8,Ch1-Ch0,-0.865,98.267,-1.4550,0.2680,high_gamma,0
8,Ch2-Ch1,-0.715,4.883,-0.6427,0.1133,theta,0
8,Ch2-Ch1,-0.715,6.714,-0.6137,0.3084,theta,0
8,Ch2-Ch1,-0.715,10.986,0.6987,0.4898,alpha,0
8,Ch2-Ch1,-0.715,12.817,1.0209,2.4804,alpha,1
8,Ch2-Ch1,-0.715,19.531,0.3434,0.6994,beta,0
8,Ch2-Ch1,-0.715,24.414,0.2857,0.6218,beta,0
8,Ch2-Ch1,-0.715,28.076,0.0349,0.5815,beta,0
8,Ch2-Ch1,-0.715,36.621,0.2832,1.0657,low_gamma,0
8,Ch2-Ch1,-0.715,47.607,0.2573,0.9869,low_gamma,0
8,Ch2-Ch1,-0.715,57.373,0.5064,1.1263,high_gamma,0
8,Ch2-Ch1,-0.715,69.580,0.8131,2.3308,high_gamma,0
8,Ch2-Ch1,-0.715,85.449,0.2858,1.4199,high_gamma,0
8,Ch2-Ch1,-0.715,98.267,-0.9746,0.3103,high_gamma,0
8,Ch3-Ch2,-0.565,3.052,0.0561,0.7968,delta,0
8,Ch3-Ch2,-0.565,5.493,0.0961,0.5280,theta,0
8,Ch3-Ch2,-0.565,9.766,1.4171,2.4149,alpha,1
8,Ch3-Ch2,-0.565,12.817,1.2374,0.7918,alpha,0
8,Ch3-Ch2,-0.565,15.869,0.2437,0.0908,beta,0
8,Ch3-Ch2,-0.565,19.531,0.7759,0.6953,beta,0
8,Ch3-Ch2,-0.565,23.804,0.3461,0.1413,beta,0
8,Ch3-Ch2,-0.565,29.297,0.3256,0.5984,beta,0
8,Ch3-Ch2,-0.565,36.011,-0.0557,0.6032,low_gamma,0
8,Ch3-Ch2,-0.565,43.945,0.5426,0.9023,low_gamma,0
8,Ch3-Ch2,-0.565,56.763,0.9239,0.8950,high_gamma,0
8,Ch3-Ch2,-0.565,65.308,1.1448,2.1038,high_gamma,0
8,Ch3-Ch2,-0.565,84.229,0.5250,1.0854,high_gamma,0
8,Ch4-Ch3,-0.415,3.052,-0.2103,0.1824,delta,0
8,Ch4-Ch3,-0.415,4.883,0.4918,0.9728,theta,0
8,Ch4-Ch3,-0.415,7.324,-0.3109,0.0887,theta,0
8,Ch4-Ch3,-0.415,9.766,0.9153,1.9508,alpha,0
8,Ch4-Ch3,-0.415,14.038,0.6304,0.5165,beta,0
8,Ch4-Ch3,-0.415,16.479,0.1369,0.1527,beta,0
8,Ch4-Ch3,-0.415,19.531,0.2557,0.6760,beta,0
8,Ch4-Ch3,-0.415,25.024,0.4831,1.0504,beta,0
8,Ch4-Ch3,-0.415,31.128,0.2488,0.2777,low_gamma,0
8,Ch4-Ch3,-0.415,36.621,0.8033,1.6394,low_gamma,0
8,Ch4-Ch3,-0.415,47.607,0.6269,1.5321,low_gamma,0
8,Ch4-Ch3,-0.415,61.035,1.1418,0.9706,high_gamma,0
8,Ch4-Ch3,-0.415,70.190,1.1831,1.8338,high_gamma,1
8,Ch4-Ch3,-0.415,81.787,1.0015,0.7956,high_gamma,0
8,Ch4-Ch3,-0.415,95.825,0.5041,0.4500,high_gamma,0
8,Ch5-Ch4,-0.265,4.883,1.3509,1.8888,theta,0
8,Ch5-Ch4,-0.265,10.376,1.1848,1.0565,alpha,0
8,Ch5-Ch4,-0.265,14.038,1.1721,0.5555,beta,0
8,Ch5-Ch4,-0.265,18.921,0.4772,0.4676,beta,0
8,Ch5-Ch4,-0.265,21.973,0.2590,0.3668,beta,0
8,Ch5-Ch4,-0.265,27.466,0.8334,0.9816,beta,0
8,Ch5-Ch4,-0.265,31.738,0.4768,0.2534,low_gamma,0
8,Ch5-Ch4,-0.265,36.621,0.7102,0.8455,low_gamma,0
8,Ch5-Ch4,-0.265,42.725,0.8754,0.6342,low_gamma,0
8,Ch5-Ch4,-0.265,50.659,1.2689,0.9490,high_gamma,0
8,Ch5-Ch4,-0.265,61.035,1.5702,2.2274,high_gamma,1
8,Ch5-Ch4,-0.265,79.346,1.2913,1.2494,high_gamma,0
8,Ch5-Ch4,-0.265,95.825,0.8058,0.8241,high_gamma,0
8,Ch6-Ch5,-0.115,4.883,1.5949,1.7735,theta,1
8,Ch6-Ch5,-0.115,7.324,1.0861,0.5028,theta,0
8,Ch6-Ch5,-0.115,9.766,1.1387,0.4210,alpha,0
8,Ch6-Ch5,-0.115,14.038,1.2713,0.7955,beta,0
8,Ch6-Ch5,-0.115,18.311,0.8044,0.6681,beta,0
8,Ch6-Ch5,-0.115,23.193,0.6923,0.5000,beta,0
8,Ch6-Ch5,-0.115,27.466,1.1066,1.2721,beta,0
8,Ch6-Ch5,-0.115,36.011,0.5340,0.1962,low_gamma,0
8,Ch6-Ch5,-0.115,43.335,1.1419,0.7582,low_gamma,0
8,Ch6-Ch5,-0.115,50.659,1.4451,1.2614,high_gamma,0
8,Ch6-Ch5,-0.115,67.139,1.5854,1.4799,high_gamma,0
8,Ch6-Ch5,-0.115,87.891,1.0390,0.7572,high_gamma,0
8,Ch7-Ch6,+0.030,4.272,1.5941,2.4167,theta,1
8,Ch7-Ch6,+0.030,7.935,0.5790,0.3608,theta,0
8,Ch7-Ch6,+0.030,9.766,0.9820,0.8265,alpha,0
8,Ch7-Ch6,+0.030,13.428,1.1368,0.8859,beta,0
8,Ch7-Ch6,+0.030,19.531,1.2583,1.4304,beta,0
8,Ch7-Ch6,+0.030,26.245,0.6401,0.7440,beta,0
8,Ch7-Ch6,+0.030,31.128,0.8377,0.9097,low_gamma,0
8,Ch7-Ch6,+0.030,43.335,0.7493,1.0485,low_gamma,0
8,Ch7-Ch6,+0.030,50.049,0.9800,1.0127,high_gamma,0
8,Ch7-Ch6,+0.030,61.035,1.0616,1.1719,high_gamma,0
8,Ch7-Ch6,+0.030,72.632,1.0568,0.8710,high_gamma,0
8,Ch7-Ch6,+0.030,86.060,1.0735,1.4933,high_gamma,0
8,Ch8-Ch7,+0.180,4.272,1.9804,2.1371,theta,1
8,Ch8-Ch7,+0.180,8.545,0.4644,0.2055,alpha,0
8,Ch8-Ch7,+0.180,10.986,1.2409,0.8731,alpha,0
8,Ch8-Ch7,+0.180,14.038,1.4286,0.9675,beta,0
8,Ch8-Ch7,+0.180,19.531,1.4314,1.6603,beta,0
8,Ch8-Ch7,+0.180,22.583,1.1396,0.8891,beta,0
8,Ch8-Ch7,+0.180,28.687,0.9651,0.7526,beta,0
8,Ch8-Ch7,+0.180,39.062,1.2391,1.1838,low_gamma,0
8,Ch8-Ch7,+0.180,51.270,1.4751,0.8494,high_gamma,0
8,Ch8-Ch7,+0.180,61.035,1.6842,1.7457,high_gamma,0
8,Ch8-Ch7,+0.180,79.346,1.3797,1.2963,high_gamma,0
8,Ch8-Ch7,+0.180,97.656,0.9165,0.5938,high_gamma,0
8,Ch9-Ch8,+0.330,4.883,1.2513,0.7941,theta,0
8,Ch9-Ch8,+0.330,7.935,0.9218,0.1577,theta,0
8,Ch9-Ch8,+0.330,9.155,1.1417,0.3127,alpha,0
8,Ch9-Ch8,+0.330,12.817,1.5846,1.9754,alpha,0
8,Ch9-Ch8,+0.330,18.921,0.8708,0.9225,beta,0
8,Ch9-Ch8,+0.330,23.193,0.5254,0.3553,beta,0
8,Ch9-Ch8,+0.330,27.466,0.8816,1.3592,beta,0
8,Ch9-Ch8,+0.330,34.180,0.3700,0.4857,low_gamma,0
8,Ch9-Ch8,+0.330,39.673,0.9416,0.7758,low_gamma,0
8,Ch9-Ch8,+0.330,50.659,1.4035,1.3435,high_gamma,0
8,Ch9-Ch8,+0.330,67.139,1.7866,1.9197,high_gamma,1
8,Ch9-Ch8,+0.330,86.670,0.9901,0.8127,high_gamma,0
8,Ch10-Ch9,+0.480,2.441,0.3548,0.2154,delta,0
8,Ch10-Ch9,+0.480,4.883,1.5439,0.8864,theta,0
8,Ch10-Ch9,+0.480,7.324,1.0401,0.1661,theta,0
8,Ch10-Ch9,+0.480,9.766,1.9906,2.1252,alpha,1
8,Ch10-Ch9,+0.480,14.648,1.8336,1.0248,beta,0
8,Ch10-Ch9,+0.480,19.531,1.5947,0.8795,beta,0
8,Ch10-Ch9,+0.480,24.414,1.2878,0.3652,beta,0
8,Ch10-Ch9,+0.480,31.128,1.3257,0.9542,low_gamma,0
8,Ch10-Ch9,+0.480,43.335,0.9492,0.7763,low_gamma,0
8,Ch10-Ch9,+0.480,50.049,1.0083,0.3342,high_gamma,0
8,Ch10-Ch9,+0.480,61.035,1.4907,1.4808,high_gamma,0
8,Ch10-Ch9,+0.480,72.021,1.4885,1.3971,high_gamma,0
8,Ch10-Ch9,+0.480,90.942,0.9490,1.5961,high_gamma,0
8,Ch11-Ch10,+0.630,2.441,0.1693,0.1446,delta,0
8,Ch11-Ch10,+0.630,4.883,1.3548,0.8883,theta,0
8,Ch11-Ch10,+0.630,7.324,0.8597,0.1693,theta,0
8,Ch11-Ch10,+0.630,9.766,1.8158,2.0217,alpha,1
8,Ch11-Ch10,+0.630,14.648,1.6492,1.1378,beta,0
8,Ch11-Ch10,+0.630,19.531,1.4137,0.7179,beta,0
8,Ch11-Ch10,+0.630,22.583,1.1951,0.2678,beta,0
8,Ch11-Ch10,+0.630,27.466,0.8892,0.4893,beta,0
8,Ch11-Ch10,+0.630,31.738,1.1485,1.1624,low_gamma,0
8,Ch11-Ch10,+0.630,38.452,0.9345,0.6907,low_gamma,0
8,Ch11-Ch10,+0.630,47.607,0.6681,0.5322,low_gamma,0
8,Ch11-Ch10,+0.630,55.542,1.1906,1.2286,high_gamma,0
8,Ch11-Ch10,+0.630,72.021,1.2761,1.3511,high_gamma,0
8,Ch11-Ch10,+0.630,95.215,0.1180,0.9884,high_gamma,0
8,Ch12-Ch11,+0.780,4.272,0.5224,1.6758,theta,0
8,Ch12-Ch11,+0.780,7.935,-0.6375,0.1030,theta,0
8,Ch12-Ch11,+0.780,9.766,-0.3777,0.5530,alpha,0
8,Ch12-Ch11,+0.780,15.259,0.1985,0.6764,beta,0
8,Ch12-Ch11,+0.780,18.311,0.3490,1.2307,beta,0
8,Ch12-Ch11,+0.780,21.973,0.0778,0.4771,beta,0
8,Ch12-Ch11,+0.780,27.466,0.4136,1.3729,beta,0
8,Ch12-Ch11,+0.780,33.569,-0.1371,0.6488,low_gamma,0
8,Ch12-Ch11,+0.780,43.335,0.2720,0.9397,low_gamma,0
8,Ch12-Ch11,+0.780,50.049,0.5010,1.0032,high_gamma,0
8,Ch12-Ch11,+0.780,62.256,0.5362,1.6876,high_gamma,0
8,Ch12-Ch11,+0.780,72.021,0.6516,1.4660,high_gamma,1
8,Ch12-Ch11,+0.780,86.670,0.4808,0.8083,high_gamma,0
8,Ch13-Ch12,+0.930,4.883,1.8052,0.9954,theta,0
8,Ch13-Ch12,+0.930,7.324,1.0656,0.0879,theta,0
8,Ch13-Ch12,+0.930,9.766,1.9843,2.4383,alpha,1
8,Ch13-Ch12,+0.930,14.648,1.8158,0.7791,beta,0
8,Ch13-Ch12,+0.930,19.531,1.2416,0.6637,beta,0
8,Ch13-Ch12,+0.930,27.466,0.8908,0.8387,beta,0
8,Ch13-Ch12,+0.930,31.738,1.0559,1.6234,low_gamma,0
8,Ch13-Ch12,+0.930,39.062,0.8587,0.7340,low_gamma,0
8,Ch13-Ch12,+0.930,47.607,0.5820,0.4591,low_gamma,0
8,Ch13-Ch12,+0.930,56.763,1.0397,1.1600,high_gamma,0
8,Ch13-Ch12,+0.930,74.463,1.2057,1.8389,high_gamma,0
8,Ch13-Ch12,+0.930,90.942,0.8140,1.3976,high_gamma,0
8,Ch14-Ch13,+1.080,4.883,1.9365,1.0095,theta,0
8,Ch14-Ch13,+1.080,9.766,2.1096,2.4410,alpha,1
8,Ch14-Ch13,+1.080,14.648,1.9411,0.7604,beta,0
8,Ch14-Ch13,+1.080,17.090,1.2991,0.3736,beta,0
8,Ch14-Ch13,+1.080,20.142,1.3130,0.6540,beta,0
8,Ch14-Ch13,+1.080,27.466,0.9009,0.7785,beta,0
8,Ch14-Ch13,+1.080,31.738,1.2032,1.7664,low_gamma,0
8,Ch14-Ch13,+1.080,39.062,0.9820,0.8426,low_gamma,0
8,Ch14-Ch13,+1.080,51.880,0.8507,0.7137,high_gamma,0
8,Ch14-Ch13,+1.080,62.866,1.0331,1.1245,high_gamma,0
8,Ch14-Ch13,+1.080,73.853,1.1359,1.5241,high_gamma,0
8,Ch14-Ch13,+1.080,90.942,0.8109,1.2794,high_gamma,0
8,Ch15-Ch14,+1.230,4.272,-0.4140,1.3558,theta,0
8,Ch15-Ch14,+1.230,9.766,0.2130,2.1656,alpha,1
8,Ch15-Ch14,+1.230,14.648,0.2050,0.8569,beta,0
8,Ch15-Ch14,+1.230,17.090,-0.3801,0.1672,beta,0
8,Ch15-Ch14,+1.230,20.142,-0.1635,0.7749,beta,0
8,Ch15-Ch14,+1.230,23.804,-0.5988,0.1783,beta,0
8,Ch15-Ch14,+1.230,27.466,-0.3370,1.1543,beta,0
8,Ch15-Ch14,+1.230,32.349,-0.3980,1.1974,low_gamma,0
8,Ch15-Ch14,+1.230,37.231,-0.7002,1.0880,low_gamma,0
8,Ch15-Ch14,+1.230,47.607,-0.3894,1.3595,low_gamma,0
8,Ch15-Ch14,+1.230,61.035,-0.3211,1.5679,high_gamma,0
8,Ch15-Ch14,+1.230,74.463,-0.0100,1.5398,high_gamma,0
8,Ch15-Ch14,+1.230,90.942,-0.1736,1.0766,high_gamma,0
9,Ch1-Ch0,-0.865,1.831,-1.1660,0.0750,delta,0
9,Ch1-Ch0,-0.865,4.883,-0.6126,0.3685,theta,0
9,Ch1-Ch0,-0.865,6.104,-0.8249,0.1276,theta,0
9,Ch1-Ch0,-0.865,10.376,0.4876,2.0210,alpha,1
9,Ch1-Ch0,-0.865,14.038,-0.2661,0.2345,beta,0
9,Ch1-Ch0,-0.865,17.090,0.2377,0.3887,beta,0
9,Ch1-Ch0,-0.865,20.142,0.3072,0.8103,beta,0
9,Ch1-Ch0,-0.865,23.193,-0.3408,0.3743,beta,0
9,Ch1-Ch0,-0.865,27.466,-0.1851,1.0003,beta,0
9,Ch1-Ch0,-0.865,36.011,-0.1415,0.8673,low_gamma,0
9,Ch1-Ch0,-0.865,45.776,-0.1473,0.7266,low_gamma,0
9,Ch1-Ch0,-0.865,62.866,0.2873,1.7994,high_gamma,0
9,Ch1-Ch0,-0.865,81.787,0.0581,1.1062,high_gamma,0
9,Ch1-Ch0,-0.865,93.994,-0.6022,0.7653,high_gamma,0
9,Ch2-Ch1,-0.715,1.831,-0.7300,0.0762,delta,0
9,Ch2-Ch1,-0.715,4.883,-0.3037,0.3322,theta,0
9,Ch2-Ch1,-0.715,6.104,-0.4367,0.1541,theta,0
9,Ch2-Ch1,-0.715,10.376,0.9042,2.0417,alpha,1
9,Ch2-Ch1,-0.715,14.038,0.2278,0.2773,beta,0
9,Ch2-Ch1,-0.715,17.090,0.6910,0.4105,beta,0
9,Ch2-Ch1,-0.715,20.142,0.7538,0.8555,beta,0
9,Ch2-Ch1,-0.715,23.193,0.0572,0.3911,beta,0
9,Ch2-Ch1,-0.715,27.466,0.2166,1.0294,beta,0
9,Ch2-Ch1,-0.715,36.011,0.2908,0.8100,low_gamma,0
9,Ch2-Ch1,-0.715,45.776,0.2801,0.7762,low_gamma,0
9,Ch2-Ch1,-0.715,62.866,0.7007,1.7048,high_gamma,0
9,Ch2-Ch1,-0.715,81.787,0.5780,1.1822,high_gamma,0
9,Ch2-Ch1,-0.715,94.604,-0.1236,0.7532,high_gamma,0
9,Ch3-Ch2,-0.565,3.052,-1.1262,0.1523,delta,0
9,Ch3-Ch2,-0.565,4.883,0.3982,0.4842,theta,0
9,Ch3-Ch2,-0.565,7.935,0.7397,0.1610,theta,0
9,Ch3-Ch2,-0.565,10.376,1.4250,2.4387,alpha,1
9,Ch3-Ch2,-0.565,14.038,0.6753,0.3927,beta,0
9,Ch3-Ch2,-0.565,19.531,1.0296,0.8761,beta,0
9,Ch3-Ch2,-0.565,22.583,0.3965,0.7149,beta,0
9,Ch3-Ch2,-0.565,27.466,0.6655,1.1579,beta,0
9,Ch3-Ch2,-0.565,32.349,0.4679,1.0722,low_gamma,0
9,Ch3-Ch2,-0.565,42.725,0.3247,0.6072,low_gamma,0
9,Ch3-Ch2,-0.565,51.270,0.6918,1.2379,high_gamma,0
9,Ch3-Ch2,-0.565,64.087,0.9875,1.8693,high_gamma,0
9,Ch3-Ch2,-0.565,84.839,0.7451,1.0313,high_gamma,0
9,Ch4-Ch3,-0.415,4.883,0.7928,1.0852,theta,0
9,Ch4-Ch3,-0.415,7.324,0.5082,0.1629,theta,0
9,Ch4-Ch3,-0.415,10.376,0.7767,0.4712,alpha,0
9,Ch4-Ch3,-0.415,12.817,0.4053,0.1390,alpha,0
9,Ch4-Ch3,-0.415,18.311,0.6223,0.9983,beta,0
9,Ch4-Ch3,-0.415,24.414,0.5986,0.7162,beta,0
9,Ch4-Ch3,-0.415,31.128,0.3189,0.8519,low_gamma,0
9,Ch4-Ch3,-0.415,40.894,0.6540,1.4308,low_gamma,0
9,Ch4-Ch3,-0.415,47.607,0.3921,0.3048,low_gamma,0
9,Ch4-Ch3,-0.415,54.932,1.0098,1.2140,high_gamma,0
9,Ch4-Ch3,-0.415,65.918,1.1108,1.7639,high_gamma,1
9,Ch4-Ch3,-0.415,81.787,1.0978,1.2369,high_gamma,0
9,Ch4-Ch3,-0.415,94.604,0.5303,1.0520,high_gamma,0
9,Ch5-Ch4,-0.265,4.883,1.3793,1.4486,theta,0
9,Ch5-Ch4,-0.265,10.376,1.1444,0.6114,alpha,0
9,Ch5-Ch4,-0.265,12.817,0.6619,0.0847,alpha,0
9,Ch5-Ch4,-0.265,16.479,1.1492,0.9810,beta,0
9,Ch5-Ch4,-0.265,20.142,0.9555,0.6119,beta,0
9,Ch5-Ch4,-0.265,26.245,0.9861,0.9194,beta,0
9,Ch5-Ch4,-0.265,32.349,0.6298,0.6583,low_gamma,0
9,Ch5-Ch4,-0.265,40.894,0.8927,1.0059,low_gamma,0
9,Ch5-Ch4,-0.265,48.828,0.8105,0.5760,low_gamma,0
9,Ch5-Ch4,-0.265,62.866,1.3925,1.5622,high_gamma,1
9,Ch5-Ch4,-0.265,73.242,1.3798,1.5227,high_gamma,0
9,Ch5-Ch4,-0.265,92.163,0.7024,0.8575,high_gamma,0
9,Ch6-Ch5,-0.115,4.272,1.8102,2.1197,theta,1
9,Ch6-Ch5,-0.115,7.935,1.0272,0.4007,theta,0
9,Ch6-Ch5,-0.115,10.986,1.4089,0.8152,alpha,0
9,Ch6-Ch5,-0.115,12.817,0.8418,0.1989,alpha,0
9,Ch6-Ch5,-0.115,15.259,1.5661,1.0549,beta,0
9,Ch6-Ch5,-0.115,20.142,1.1390,0.4422,beta,0
9,Ch6-Ch5,-0.115,26.245,0.8248,0.7659,beta,0
9,Ch6-Ch5,-0.115,32.349,0.7311,0.8895,low_gamma,0
9,Ch6-Ch5,-0.115,38.452,0.9555,0.7389,low_gamma,0
9,Ch6-Ch5,-0.115,48.828,1.1538,0.9015,low_gamma,0
9,Ch6-Ch5,-0.115,56.152,1.3191,1.0665,high_gamma,0
9,Ch6-Ch5,-0.115,68.970,1.6687,1.8643,high_gamma,0
9,Ch6-Ch5,-0.115,81.787,1.2379,0.9256,high_gamma,0
9,Ch6-Ch5,-0.115,96.436,1.0249,1.2072,high_gamma,0
9,Ch7-Ch6,+0.030,4.272,1.6873,2.2443,theta,1
9,Ch7-Ch6,+0.030,7.935,0.9114,0.5218,theta,0
9,Ch7-Ch6,+0.030,9.155,0.5743,0.3857,alpha,0
9,Ch7-Ch6,+0.030,10.986,0.8868,0.8314,alpha,0
9,Ch7-Ch6,+0.030,15.259,0.9880,0.6938,beta,0
9,Ch7-Ch6,+0.030,22.583,1.1642,2.0676,beta,0
9,Ch7-Ch6,+0.030,29.907,0.6366,0.5388,beta,0
9,Ch7-Ch6,+0.030,39.062,0.8145,0.8836,low_gamma,0
9,Ch7-Ch6,+0.030,49.438,0.9351,1.3125,low_gamma,0
9,Ch7-Ch6,+0.030,65.308,1.0447,0.8998,high_gamma,0
9,Ch7-Ch6,+0.030,87.280,1.2924,1.9895,high_gamma,0
9,Ch8-Ch7,+0.180,1.831,0.3640,0.0683,delta,0
9,Ch8-Ch7,+0.180,4.272,1.6439,1.6863,theta,1
9,Ch8-Ch7,+0.180,7.324,0.8107,0.1200,theta,0
9,Ch8-Ch7,+0.180,9.155,0.6728,0.4409,alpha,0
9,Ch8-Ch7,+0.180,11.597,1.2555,0.7969,alpha,0
9,Ch8-Ch7,+0.180,17.090,1.1066,0.2990,beta,0
9,Ch8-Ch7,+0.180,22.583,1.4858,1.4510,beta,0
9,Ch8-Ch7,+0.180,26.245,1.1802,0.5907,beta,0
9,Ch8-Ch7,+0.180,34.180,1.0856,1.0108,low_gamma,0
9,Ch8-Ch7,+0.180,42.114,1.0974,0.8342,low_gamma,0
9,Ch8-Ch7,+0.180,53.711,1.3939,1.3346,high_gamma,0
9,Ch8-Ch7,+0.180,67.139,1.5026,1.4850,high_gamma,0
9,Ch8-Ch7,+0.180,80.566,1.4198,1.2425,high_gamma,0
9,Ch8-Ch7,+0.180,96.436,0.6034,0.4765,high_gamma,0
9,Ch9-Ch8,+0.330,4.883,1.5442,1.2378,theta,0
9,Ch9-Ch8,+0.330,10.986,1.5519,1.9255,alpha,1
9,Ch9-Ch8,+0.330,15.259,1.4993,0.7714,beta,0
9,Ch9-Ch8,+0.330,21.362,0.9440,0.7455,beta,0
9,Ch9-Ch8,+0.330,27.466,0.9781,1.1561,beta,0
9,Ch9-Ch8,+0.330,38.452,0.8769,0.7776,low_gamma,0
9,Ch9-Ch8,+0.330,44.556,0.8601,0.5608,low_gamma,0
9,Ch9-Ch8,+0.330,55.542,1.0960,0.8514,high_gamma,0
9,Ch9-Ch8,+0.330,68.970,1.5404,1.7926,high_gamma,0
9,Ch9-Ch8,+0.330,79.346,0.7942,0.1347,high_gamma,0
9,Ch9-Ch8,+0.330,92.163,0.7970,1.1583,high_gamma,0
9,Ch10-Ch9,+0.480,4.272,1.4492,0.8582,theta,0
9,Ch10-Ch9,+0.480,7.324,1.2539,0.5871,theta,0
9,Ch10-Ch9,+0.480,9.766,1.6868,0.1816,alpha,0
9,Ch10-Ch9,+0.480,11.597,1.8162,1.9554,alpha,1
9,Ch10-Ch9,+0.480,14.038,1.6359,0.3072,beta,0
9,Ch10-Ch9,+0.480,16.479,1.6582,0.9872,beta,0
9,Ch10-Ch9,+0.480,24.414,1.2795,0.5676,beta,0
9,Ch10-Ch9,+0.480,32.959,0.8950,0.5790,low_gamma,0
9,Ch10-Ch9,+0.480,38.452,1.3883,1.2897,low_gamma,0
9,Ch10-Ch9,+0.480,45.166,0.9543,0.9268,low_gamma,0
9,Ch10-Ch9,+0.480,53.101,1.0313,1.0414,high_gamma,0
9,Ch10-Ch9,+0.480,62.866,1.3330,1.7278,high_gamma,0
9,Ch10-Ch9,+0.480,79.956,1.2736,0.8863,high_gamma,0
9,Ch10-Ch9,+0.480,97.656,0.8825,0.8233,high_gamma,0
9,Ch11-Ch10,+0.630,4.272,1.2748,0.9778,theta,0
9,Ch11-Ch10,+0.630,7.324,1.1254,0.5667,theta,0
9,Ch11-Ch10,+0.630,9.766,1.4762,0.2491,alpha,0
9,Ch11-Ch10,+0.630,11.597,1.6172,1.9492,alpha,1
9,Ch11-Ch10,+0.630,14.038,1.4890,0.3130,beta,0
9,Ch11-Ch10,+0.630,16.479,1.4694,0.7412,beta,0
9,Ch11-Ch10,+0.630,19.531,1.2847,1.1186,beta,0
9,Ch11-Ch10,+0.630,24.414,1.0531,0.6317,beta,0
9,Ch11-Ch10,+0.630,30.518,0.6659,0.4547,low_gamma,0
9,Ch11-Ch10,+0.630,38.452,1.1923,1.2339,low_gamma,0
9,Ch11-Ch10,+0.630,45.166,0.6038,0.6067,low_gamma,0
9,Ch11-Ch10,+0.630,53.711,0.9211,1.2663,high_gamma,0
9,Ch11-Ch10,+0.630,62.256,1.2727,1.6993,high_gamma,0
9,Ch11-Ch10,+0.630,79.956,1.1033,0.8265,high_gamma,0
9,Ch11-Ch10,+0.630,94.604,0.6651,1.1509,high_gamma,0
9,Ch12-Ch11,+0.780,4.272,0.4825,1.8169,theta,0
9,Ch12-Ch11,+0.780,7.935,0.1054,0.5452,theta,0
9,Ch12-Ch11,+0.780,10.376,0.1902,1.0026,alpha,0
9,Ch12-Ch11,+0.780,13.428,0.0271,0.7203,beta,0
9,Ch12-Ch11,+0.780,16.479,0.3902,1.2373,beta,0
9,Ch12-Ch11,+0.780,20.142,0.2641,0.7366,beta,0
9,Ch12-Ch11,+0.780,24.414,-0.1683,0.4609,beta,0
9,Ch12-Ch11,+0.780,31.128,0.0735,1.0559,low_gamma,0
9,Ch12-Ch11,+0.780,38.452,0.2780,1.5385,low_gamma,0
9,Ch12-Ch11,+0.780,52.490,-0.0202,0.5419,high_gamma,0
9,Ch12-Ch11,+0.780,60.425,0.4267,0.9669,high_gamma,0
9,Ch12-Ch11,+0.780,76.904,0.5605,1.9591,high_gamma,1
9,Ch12-Ch11,+0.780,97.046,0.3526,1.1999,high_gamma,0
9,Ch13-Ch12,+0.930,4.272,2.1197,1.8278,theta,1
9,Ch13-Ch12,+0.930,7.935,1.5510,0.2526,theta,0
9,Ch13-Ch12,+0.930,9.766,1.8819,0.2149,alpha,0
9,Ch13-Ch12,+0.930,11.597,1.9266,0.7140,alpha,0
9,Ch13-Ch12,+0.930,14.038,1.7633,0.4392,beta,0
9,Ch13-Ch12,+0.930,16.479,1.5764,0.9462,beta,0
9,Ch13-Ch12,+0.930,21.362,1.0750,0.3352,beta,0
9,Ch13-Ch12,+0.930,25.635,1.0124,1.1092,beta,0
9,Ch13-Ch12,+0.930,32.959,0.7601,0.8728,low_gamma,0
9,Ch13-Ch12,+0.930,39.062,0.9154,1.1875,low_gamma,0
9,Ch13-Ch12,+0.930,51.270,0.6675,0.7827,high_gamma,0
9,Ch13-Ch12,+0.930,64.087,0.9870,1.5002,high_gamma,0
9,Ch13-Ch12,+0.930,79.956,0.6113,1.0129,high_gamma,0
9,Ch13-Ch12,+0.930,97.656,0.6875,1.1581,high_gamma,0
9,Ch14-Ch13,+1.080,4.272,2.2604,1.8060,theta,1
9,Ch14-Ch13,+1.080,7.935,1.6647,0.2506,theta,0
9,Ch14-Ch13,+1.080,9.766,2.0261,0.1928,alpha,0
9,Ch14-Ch13,+1.080,11.597,2.0499,0.6910,alpha,0
9,Ch14-Ch13,+1.080,14.038,1.8866,0.4540,beta,0
9,Ch14-Ch13,+1.080,16.479,1.6797,0.8558,beta,0
9,Ch14-Ch13,+1.080,21.362,1.1956,0.3829,beta,0
9,Ch14-Ch13,+1.080,25.635,1.0847,0.9130,beta,0
9,Ch14-Ch13,+1.080,32.959,0.8231,0.8652,low_gamma,0
9,Ch14-Ch13,+1.080,39.062,0.9616,1.0821,low_gamma,0
9,Ch14-Ch13,+1.080,45.166,0.7647,0.1831,low_gamma,0
9,Ch14-Ch13,+1.080,54.321,0.8748,0.8097,high_gamma,0
9,Ch14-Ch13,+1.080,64.087,1.0743,1.5650,high_gamma,0
9,Ch14-Ch13,+1.080,81.177,0.7542,1.1947,high_gamma,0
9,Ch14-Ch13,+1.080,95.825,0.6613,1.0164,high_gamma,0
9,Ch15-Ch14,+1.230,4.272,-0.0965,1.0241,theta,0
9,Ch15-Ch14,+1.230,7.935,-0.1790,0.1256,theta,0
9,Ch15-Ch14,+1.230,9.766,0.1008,0.5868,alpha,0
9,Ch15-Ch14,+1.230,11.597,-0.0541,0.3285,alpha,0
9,Ch15-Ch14,+1.230,14.038,0.2023,2.2471,beta,1
9,Ch15-Ch14,+1.230,16.479,-0.0128,0.6964,beta,0
9,Ch15-Ch14,+1.230,21.362,0.0048,0.8470,beta,0
9,Ch15-Ch14,+1.230,26.245,-0.4687,0.6041,beta,0
9,Ch15-Ch14,+1.230,32.959,-0.8277,0.2924,low_gamma,0
9,Ch15-Ch14,+1.230,39.062,-0.5132,0.7496,low_gamma,0
9,Ch15-Ch14,+1.230,48.828,-0.5258,1.0550,low_gamma,0
9,Ch15-Ch14,+1.230,64.087,-0.2680,1.4875,high_gamma,0
9,Ch15-Ch14,+1.230,81.787,-0.3098,0.9382,high_gamma,0
9,Ch15-Ch14,+1.230,97.656,-0.1235,1.7819,high_gamma,0
10,Ch1-Ch0,-0.865,1.831,-0.8928,0.1320,delta,0
10,Ch1-Ch0,-0.865,4.883,-0.9305,0.4966,theta,0
10,Ch1-Ch0,-0.865,9.155,0.1498,0.7125,alpha,0
10,Ch1-Ch0,-0.865,12.207,0.8327,2.5602,alpha,1
10,Ch1-Ch0,-0.865,14.038,0.1157,0.2338,beta,0
10,Ch1-Ch0,-0.865,19.531,-0.2430,0.1895,beta,0
10,Ch1-Ch0,-0.865,23.193,-0.0221,0.8393,beta,0
10,Ch1-Ch0,-0.865,29.297,-0.2172,0.9233,beta,0
10,Ch1-Ch0,-0.865,35.400,-0.2389,0.7303,low_gamma,0
10,Ch1-Ch0,-0.865,43.945,-0.1517,1.1938,low_gamma,0
10,Ch1-Ch0,-0.865,51.880,0.4319,0.9402,high_gamma,0
10,Ch1-Ch0,-0.865,59.814,0.4783,1.7663,high_gamma,0
10,Ch1-Ch0,-0.865,78.125,0.1422,0.9973,high_gamma,0
10,Ch1-Ch0,-0.865,90.332,-0.3100,0.6856,high_gamma,0
10,Ch2-Ch1,-0.715,1.831,-0.4565,0.1233,delta,0
10,Ch2-Ch1,-0.715,4.883,-0.5652,0.4974,theta,0
10,Ch2-Ch1,-0.715,9.155,0.5854,0.6570,alpha,0
10,Ch2-Ch1,-0.715,12.207,1.3098,2.4767,alpha,1
10,Ch2-Ch1,-0.715,14.038,0.6131,0.2046,beta,0
10,Ch2-Ch1,-0.715,19.531,0.1816,0.1829,beta,0
10,Ch2-Ch1,-0.715,23.193,0.4290,0.8275,beta,0
10,Ch2-Ch1,-0.715,29.297,0.2027,0.9253,beta,0
10,Ch2-Ch1,-0.715,35.400,0.1165,0.7026,low_gamma,0
10,Ch2-Ch1,-0.715,43.945,0.2147,1.1379,low_gamma,0
10,Ch2-Ch1,-0.715,51.880,0.8630,0.9381,high_gamma,0
10,Ch2-Ch1,-0.715,59.814,0.9198,1.7060,high_gamma,0
10,Ch2-Ch1,-0.715,78.125,0.6484,1.2178,high_gamma,0
10,Ch2-Ch1,-0.715,94.604,0.0971,0.6232,high_gamma,0
10,Ch3-Ch2,-0.565,1.831,0.1569,0.1592,delta,0
10,Ch3-Ch2,-0.565,4.883,0.0974,0.5775,theta,0
10,Ch3-Ch2,-0.565,7.324,0.1982,0.2402,theta,0
10,Ch3-Ch2,-0.565,9.155,0.9313,0.8555,alpha,0
10,Ch3-Ch2,-0.565,12.207,1.6284,2.1412,alpha,1
10,Ch3-Ch2,-0.565,14.038,0.8261,0.2717,beta,0
10,Ch3-Ch2,-0.565,19.531,0.3358,0.4553,beta,0
10,Ch3-Ch2,-0.565,22.583,0.4217,0.1830,beta,0
10,Ch3-Ch2,-0.565,27.466,0.3598,1.0453,beta,0
10,Ch3-Ch2,-0.565,35.400,0.5666,1.4431,low_gamma,0
10,Ch3-Ch2,-0.565,45.776,0.7810,0.7919,low_gamma,0
10,Ch3-Ch2,-0.565,57.373,1.0331,1.4027,high_gamma,0
10,Ch3-Ch2,-0.565,66.528,1.2114,2.1089,high_gamma,0
10,Ch3-Ch2,-0.565,84.839,0.5312,0.9313,high_gamma,0
10,Ch3-Ch2,-0.565,98.877,0.4780,0.1461,high_gamma,0
10,Ch4-Ch3,-0.415,3.052,-0.0748,0.1133,delta,0
10,Ch4-Ch3,-0.415,5.493,0.1933,0.1098,theta,0
10,Ch4-Ch3,-0.415,9.766,0.8555,0.8416,alpha,0
10,Ch4-Ch3,-0.415,12.817,0.4585,0.1123,alpha,0
10,Ch4-Ch3,-0.415,15.869,0.6117,0.5547,beta,0
10,Ch4-Ch3,-0.415,20.752,0.8581,1.8238,beta,0
10,Ch4-Ch3,-0.415,28.687,0.5352,0.7324,beta,0
10,Ch4-Ch3,-0.415,34.790,0.6876,1.2039,low_gamma,0
10,Ch4-Ch3,-0.415,45.166,0.4691,0.8402,low_gamma,0
10,Ch4-Ch3,-0.415,59.814,1.4471,1.8772,high_gamma,1
10,Ch4-Ch3,-0.415,73.853,1.1424,0.8263,high_gamma,0
10,Ch4-Ch3,-0.415,87.280,0.8106,1.1197,high_gamma,0
10,Ch5-Ch4,-0.265,5.493,1.0927,1.0041,theta,0
10,Ch5-Ch4,-0.265,9.766,1.0303,0.5545,alpha,0
10,Ch5-Ch4,-0.265,12.207,1.3276,1.8988,alpha,1
10,Ch5-Ch4,-0.265,15.869,1.0957,0.6060,beta,0
10,Ch5-Ch4,-0.265,20.752,1.1874,1.0093,beta,0
10,Ch5-Ch4,-0.265,28.687,0.7610,0.8427,beta,0
10,Ch5-Ch4,-0.265,35.400,0.9256,1.1629,low_gamma,0
10,Ch5-Ch4,-0.265,45.776,0.7154,1.3550,low_gamma,0
10,Ch5-Ch4,-0.265,54.321,1.2339,1.6408,high_gamma,0
10,Ch5-Ch4,-0.265,68.970,1.3027,1.5456,high_gamma,0
10,Ch5-Ch4,-0.265,90.332,1.1579,1.3179,high_gamma,0
10,Ch6-Ch5,-0.115,2.441,0.1049,0.1177,delta,0
10,Ch6-Ch5,-0.115,4.272,1.2132,0.1030,theta,0
10,Ch6-Ch5,-0.115,5.493,1.3593,0.9487,theta,0
10,Ch6-Ch5,-0.115,8.545,1.1348,0.4902,alpha,0
10,Ch6-Ch5,-0.115,12.207,1.6459,1.6870,alpha,1
10,Ch6-Ch5,-0.115,17.090,1.3522,0.5541,beta,0
10,Ch6-Ch5,-0.115,20.752,1.0576,1.6601,beta,0
10,Ch6-Ch5,-0.115,25.635,0.8917,0.5419,beta,0
10,Ch6-Ch5,-0.115,35.400,0.9376,0.9232,low_gamma,0
10,Ch6-Ch5,-0.115,43.945,0.6798,0.5793,low_gamma,0
10,Ch6-Ch5,-0.115,59.204,1.3480,1.1311,high_gamma,0
10,Ch6-Ch5,-0.115,71.411,1.5491,1.6527,high_gamma,0
10,Ch6-Ch5,-0.115,90.332,1.2952,1.0642,high_gamma,0
10,Ch7-Ch6,+0.030,4.883,1.1463,1.0431,theta,0
10,Ch7-Ch6,+0.030,9.155,0.7463,0.5498,alpha,0
10,Ch7-Ch6,+0.030,12.207,1.2353,1.3806,alpha,0
10,Ch7-Ch6,+0.030,14.038,0.6355,0.0857,beta,0
10,Ch7-Ch6,+0.030,16.479,1.0634,0.5140,beta,0
10,Ch7-Ch6,+0.030,20.142,0.7038,0.5888,beta,0
10,Ch7-Ch6,+0.030,25.635,0.8485,1.1419,beta,0
10,Ch7-Ch6,+0.030,34.790,0.6158,0.5270,low_gamma,0
10,Ch7-Ch6,+0.030,40.894,0.3871,0.3295,low_gamma,0
10,Ch7-Ch6,+0.030,48.828,1.0780,1.0569,low_gamma,0
10,Ch7-Ch6,+0.030,56.763,1.3174,1.7348,high_gamma,1
10,Ch7-Ch6,+0.030,72.632,1.1726,1.4075,high_gamma,0
10,Ch7-Ch6,+0.030,85.449,1.0951,1.1934,high_gamma,0
10,Ch8-Ch7,+0.180,1.831,0.3364,0.2013,delta,0
10,Ch8-Ch7,+0.180,3.052,0.4777,0.3879,delta,0
10,Ch8-Ch7,+0.180,4.883,1.3743,1.3491,theta,0
10,Ch8-Ch7,+0.180,9.766,0.8433,0.4066,alpha,0
10,Ch8-Ch7,+0.180,12.207,1.5508,1.8076,alpha,1
10,Ch8-Ch7,+0.180,15.869,0.9739,0.3005,beta,0
10,Ch8-Ch7,+0.180,19.531,1.3597,1.3818,beta,0
10,Ch8-Ch7,+0.180,23.193,0.9765,0.5631,beta,0
10,Ch8-Ch7,+0.180,29.907,0.8715,0.4709,beta,0
10,Ch8-Ch7,+0.180,37.231,1.0683,0.9129,low_gamma,0
10,Ch8-Ch7,+0.180,50.049,1.3156,1.5694,high_gamma,0
10,Ch8-Ch7,+0.180,64.087,1.3491,0.9031,high_gamma,0
10,Ch8-Ch7,+0.180,80.566,1.5046,1.5487,high_gamma,0
10,Ch8-Ch7,+0.180,97.046,1.1492,1.1584,high_gamma,0
10,Ch9-Ch8,+0.330,2.441,-0.4207,0.0780,delta,0
10,Ch9-Ch8,+0.330,5.493,1.1462,0.6439,theta,0
10,Ch9-Ch8,+0.330,7.324,0.6710,0.0509,theta,0
10,Ch9-Ch8,+0.330,8.545,1.1669,0.8038,alpha,0
10,Ch9-Ch8,+0.330,12.207,1.9956,3.0498,alpha,1
10,Ch9-Ch8,+0.330,17.090,1.2808,0.2619,beta,0
10,Ch9-Ch8,+0.330,20.752,1.0587,1.5772,beta,0
10,Ch9-Ch8,+0.330,28.076,0.8843,0.8131,beta,0
10,Ch9-Ch8,+0.330,34.790,0.7263,0.7526,low_gamma,0
10,Ch9-Ch8,+0.330,49.438,1.1458,1.2034,low_gamma,0
10,Ch9-Ch8,+0.330,67.139,1.4843,2.0589,high_gamma,0
10,Ch9-Ch8,+0.330,77.515,1.0365,0.1722,high_gamma,0
10,Ch9-Ch8,+0.330,90.332,1.0736,1.8421,high_gamma,0
10,Ch10-Ch9,+0.480,4.272,1.1901,0.1390,theta,0
10,Ch10-Ch9,+0.480,6.104,1.2438,0.3133,theta,0
10,Ch10-Ch9,+0.480,8.545,1.3862,0.8971,alpha,0
10,Ch10-Ch9,+0.480,12.207,1.8641,1.9918,alpha,1
10,Ch10-Ch9,+0.480,15.869,1.7705,0.9973,beta,0
10,Ch10-Ch9,+0.480,20.752,1.2089,0.5336,beta,0
10,Ch10-Ch9,+0.480,25.024,1.3220,0.8475,beta,0
10,Ch10-Ch9,+0.480,30.518,1.2951,0.6907,low_gamma,0
10,Ch10-Ch9,+0.480,36.621,0.8888,0.8211,low_gamma,0
10,Ch10-Ch9,+0.480,42.725,0.9637,1.0380,low_gamma,0
10,Ch10-Ch9,+0.480,56.152,1.3646,1.0790,high_gamma,0
10,Ch10-Ch9,+0.480,66.528,1.0316,0.4626,high_gamma,0
10,Ch10-Ch9,+0.480,77.515,1.5820,1.9379,high_gamma,0
10,Ch10-Ch9,+0.480,89.722,1.1031,1.1451,high_gamma,0
10,Ch11-Ch10,+0.630,4.272,1.0731,0.1223,theta,0
10,Ch11-Ch10,+0.630,6.104,1.0860,0.3264,theta,0
10,Ch11-Ch10,+0.630,8.545,1.2116,0.7718,alpha,0
10,Ch11-Ch10,+0.630,12.207,1.6129,1.0462,alpha,0
10,Ch11-Ch10,+0.630,15.869,1.6292,1.8857,beta,1
10,Ch11-Ch10,+0.630,20.752,1.0431,0.7134,beta,0
10,Ch11-Ch10,+0.630,25.024,1.1473,0.7375,beta,0
10,Ch11-Ch10,+0.630,30.518,1.2196,0.9487,low_gamma,0
10,Ch11-Ch10,+0.630,36.621,0.8249,0.7613,low_gamma,0
10,Ch11-Ch10,+0.630,43.335,0.7128,0.3374,low_gamma,0
10,Ch11-Ch10,+0.630,52.490,1.1624,1.6361,high_gamma,0
10,Ch11-Ch10,+0.630,62.866,1.1571,1.2590,high_gamma,0
10,Ch11-Ch10,+0.630,77.515,1.3159,1.8744,high_gamma,0
10,Ch11-Ch10,+0.630,97.046,0.6942,0.7453,high_gamma,0
10,Ch12-Ch11,+0.780,1.831,-1.2977,0.4617,delta,0
10,Ch12-Ch11,+0.780,4.883,-0.2056,0.9370,theta,0
10,Ch12-Ch11,+0.780,7.935,-0.5252,0.5370,theta,0
10,Ch12-Ch11,+0.780,11.597,0.2885,0.3857,alpha,0
10,Ch12-Ch11,+0.780,15.869,0.3944,2.0811,beta,0
10,Ch12-Ch11,+0.780,21.362,-0.0605,0.4580,beta,0
10,Ch12-Ch11,+0.780,25.024,0.2567,1.1896,beta,0
10,Ch12-Ch11,+0.780,30.518,-0.0363,1.2560,low_gamma,0
10,Ch12-Ch11,+0.780,36.621,0.2159,1.0891,low_gamma,0
10,Ch12-Ch11,+0.780,42.114,0.1144,0.9464,low_gamma,0
10,Ch12-Ch11,+0.780,54.321,0.4601,0.8863,high_gamma,0
10,Ch12-Ch11,+0.780,62.866,0.5340,0.9135,high_gamma,0
10,Ch12-Ch11,+0.780,77.515,0.6881,1.5144,high_gamma,1
10,Ch12-Ch11,+0.780,90.332,0.3159,1.0266,high_gamma,0
10,Ch13-Ch12,+0.930,4.272,1.5599,0.2782,theta,0
10,Ch13-Ch12,+0.930,6.104,1.5348,0.2511,theta,0
10,Ch13-Ch12,+0.930,8.545,1.6069,0.7807,alpha,0
10,Ch13-Ch12,+0.930,12.207,2.1502,2.6958,alpha,1
10,Ch13-Ch12,+0.930,15.869,1.5998,0.7046,beta,0
10,Ch13-Ch12,+0.930,20.752,1.0327,0.6593,beta,0
10,Ch13-Ch12,+0.930,28.687,1.0486,0.8972,beta,0
10,Ch13-Ch12,+0.930,34.180,0.9805,0.4629,low_gamma,0
10,Ch13-Ch12,+0.930,40.894,0.8276,0.6585,low_gamma,0
10,Ch13-Ch12,+0.930,52.490,0.9452,1.2273,high_gamma,0
10,Ch13-Ch12,+0.930,62.866,0.8471,0.7416,high_gamma,0
10,Ch13-Ch12,+0.930,77.515,1.0063,1.5197,high_gamma,0
10,Ch13-Ch12,+0.930,91.553,0.7009,1.0532,high_gamma,0
10,Ch14-Ch13,+1.080,4.272,1.6904,0.2861,theta,0
10,Ch14-Ch13,+1.080,6.104,1.6714,0.2420,theta,0
10,Ch14-Ch13,+1.080,8.545,1.7387,0.7920,alpha,0
10,Ch14-Ch13,+1.080,12.207,2.2939,3.2339,alpha,1
10,Ch14-Ch13,+1.080,15.869,1.6803,0.6852,beta,0
10,Ch14-Ch13,+1.080,20.752,1.1486,0.6210,beta,0
10,Ch14-Ch13,+1.080,28.687,1.1266,0.9884,beta,0
10,Ch14-Ch13,+1.080,33.569,1.0767,0.6458,low_gamma,0
10,Ch14-Ch13,+1.080,40.894,0.8878,0.9030,low_gamma,0
10,Ch14-Ch13,+1.080,52.490,0.9863,1.1156,high_gamma,0
10,Ch14-Ch13,+1.080,70.190,0.9937,1.6838,high_gamma,0
10,Ch14-Ch13,+1.080,82.397,0.8275,1.3345,high_gamma,0
10,Ch14-Ch13,+1.080,96.436,0.2202,0.4614,high_gamma,0
10,Ch15-Ch14,+1.230,1.831,-1.8746,0.2761,delta,0
10,Ch15-Ch14,+1.230,4.883,-0.4839,0.5154,theta,0
10,Ch15-Ch14,+1.230,9.155,-0.3711,0.2288,alpha,0
10,Ch15-Ch14,+1.230,12.207,0.2541,2.2998,alpha,1
10,Ch15-Ch14,+1.230,17.700,-0.2090,1.0519,beta,0
10,Ch15-Ch14,+1.230,21.362,-0.4028,0.4028,beta,0
10,Ch15-Ch14,+1.230,25.024,-0.2922,1.3225,beta,0
10,Ch15-Ch14,+1.230,29.297,-0.4603,0.7368,beta,0
10,Ch15-Ch14,+1.230,34.180,-0.5360,0.5183,low_gamma,0
10,Ch15-Ch14,+1.230,45.166,-0.3249,1.2843,low_gamma,0
10,Ch15-Ch14,+1.230,52.490,-0.7275,0.6822,high_gamma,0
10,Ch15-Ch14,+1.230,66.528,-0.1485,1.4840,high_gamma,0
10,Ch15-Ch14,+1.230,77.515,-0.2017,1.4841,high_gamma,0
10,Ch15-Ch14,+1.230,90.332,-0.2477,0.9601,high_gamma,0
11,Ch1-Ch0,-0.865,4.272,-1.1304,0.3754,theta,0
11,Ch1-Ch0,-0.865,5.493,-1.1354,0.2073,theta,0
11,Ch1-Ch0,-0.865,10.986,0.7045,2.1859,alpha,1
11,Ch1-Ch0,-0.865,17.090,0.0353,0.5362,beta,0
11,Ch1-Ch0,-0.865,20.142,-0.4873,0.1146,beta,0
11,Ch1-Ch0,-0.865,23.804,0.0231,1.3466,beta,0
11,Ch1-Ch0,-0.865,29.297,-0.2358,0.1628,beta,0
11,Ch1-Ch0,-0.865,35.400,-0.0529,1.3659,low_gamma,0
11,Ch1-Ch0,-0.865,40.894,0.0041,1.4702,low_gamma,0
11,Ch1-Ch0,-0.865,46.997,-0.1805,0.5897,low_gamma,0
11,Ch1-Ch0,-0.865,54.321,0.2756,1.6874,high_gamma,0
11,Ch1-Ch0,-0.865,66.528,0.2364,1.3507,high_gamma,0
11,Ch1-Ch0,-0.865,76.904,0.0655,1.1082,high_gamma,0
11,Ch1-Ch0,-0.865,97.656,-0.4844,0.7491,high_gamma,0
11,Ch2-Ch1,-0.715,4.272,-0.8268,0.3941,theta,0
11,Ch2-Ch1,-0.715,6.104,-0.6688,0.3183,theta,0
11,Ch2-Ch1,-0.715,10.986,1.1638,2.4590,alpha,1
11,Ch2-Ch1,-0.715,17.090,0.4461,0.4777,beta,0
11,Ch2-Ch1,-0.715,23.804,0.4847,1.3224,beta,0
11,Ch2-Ch1,-0.715,29.297,0.1874,0.1506,beta,0
11,Ch2-Ch1,-0.715,35.400,0.3716,1.2825,low_gamma,0
11,Ch2-Ch1,-0.715,40.894,0.4399,1.5404,low_gamma,0
11,Ch2-Ch1,-0.715,46.997,0.1942,0.5152,low_gamma,0
11,Ch2-Ch1,-0.715,54.321,0.6901,1.4702,high_gamma,0
11,Ch2-Ch1,-0.715,66.528,0.8044,1.9806,high_gamma,0
11,Ch2-Ch1,-0.715,84.229,0.1649,1.0087,high_gamma,0
11,Ch2-Ch1,-0.715,97.656,0.0741,0.9977,high_gamma,0
11,Ch3-Ch2,-0.565,1.831,-0.1402,0.4560,delta,0
11,Ch3-Ch2,-0.565,4.272,-0.2392,0.5140,theta,0
11,Ch3-Ch2,-0.565,6.714,-0.0300,0.5501,theta,0
11,Ch3-Ch2,-0.565,10.986,1.5046,2.3729,alpha,1
11,Ch3-Ch2,-0.565,18.311,0.7178,0.4735,beta,0
11,Ch3-Ch2,-0.565,23.193,0.2761,0.5430,beta,0
11,Ch3-Ch2,-0.565,31.128,0.5531,1.1112,low_gamma,0
11,Ch3-Ch2,-0.565,40.894,0.6646,0.9153,low_gamma,0
11,Ch3-Ch2,-0.565,46.997,0.4054,0.3813,low_gamma,0
11,Ch3-Ch2,-0.565,54.321,0.9231,1.5248,high_gamma,0
11,Ch3-Ch2,-0.565,66.528,1.0809,1.7852,high_gamma,0
11,Ch3-Ch2,-0.565,84.839,0.5060,0.9925,high_gamma,0
11,Ch3-Ch2,-0.565,97.656,0.2365,0.6909,high_gamma,0
11,Ch4-Ch3,-0.415,3.662,0.2819,0.0551,delta,0
11,Ch4-Ch3,-0.415,4.883,0.7917,0.6411,theta,0
11,Ch4-Ch3,-0.415,6.714,0.2678,0.0792,theta,0
11,Ch4-Ch3,-0.415,10.376,0.8101,1.3406,alpha,0
11,Ch4-Ch3,-0.415,14.648,0.8100,0.6097,beta,0
11,Ch4-Ch3,-0.415,20.142,0.2737,0.6623,beta,0
11,Ch4-Ch3,-0.415,23.804,0.8518,1.3993,beta,0
11,Ch4-Ch3,-0.415,27.466,0.5571,0.7209,beta,0
11,Ch4-Ch3,-0.415,35.400,0.6579,0.9022,low_gamma,0
11,Ch4-Ch3,-0.415,43.945,0.6646,1.1552,low_gamma,0
11,Ch4-Ch3,-0.415,54.321,1.2178,1.4832,high_gamma,0
11,Ch4-Ch3,-0.415,66.528,0.9790,0.8401,high_gamma,0
11,Ch4-Ch3,-0.415,78.735,1.4334,2.0148,high_gamma,1
11,Ch4-Ch3,-0.415,95.825,0.4141,0.5842,high_gamma,0
11,Ch5-Ch4,-0.265,5.493,1.5847,2.2651,theta,1
11,Ch5-Ch4,-0.265,10.986,1.4706,1.4138,alpha,0
11,Ch5-Ch4,-0.265,15.259,1.3017,0.4509,beta,0
11,Ch5-Ch4,-0.265,20.142,0.6719,0.6491,beta,0
11,Ch5-Ch4,-0.265,23.193,1.1640,1.4304,beta,0
11,Ch5-Ch4,-0.265,31.128,0.7989,0.7633,low_gamma,0
11,Ch5-Ch4,-0.265,40.894,1.1726,1.3549,low_gamma,0
11,Ch5-Ch4,-0.265,46.997,1.0814,0.8547,low_gamma,0
11,Ch5-Ch4,-0.265,59.814,1.4104,1.9268,high_gamma,0
11,Ch5-Ch4,-0.265,78.735,1.1812,1.1606,high_gamma,0
11,Ch5-Ch4,-0.265,98.267,0.4793,0.7359,high_gamma,0
11,Ch6-Ch5,-0.115,5.493,1.9428,2.4634,theta,1
11,Ch6-Ch5,-0.115,7.324,1.1390,0.2595,theta,0
11,Ch6-Ch5,-0.115,11.597,1.6655,1.4821,alpha,0
11,Ch6-Ch5,-0.115,15.259,1.4223,0.7099,beta,0
11,Ch6-Ch5,-0.115,19.531,1.0664,0.8804,beta,0
11,Ch6-Ch5,-0.115,23.193,0.9268,0.7775,beta,0
11,Ch6-Ch5,-0.115,31.128,0.7250,1.1139,low_gamma,0
11,Ch6-Ch5,-0.115,40.894,1.2729,0.9140,low_gamma,0
11,Ch6-Ch5,-0.115,46.997,1.4624,1.2092,low_gamma,0
11,Ch6-Ch5,-0.115,57.983,1.7109,2.0222,high_gamma,0
11,Ch6-Ch5,-0.115,68.970,1.5247,0.4988,high_gamma,0
11,Ch6-Ch5,-0.115,83.008,1.3000,1.3109,high_gamma,0
11,Ch6-Ch5,-0.115,97.656,0.4923,0.5031,high_gamma,0
11,Ch7-Ch6,+0.030,4.883,1.5400,1.9176,theta,1
11,Ch7-Ch6,+0.030,9.766,0.7692,0.0512,alpha,0
11,Ch7-Ch6,+0.030,11.597,0.8685,0.6485,alpha,0
11,Ch7-Ch6,+0.030,14.648,1.2359,1.1383,beta,0
11,Ch7-Ch6,+0.030,19.531,1.0766,0.8240,beta,0
11,Ch7-Ch6,+0.030,25.635,0.9975,1.0814,beta,0
11,Ch7-Ch6,+0.030,29.907,0.9152,0.6412,beta,0
11,Ch7-Ch6,+0.030,35.400,0.2510,0.1641,low_gamma,0
11,Ch7-Ch6,+0.030,42.725,0.6920,0.5936,low_gamma,0
11,Ch7-Ch6,+0.030,49.438,0.8359,1.7424,low_gamma,0
11,Ch7-Ch6,+0.030,59.814,0.9036,0.4662,high_gamma,0
11,Ch7-Ch6,+0.030,69.580,1.4670,1.7845,high_gamma,0
11,Ch7-Ch6,+0.030,81.177,0.9685,0.6382,high_gamma,0
11,Ch7-Ch6,+0.030,94.604,0.7484,1.0092,high_gamma,0
11,Ch8-Ch7,+0.180,4.272,1.6928,2.1695,theta,1
11,Ch8-Ch7,+0.180,6.104,0.9875,0.2035,theta,0
11,Ch8-Ch7,+0.180,11.597,1.5100,0.4456,alpha,0
11,Ch8-Ch7,+0.180,16.479,1.5906,1.6322,beta,0
11,Ch8-Ch7,+0.180,19.531,0.9928,0.1703,beta,0
11,Ch8-Ch7,+0.180,22.583,1.1028,0.6031,beta,0
11,Ch8-Ch7,+0.180,26.855,1.2508,1.2170,beta,0
11,Ch8-Ch7,+0.180,33.569,1.0513,0.8835,low_gamma,0
11,Ch8-Ch7,+0.180,40.894,0.9171,0.7839,low_gamma,0
11,Ch8-Ch7,+0.180,46.997,1.1895,0.8552,low_gamma,0
11,Ch8-Ch7,+0.180,60.425,1.3745,0.9092,high_gamma,0
11,Ch8-Ch7,+0.180,72.632,1.6534,1.6767,high_gamma,0
11,Ch8-Ch7,+0.180,94.604,0.8908,0.6693,high_gamma,0
11,Ch9-Ch8,+0.330,4.883,1.5978,1.8032,theta,0
11,Ch9-Ch8,+0.330,7.324,0.9156,0.1262,theta,0
11,Ch9-Ch8,+0.330,10.986,1.8543,2.1408,alpha,1
11,Ch9-Ch8,+0.330,15.259,1.6262,0.7770,beta,0
11,Ch9-Ch8,+0.330,19.531,1.1800,1.2415,beta,0
11,Ch9-Ch8,+0.330,23.193,1.0540,0.6491,beta,0
11,Ch9-Ch8,+0.330,28.076,0.7084,0.1645,beta,0
11,Ch9-Ch8,+0.330,32.959,0.4780,0.5159,low_gamma,0
11,Ch9-Ch8,+0.330,40.894,1.0033,0.7058,low_gamma,0
11,Ch9-Ch8,+0.330,48.828,1.1064,0.8381,low_gamma,0
11,Ch9-Ch8,+0.330,60.425,1.7956,1.9158,high_gamma,0
11,Ch9-Ch8,+0.330,77.515,1.2599,0.9716,high_gamma,0
11,Ch9-Ch8,+0.330,97.656,0.6426,0.7262,high_gamma,0
11,Ch10-Ch9,+0.480,1.831,0.1376,0.2706,delta,0
11,Ch10-Ch9,+0.480,4.883,1.6888,1.6208,theta,0
11,Ch10-Ch9,+0.480,10.986,1.9459,2.5546,alpha,1
11,Ch10-Ch9,+0.480,15.259,1.8633,0.7514,beta,0
11,Ch10-Ch9,+0.480,21.362,1.7708,1.3624,beta,0
11,Ch10-Ch9,+0.480,28.687,1.0882,0.5178,beta,0
11,Ch10-Ch9,+0.480,33.569,1.3855,0.8267,low_gamma,0
11,Ch10-Ch9,+0.480,44.556,1.3466,1.2526,low_gamma,0
11,Ch10-Ch9,+0.480,63.477,1.5443,1.7575,high_gamma,0
11,Ch10-Ch9,+0.480,78.735,1.3028,1.7135,high_gamma,0
11,Ch10-Ch9,+0.480,95.215,0.7741,0.7388,high_gamma,0
11,Ch11-Ch10,+0.630,1.831,-0.1289,0.1694,delta,0
11,Ch11-Ch10,+0.630,4.883,1.5014,1.4663,theta,0
11,Ch11-Ch10,+0.630,10.986,1.7797,2.7678,alpha,1
11,Ch11-Ch10,+0.630,15.259,1.6750,0.6746,beta,0
11,Ch11-Ch10,+0.630,21.362,1.5550,1.2225,beta,0
11,Ch11-Ch10,+0.630,28.687,0.8844,0.4507,beta,0
11,Ch11-Ch10,+0.630,33.569,1.1883,0.8582,low_gamma,0
11,Ch11-Ch10,+0.630,42.725,1.0693,1.1487,low_gamma,0
11,Ch11-Ch10,+0.630,54.932,1.0484,1.2083,high_gamma,0
11,Ch11-Ch10,+0.630,72.632,1.2014,1.5624,high_gamma,0
11,Ch11-Ch10,+0.630,95.215,0.6936,1.0854,high_gamma,0
11,Ch12-Ch11,+0.780,4.272,0.2222,1.2561,theta,0
11,Ch12-Ch11,+0.780,9.155,-0.1247,0.2739,alpha,0
11,Ch12-Ch11,+0.780,10.986,0.1702,0.7794,alpha,0
11,Ch12-Ch11,+0.780,12.817,-0.0868,0.1029,alpha,0
11,Ch12-Ch11,+0.780,15.259,0.6152,1.5689,beta,0
11,Ch12-Ch11,+0.780,20.142,0.1957,0.7315,beta,0
11,Ch12-Ch11,+0.780,23.804,0.1541,0.5454,beta,0
11,Ch12-Ch11,+0.780,28.076,0.0456,0.5441,beta,0
11,Ch12-Ch11,+0.780,33.569,0.3416,0.9769,low_gamma,0
11,Ch12-Ch11,+0.780,40.283,-0.0891,0.3535,low_gamma,0
11,Ch12-Ch11,+0.780,48.828,0.2752,0.8807,low_gamma,0
11,Ch12-Ch11,+0.780,63.477,0.7407,2.1097,high_gamma,1
11,Ch12-Ch11,+0.780,81.787,0.3691,1.4723,high_gamma,0
11,Ch12-Ch11,+0.780,94.604,-0.0963,1.0864,high_gamma,0
11,Ch13-Ch12,+0.930,1.831,0.4593,0.1821,delta,0
11,Ch13-Ch12,+0.930,5.493,2.0973,1.7087,theta,0
11,Ch13-Ch12,+0.930,10.376,2.1305,2.1107,alpha,1
11,Ch13-Ch12,+0.930,15.259,1.9285,0.9341,beta,0
11,Ch13-Ch12,+0.930,21.973,1.5003,1.8539,beta,0
11,Ch13-Ch12,+0.930,26.855,1.0519,0.6785,beta,0
11,Ch13-Ch12,+0.930,32.349,1.0587,1.3802,low_gamma,0
11,Ch13-Ch12,+0.930,42.725,0.9265,1.1046,low_gamma,0
11,Ch13-Ch12,+0.930,53.101,0.9501,1.2305,high_gamma,0
11,Ch13-Ch12,+0.930,63.477,0.5953,0.5226,high_gamma,0
11,Ch13-Ch12,+0.930,73.853,1.2762,1.7330,high_gamma,0
11,Ch13-Ch12,+0.930,90.332,0.5910,1.1403,high_gamma,0
11,Ch14-Ch13,+1.080,1.831,0.6083,0.1694,delta,0
11,Ch14-Ch13,+1.080,5.493,2.2311,1.7238,theta,0
11,Ch14-Ch13,+1.080,10.376,2.2780,2.1880,alpha,1
11,Ch14-Ch13,+1.080,15.259,2.0443,0.9655,beta,0
11,Ch14-Ch13,+1.080,21.973,1.6084,2.1658,beta,0
11,Ch14-Ch13,+1.080,26.855,1.2622,0.7684,beta,0
11,Ch14-Ch13,+1.080,32.349,1.2616,1.4339,low_gamma,0
11,Ch14-Ch13,+1.080,37.231,1.1014,1.1529,low_gamma,0
11,Ch14-Ch13,+1.080,53.101,1.0376,1.6126,high_gamma,0
11,Ch14-Ch13,+1.080,63.477,0.6703,0.3213,high_gamma,0
11,Ch14-Ch13,+1.080,73.853,1.3780,1.8274,high_gamma,0
11,Ch14-Ch13,+1.080,95.215,0.6390,1.0166,high_gamma,0
11,Ch15-Ch14,+1.230,4.272,-0.2386,0.9028,theta,0
11,Ch15-Ch14,+1.230,8.545,-0.5523,0.2159,alpha,0
11,Ch15-Ch14,+1.230,10.986,0.3092,0.6874,alpha,0
11,Ch15-Ch14,+1.230,15.259,0.4509,2.0797,beta,1
11,Ch15-Ch14,+1.230,21.973,0.1296,1.1298,beta,0
11,Ch15-Ch14,+1.230,26.855,-0.1593,0.9424,beta,0
11,Ch15-Ch14,+1.230,32.349,-0.1907,0.6679,low_gamma,0
11,Ch15-Ch14,+1.230,37.842,-0.3415,1.3553,low_gamma,0
11,Ch15-Ch14,+1.230,43.945,-0.6037,0.6024,low_gamma,0
11,Ch15-Ch14,+1.230,50.659,-0.4399,1.2414,high_gamma,0
11,Ch15-Ch14,+1.230,60.425,-0.3492,0.7659,high_gamma,0
11,Ch15-Ch14,+1.230,73.853,0.0390,1.6140,high_gamma,0
11,Ch15-Ch14,+1.230,98.267,-0.6378,0.8223,high_gamma,0
12,Ch1-Ch0,-0.865,4.883,-0.5983,0.5488,theta,0
12,Ch1-Ch0,-0.865,7.324,-0.5689,0.2658,theta,0
12,Ch1-Ch0,-0.865,11.597,0.8766,2.7972,alpha,1
12,Ch1-Ch0,-0.865,17.090,0.1582,0.8735,beta,0
12,Ch1-Ch0,-0.865,20.142,0.0498,0.7854,beta,0
12,Ch1-Ch0,-0.865,23.193,0.0882,1.0063,beta,0
12,Ch1-Ch0,-0.865,29.297,-0.0748,0.4955,beta,0
12,Ch1-Ch0,-0.865,35.400,0.1317,1.0531,low_gamma,0
12,Ch1-Ch0,-0.865,42.725,0.3007,1.2645,low_gamma,0
12,Ch1-Ch0,-0.865,53.711,0.2669,1.0213,high_gamma,0
12,Ch1-Ch0,-0.865,69.580,0.2396,1.3451,high_gamma,0
12,Ch1-Ch0,-0.865,81.787,-0.3798,0.3310,high_gamma,0
12,Ch1-Ch0,-0.865,96.436,-0.1198,1.3765,high_gamma,0
12,Ch2-Ch1,-0.715,3.662,-0.8578,0.0646,delta,0
12,Ch2-Ch1,-0.715,4.883,-0.3460,0.3695,theta,0
12,Ch2-Ch1,-0.715,7.324,-0.0616,0.3396,theta,0
12,Ch2-Ch1,-0.715,11.597,1.3357,2.8846,alpha,1
12,Ch2-Ch1,-0.715,17.090,0.5432,0.7868,beta,0
12,Ch2-Ch1,-0.715,20.142,0.4968,0.7610,beta,0
12,Ch2-Ch1,-0.715,23.193,0.5668,1.0106,beta,0
12,Ch2-Ch1,-0.715,29.297,0.3781,0.5581,beta,0
12,Ch2-Ch1,-0.715,35.400,0.5396,0.9855,low_gamma,0
12,Ch2-Ch1,-0.715,42.725,0.7249,1.0657,low_gamma,0
12,Ch2-Ch1,-0.715,53.101,0.7442,1.3306,high_gamma,0
12,Ch2-Ch1,-0.715,69.580,0.7958,1.4004,high_gamma,0
12,Ch2-Ch1,-0.715,81.787,0.0072,0.2637,high_gamma,0
12,Ch2-Ch1,-0.715,96.436,0.3806,1.2471,high_gamma,0
12,Ch3-Ch2,-0.565,3.052,-0.4190,0.1549,delta,0
12,Ch3-Ch2,-0.565,4.883,-0.5025,0.0546,theta,0
12,Ch3-Ch2,-0.565,9.155,0.9886,0.1102,alpha,0
12,Ch3-Ch2,-0.565,11.597,1.7325,2.4425,alpha,1
12,Ch3-Ch2,-0.565,17.090,0.7013,0.6943,beta,0
12,Ch3-Ch2,-0.565,20.142,0.6796,0.6380,beta,0
12,Ch3-Ch2,-0.565,23.804,0.7178,0.7698,beta,0
12,Ch3-Ch2,-0.565,33.569,0.6072,0.8828,low_gamma,0
12,Ch3-Ch2,-0.565,42.725,0.7758,1.0595,low_gamma,0
12,Ch3-Ch2,-0.565,53.711,0.7597,0.9468,high_gamma,0
12,Ch3-Ch2,-0.565,62.866,0.9800,1.6883,high_gamma,0
12,Ch3-Ch2,-0.565,84.229,0.8037,1.1986,high_gamma,0
12,Ch3-Ch2,-0.565,97.046,0.3183,0.8381,high_gamma,0
12,Ch4-Ch3,-0.415,2.441,-0.1139,0.5199,delta,0
12,Ch4-Ch3,-0.415,4.883,0.6343,0.8147,theta,0
12,Ch4-Ch3,-0.415,7.935,0.8757,1.5299,theta,0
12,Ch4-Ch3,-0.415,11.597,0.7590,0.4449,alpha,0
12,Ch4-Ch3,-0.415,13.428,0.4785,0.2656,beta,0
12,Ch4-Ch3,-0.415,19.531,0.6763,0.9089,beta,0
12,Ch4-Ch3,-0.415,25.635,0.3677,0.4140,beta,0
12,Ch4-Ch3,-0.415,31.128,0.4974,1.0017,low_gamma,0
12,Ch4-Ch3,-0.415,36.011,0.5485,0.0571,low_gamma,0
12,Ch4-Ch3,-0.415,42.725,0.6869,1.4467,low_gamma,0
12,Ch4-Ch3,-0.415,53.711,1.0507,0.9584,high_gamma,0
12,Ch4-Ch3,-0.415,69.580,1.2330,1.7048,high_gamma,1
12,Ch4-Ch3,-0.415,80.566,0.4989,0.1003,high_gamma,0
12,Ch4-Ch3,-0.415,96.436,0.6904,0.9606,high_gamma,0
12,Ch5-Ch4,-0.265,2.441,0.0222,0.5196,delta,0
12,Ch5-Ch4,-0.265,4.883,1.4208,1.0732,theta,0
12,Ch5-Ch4,-0.265,7.324,1.0235,0.5817,theta,0
12,Ch5-Ch4,-0.265,12.207,1.5906,2.2453,alpha,1
12,Ch5-Ch4,-0.265,14.038,0.8287,0.1979,beta,0
12,Ch5-Ch4,-0.265,19.531,0.7773,0.6869,beta,0
12,Ch5-Ch4,-0.265,23.804,0.6671,0.5101,beta,0
12,Ch5-Ch4,-0.265,29.297,0.7431,0.9286,beta,0
12,Ch5-Ch4,-0.265,34.790,0.7418,1.0524,low_gamma,0
12,Ch5-Ch4,-0.265,42.725,0.9444,1.0477,low_gamma,0
12,Ch5-Ch4,-0.265,53.711,1.2123,1.2414,high_gamma,0
12,Ch5-Ch4,-0.265,63.477,1.2218,1.3395,high_gamma,0
12,Ch5-Ch4,-0.265,84.229,1.0601,1.1652,high_gamma,0
12,Ch5-Ch4,-0.265,98.877,0.1300,0.1561,high_gamma,0
12,Ch6-Ch5,-0.115,4.883,1.9858,2.2598,theta,1
12,Ch6-Ch5,-0.115,7.324,1.0438,0.3601,theta,0
12,Ch6-Ch5,-0.115,9.155,0.8880,0.2482,alpha,0
12,Ch6-Ch5,-0.115,12.207,1.7884,1.6550,alpha,0
12,Ch6-Ch5,-0.115,14.648,1.0879,0.4501,beta,0
12,Ch6-Ch5,-0.115,17.090,1.1955,1.1269,beta,0
12,Ch6-Ch5,-0.115,23.804,0.9135,0.6518,beta,0
12,Ch6-Ch5,-0.115,33.569,0.8208,0.9027,low_gamma,0
12,Ch6-Ch5,-0.115,43.335,1.0406,1.0136,low_gamma,0
12,Ch6-Ch5,-0.115,51.270,0.6936,0.4456,high_gamma,0
12,Ch6-Ch5,-0.115,61.035,1.4500,1.7017,high_gamma,0
12,Ch6-Ch5,-0.115,79.956,1.1833,1.4301,high_gamma,0
12,Ch6-Ch5,-0.115,94.604,0.6056,0.5608,high_gamma,0
12,Ch7-Ch6,+0.030,4.883,1.8918,2.3239,theta,1
12,Ch7-Ch6,+0.030,10.376,0.9204,0.7490,alpha,0
12,Ch7-Ch6,+0.030,13.428,0.7537,0.1858,beta,0
12,Ch7-Ch6,+0.030,16.479,1.3265,1.4614,beta,0
12,Ch7-Ch6,+0.030,22.583,0.9451,0.7647,beta,0
12,Ch7-Ch6,+0.030,27.466,1.1297,1.6834,beta,0
12,Ch7-Ch6,+0.030,33.569,0.5835,0.7927,low_gamma,0
12,Ch7-Ch6,+0.030,41.504,0.6326,1.0791,low_gamma,0
12,Ch7-Ch6,+0.030,48.828,0.9169,0.8877,low_gamma,0
12,Ch7-Ch6,+0.030,56.763,0.9674,0.9324,high_gamma,0
12,Ch7-Ch6,+0.030,69.580,1.0983,2.2652,high_gamma,0
12,Ch7-Ch6,+0.030,84.229,1.0198,1.0582,high_gamma,0
12,Ch7-Ch6,+0.030,98.877,0.2209,0.1153,high_gamma,0
12,Ch8-Ch7,+0.180,3.052,-0.0071,0.1125,delta,0
12,Ch8-Ch7,+0.180,4.883,1.8443,2.3245,theta,1
12,Ch8-Ch7,+0.180,7.324,0.9596,0.2511,theta,0
12,Ch8-Ch7,+0.180,12.207,1.5083,0.6408,alpha,0
12,Ch8-Ch7,+0.180,16.479,1.5828,1.1079,beta,0
12,Ch8-Ch7,+0.180,22.583,1.0457,0.5526,beta,0
12,Ch8-Ch7,+0.180,27.466,1.4464,1.1201,beta,0
12,Ch8-Ch7,+0.180,33.569,0.9192,0.7781,low_gamma,0
12,Ch8-Ch7,+0.180,40.894,0.7721,0.8530,low_gamma,0
12,Ch8-Ch7,+0.180,46.997,1.3530,1.6513,low_gamma,0
12,Ch8-Ch7,+0.180,57.983,0.8697,0.3894,high_gamma,0
12,Ch8-Ch7,+0.180,67.139,0.9990,1.4275,high_gamma,0
12,Ch8-Ch7,+0.180,84.229,1.3641,1.5112,high_gamma,0
12,Ch8-Ch7,+0.180,98.877,0.2596,0.2160,high_gamma,0
12,Ch9-Ch8,+0.330,2.441,-0.0964,0.3219,delta,0
12,Ch9-Ch8,+0.330,4.883,1.6836,1.3067,theta,0
12,Ch9-Ch8,+0.330,7.324,1.1391,0.5110,theta,0
12,Ch9-Ch8,+0.330,9.155,0.8721,0.1084,alpha,0
12,Ch9-Ch8,+0.330,12.207,2.0003,2.2361,alpha,1
12,Ch9-Ch8,+0.330,14.648,1.2534,0.4547,beta,0
12,Ch9-Ch8,+0.330,19.531,1.1679,0.6199,beta,0
12,Ch9-Ch8,+0.330,23.193,1.1441,0.7033,beta,0
12,Ch9-Ch8,+0.330,28.076,0.9187,0.5897,beta,0
12,Ch9-Ch8,+0.330,33.569,0.9922,1.0845,low_gamma,0
12,Ch9-Ch8,+0.330,42.725,0.8682,0.8898,low_gamma,0
12,Ch9-Ch8,+0.330,55.542,1.1270,0.8260,high_gamma,0
12,Ch9-Ch8,+0.330,69.580,1.6878,1.7330,high_gamma,0
12,Ch9-Ch8,+0.330,85.449,1.2822,0.9883,high_gamma,0
12,Ch10-Ch9,+0.480,2.441,0.0141,0.2014,delta,0
12,Ch10-Ch9,+0.480,4.883,1.5450,0.6614,theta,0
12,Ch10-Ch9,+0.480,7.324,1.3677,0.2203,theta,0
12,Ch10-Ch9,+0.480,9.155,1.4685,0.1821,alpha,0
12,Ch10-Ch9,+0.480,11.597,2.3075,2.5169,alpha,1
12,Ch10-Ch9,+0.480,14.648,1.4766,0.0895,beta,0
12,Ch10-Ch9,+0.480,19.531,1.4659,0.6251,beta,0
12,Ch10-Ch9,+0.480,22.583,1.3239,0.4744,beta,0
12,Ch10-Ch9,+0.480,28.076,1.3394,0.7882,beta,0
12,Ch10-Ch9,+0.480,33.569,1.4311,1.5418,low_gamma,0
12,Ch10-Ch9,+0.480,46.997,1.3671,1.4460,low_gamma,0
12,Ch10-Ch9,+0.480,59.814,1.2218,0.7423,high_gamma,0
12,Ch10-Ch9,+0.480,69.580,1.4247,1.7833,high_gamma,0
12,Ch10-Ch9,+0.480,87.891,1.4164,1.7933,high_gamma,0
12,Ch11-Ch10,+0.630,2.441,-0.1439,0.1873,delta,0
12,Ch11-Ch10,+0.630,4.883,1.3286,0.5457,theta,0
12,Ch11-Ch10,+0.630,7.324,1.2060,0.2045,theta,0
12,Ch11-Ch10,+0.630,9.155,1.3322,0.1390,alpha,0
12,Ch11-Ch10,+0.630,11.597,2.1205,2.4704,alpha,1
12,Ch11-Ch10,+0.630,14.648,1.2637,0.0780,beta,0
12,Ch11-Ch10,+0.630,19.531,1.2282,0.8026,beta,0
12,Ch11-Ch10,+0.630,22.583,1.1144,0.2141,beta,0
12,Ch11-Ch10,+0.630,28.076,1.1453,0.8679,beta,0
12,Ch11-Ch10,+0.630,33.569,1.2449,1.3975,low_gamma,0
12,Ch11-Ch10,+0.630,46.997,1.2950,1.4944,low_gamma,0
12,Ch11-Ch10,+0.630,60.425,1.0077,0.8322,high_gamma,0
12,Ch11-Ch10,+0.630,69.580,1.0082,1.1061,high_gamma,0
12,Ch11-Ch10,+0.630,84.229,1.1816,2.0337,high_gamma,0
12,Ch11-Ch10,+0.630,97.046,0.4138,0.8274,high_gamma,0
12,Ch12-Ch11,+0.780,2.441,-0.7024,0.6621,delta,0
12,Ch12-Ch11,+0.780,4.883,0.4963,1.9183,theta,0
12,Ch12-Ch11,+0.780,6.714,-0.2423,0.0609,theta,0
12,Ch12-Ch11,+0.780,8.545,-0.5170,0.3020,alpha,0
12,Ch12-Ch11,+0.780,12.207,0.3847,1.3185,alpha,0
12,Ch12-Ch11,+0.780,14.648,0.3152,0.7657,beta,0
12,Ch12-Ch11,+0.780,19.531,0.4251,1.4450,beta,0
12,Ch12-Ch11,+0.780,22.583,-0.1389,0.2445,beta,0
12,Ch12-Ch11,+0.780,28.076,0.1864,0.7470,beta,0
12,Ch12-Ch11,+0.780,33.569,0.0405,0.5645,low_gamma,0
12,Ch12-Ch11,+0.780,39.062,0.2286,0.9270,low_gamma,0
12,Ch12-Ch11,+0.780,52.490,0.4374,1.2097,high_gamma,0
12,Ch12-Ch11,+0.780,61.035,0.6694,1.6362,high_gamma,1
12,Ch12-Ch11,+0.780,74.463,0.1327,0.4443,high_gamma,0
12,Ch12-Ch11,+0.780,86.060,0.5036,1.2517,high_gamma,0
12,Ch13-Ch12,+0.930,2.441,0.4336,0.0776,delta,0
12,Ch13-Ch12,+0.930,4.883,2.1694,1.5170,theta,0
12,Ch13-Ch12,+0.930,7.324,1.5375,0.1859,theta,0
12,Ch13-Ch12,+0.930,11.597,2.3632,2.5458,alpha,1
12,Ch13-Ch12,+0.930,17.090,1.8959,1.2907,beta,0
12,Ch13-Ch12,+0.930,20.752,1.1547,0.5209,beta,0
12,Ch13-Ch12,+0.930,24.414,1.1064,0.1522,beta,0
12,Ch13-Ch12,+0.930,28.076,1.3019,1.2250,beta,0
12,Ch13-Ch12,+0.930,32.349,1.0832,0.7783,low_gamma,0
12,Ch13-Ch12,+0.930,38.452,0.6143,0.2225,low_gamma,0
12,Ch13-Ch12,+0.930,46.387,0.8681,1.0633,low_gamma,0
12,Ch13-Ch12,+0.930,54.321,0.4512,0.2797,high_gamma,0
12,Ch13-Ch12,+0.930,65.308,0.9959,1.2082,high_gamma,0
12,Ch13-Ch12,+0.930,84.229,0.8182,1.7967,high_gamma,0
12,Ch13-Ch12,+0.930,97.656,0.4378,0.7746,high_gamma,0
12,Ch14-Ch13,+1.080,2.441,0.5418,0.0670,delta,0
12,Ch14-Ch13,+1.080,4.883,2.3212,1.5522,theta,0
12,Ch14-Ch13,+1.080,7.324,1.6615,0.1769,theta,0
12,Ch14-Ch13,+1.080,11.597,2.4935,2.5151,alpha,1
12,Ch14-Ch13,+1.080,17.090,2.0259,1.2042,beta,0
12,Ch14-Ch13,+1.080,23.193,1.2906,0.5954,beta,0
12,Ch14-Ch13,+1.080,28.076,1.4238,1.0897,beta,0
12,Ch14-Ch13,+1.080,32.349,1.1480,0.8866,low_gamma,0
12,Ch14-Ch13,+1.080,38.452,0.6687,0.1892,low_gamma,0
12,Ch14-Ch13,+1.080,46.387,0.8167,0.8831,low_gamma,0
12,Ch14-Ch13,+1.080,54.321,0.6715,0.3480,high_gamma,0
12,Ch14-Ch13,+1.080,63.477,1.0940,1.3960,high_gamma,0
12,Ch14-Ch13,+1.080,79.346,0.7750,1.1603,high_gamma,0
12,Ch14-Ch13,+1.080,97.656,0.5339,0.6178,high_gamma,0
12,Ch15-Ch14,+1.230,4.883,0.0286,0.9408,theta,0
12,Ch15-Ch14,+1.230,8.545,-0.4717,0.1441,alpha,0
12,Ch15-Ch14,+1.230,11.597,0.5012,2.2145,alpha,1
12,Ch15-Ch14,+1.230,17.090,0.3670,1.5659,beta,0
12,Ch15-Ch14,+1.230,23.804,-0.1580,0.8129,beta,0
12,Ch15-Ch14,+1.230,28.076,0.0620,1.2337,beta,0
12,Ch15-Ch14,+1.230,32.349,-0.2897,0.8411,low_gamma,0
12,Ch15-Ch14,+1.230,37.842,-0.4215,0.6322,low_gamma,0
12,Ch15-Ch14,+1.230,49.438,-0.3826,1.1565,low_gamma,0
12,Ch15-Ch14,+1.230,57.373,-0.6543,0.6042,high_gamma,0
12,Ch15-Ch14,+1.230,69.580,-0.1034,1.2697,high_gamma,0
12,Ch15-Ch14,+1.230,86.060,-0.0328,1.6608,high_gamma,0
13,Ch1-Ch0,-0.865,3.052,-1.4202,0.0850,delta,0
13,Ch1-Ch0,-0.865,4.883,-0.8438,0.9830,theta,0
13,Ch1-Ch0,-0.865,7.935,-0.2076,0.0741,theta,0
13,Ch1-Ch0,-0.865,9.766,0.2600,0.4642,alpha,0
13,Ch1-Ch0,-0.865,12.207,0.4062,2.2276,alpha,1
13,Ch1-Ch0,-0.865,15.869,-0.0432,0.5307,beta,0
13,Ch1-Ch0,-0.865,18.921,0.2181,0.8891,beta,0
13,Ch1-Ch0,-0.865,26.245,-0.3779,0.4955,beta,0
13,Ch1-Ch0,-0.865,31.738,-0.2355,0.9810,low_gamma,0
13,Ch1-Ch0,-0.865,42.114,0.1187,1.1344,low_gamma,0
13,Ch1-Ch0,-0.865,50.659,-0.0264,0.4470,high_gamma,0
13,Ch1-Ch0,-0.865,60.425,0.2069,1.5861,high_gamma,0
13,Ch1-Ch0,-0.865,72.632,-0.1435,0.8259,high_gamma,0
13,Ch1-Ch0,-0.865,84.839,0.0806,1.7202,high_gamma,0
13,Ch2-Ch1,-0.715,3.052,-0.9408,0.2075,delta,0
13,Ch2-Ch1,-0.715,4.883,-0.5031,1.0314,theta,0
13,Ch2-Ch1,-0.715,7.935,0.2182,0.0705,theta,0
13,Ch2-Ch1,-0.715,9.766,0.6814,0.4888,alpha,0
13,Ch2-Ch1,-0.715,12.207,0.8366,2.5120,alpha,1
13,Ch2-Ch1,-0.715,15.869,0.4497,0.5553,beta,0
13,Ch2-Ch1,-0.715,18.921,0.6243,0.7769,beta,0
13,Ch2-Ch1,-0.715,26.245,0.0603,0.4388,beta,0
13,Ch2-Ch1,-0.715,31.738,0.2309,1.0625,low_gamma,0
13,Ch2-Ch1,-0.715,42.114,0.5555,1.2656,low_gamma,0
13,Ch2-Ch1,-0.715,50.659,0.3712,0.4046,high_gamma,0
13,Ch2-Ch1,-0.715,60.425,0.6843,1.5443,high_gamma,0
13,Ch2-Ch1,-0.715,79.956,0.6353,1.4457,high_gamma,0
13,Ch2-Ch1,-0.715,93.384,-0.0705,0.6105,high_gamma,0
13,Ch3-Ch2,-0.565,3.052,-0.1522,0.4896,delta,0
13,Ch3-Ch2,-0.565,6.104,-0.2054,0.2724,theta,0
13,Ch3-Ch2,-0.565,9.766,1.5399,2.3201,alpha,1
13,Ch3-Ch2,-0.565,11.597,1.1895,0.3785,alpha,0
13,Ch3-Ch2,-0.565,15.869,0.8686,1.1800,beta,0
13,Ch3-Ch2,-0.565,18.921,0.8240,1.0072,beta,0
13,Ch3-Ch2,-0.565,21.973,0.3686,0.3890,beta,0
13,Ch3-Ch2,-0.565,26.245,0.3199,0.5589,beta,0
13,Ch3-Ch2,-0.565,31.738,0.3784,0.3236,low_gamma,0
13,Ch3-Ch2,-0.565,40.894,0.7108,1.0023,low_gamma,0
13,Ch3-Ch2,-0.565,54.321,0.9955,1.7572,high_gamma,0
13,Ch3-Ch2,-0.565,65.918,0.9595,1.1208,high_gamma,0
13,Ch3-Ch2,-0.565,79.956,0.9884,1.2969,high_gamma,0
13,Ch3-Ch2,-0.565,95.215,0.2357,0.9186,high_gamma,0
13,Ch4-Ch3,-0.415,4.272,0.5768,0.8340,theta,0
13,Ch4-Ch3,-0.415,9.766,1.1463,1.7880,alpha,0
13,Ch4-Ch3,-0.415,14.038,0.3038,0.3017,beta,0
13,Ch4-Ch3,-0.415,18.311,0.8640,0.8882,beta,0
13,Ch4-Ch3,-0.415,22.583,0.5140,0.7341,beta,0
13,Ch4-Ch3,-0.415,28.687,0.3544,0.1137,beta,0
13,Ch4-Ch3,-0.415,34.180,0.5547,0.9238,low_gamma,0
13,Ch4-Ch3,-0.415,43.335,0.8346,1.2778,low_gamma,0
13,Ch4-Ch3,-0.415,50.659,0.9243,0.7755,high_gamma,0
13,Ch4-Ch3,-0.415,61.646,0.6654,0.3199,high_gamma,0
13,Ch4-Ch3,-0.415,72.021,1.2304,2.0432,high_gamma,1
13,Ch4-Ch3,-0.415,83.008,0.9569,1.2343,high_gamma,0
13,Ch4-Ch3,-0.415,95.825,0.1985,0.3833,high_gamma,0
13,Ch5-Ch4,-0.265,4.272,1.4103,1.9615,theta,1
13,Ch5-Ch4,-0.265,7.935,1.0202,0.3689,theta,0
13,Ch5-Ch4,-0.265,9.766,1.1919,0.7078,alpha,0
13,Ch5-Ch4,-0.265,12.207,1.0997,0.4607,alpha,0
13,Ch5-Ch4,-0.265,14.038,0.9750,0.3593,beta,0
13,Ch5-Ch4,-0.265,18.311,1.1509,0.8631,beta,0
13,Ch5-Ch4,-0.265,26.245,0.8613,0.6430,beta,0
13,Ch5-Ch4,-0.265,30.518,0.6875,0.5444,low_gamma,0
13,Ch5-Ch4,-0.265,40.894,1.1721,1.0153,low_gamma,0
13,Ch5-Ch4,-0.265,47.607,0.9729,0.6860,low_gamma,0
13,Ch5-Ch4,-0.265,56.763,1.2619,1.1013,high_gamma,0
13,Ch5-Ch4,-0.265,67.749,1.3291,1.3419,high_gamma,0
13,Ch5-Ch4,-0.265,85.449,1.0508,0.9232,high_gamma,0
13,Ch5-Ch4,-0.265,98.877,0.3692,0.2611,high_gamma,0
13,Ch6-Ch5,-0.115,4.272,1.6794,1.8936,theta,1
13,Ch6-Ch5,-0.115,7.324,1.3376,0.3348,theta,0
13,Ch6-Ch5,-0.115,9.155,1.0751,0.2317,alpha,0
13,Ch6-Ch5,-0.115,12.207,1.5026,0.7893,alpha,0
13,Ch6-Ch5,-0.115,14.038,0.9953,0.1158,beta,0
13,Ch6-Ch5,-0.115,18.311,1.0937,0.9380,beta,0
13,Ch6-Ch5,-0.115,21.973,0.9461,0.5903,beta,0
13,Ch6-Ch5,-0.115,26.245,1.0542,0.9678,beta,0
13,Ch6-Ch5,-0.115,32.959,0.7505,0.5540,low_gamma,0
13,Ch6-Ch5,-0.115,40.894,1.0978,1.0816,low_gamma,0
13,Ch6-Ch5,-0.115,47.607,0.5075,0.0731,low_gamma,0
13,Ch6-Ch5,-0.115,54.932,1.3003,0.9461,high_gamma,0
13,Ch6-Ch5,-0.115,65.308,1.5403,1.3256,high_gamma,0
13,Ch6-Ch5,-0.115,78.735,1.4060,1.1840,high_gamma,0
13,Ch6-Ch5,-0.115,95.215,0.8971,0.5067,high_gamma,0
13,Ch7-Ch6,+0.030,4.883,1.3673,1.7922,theta,0
13,Ch7-Ch6,+0.030,9.155,1.1461,1.0092,alpha,0
13,Ch7-Ch6,+0.030,12.817,0.5171,0.4550,alpha,0
13,Ch7-Ch6,+0.030,15.259,0.7403,0.6534,beta,0
13,Ch7-Ch6,+0.030,19.531,0.9415,0.7062,beta,0
13,Ch7-Ch6,+0.030,23.193,1.1906,1.1528,beta,0
13,Ch7-Ch6,+0.030,27.466,0.6407,0.4090,beta,0
13,Ch7-Ch6,+0.030,34.790,0.8325,1.1092,low_gamma,0
13,Ch7-Ch6,+0.030,43.335,0.7948,0.9449,low_gamma,0
13,Ch7-Ch6,+0.030,50.659,0.8668,0.4236,high_gamma,0
13,Ch7-Ch6,+0.030,61.646,1.3825,1.6691,high_gamma,1
13,Ch7-Ch6,+0.030,72.632,1.2135,1.0710,high_gamma,0
13,Ch7-Ch6,+0.030,90.942,0.7927,1.0146,high_gamma,0
13,Ch8-Ch7,+0.180,4.272,1.5130,1.3974,theta,0
13,Ch8-Ch7,+0.180,6.104,0.4438,0.3162,theta,0
13,Ch8-Ch7,+0.180,7.935,0.9782,0.1691,theta,0
13,Ch8-Ch7,+0.180,9.766,0.9995,0.6832,alpha,0
13,Ch8-Ch7,+0.180,12.207,0.9307,0.5490,alpha,0
13,Ch8-Ch7,+0.180,14.038,1.1611,0.8523,beta,0
13,Ch8-Ch7,+0.180,17.700,1.0954,0.7551,beta,0
13,Ch8-Ch7,+0.180,20.752,0.9031,0.1211,beta,0
13,Ch8-Ch7,+0.180,24.414,1.4285,1.4463,beta,0
13,Ch8-Ch7,+0.180,33.569,1.1537,1.1302,low_gamma,0
13,Ch8-Ch7,+0.180,43.335,0.9923,0.8224,low_gamma,0
13,Ch8-Ch7,+0.180,52.490,1.3284,0.2928,high_gamma,0
13,Ch8-Ch7,+0.180,61.646,1.6268,1.7336,high_gamma,1
13,Ch8-Ch7,+0.180,79.956,1.3760,0.8987,high_gamma,0
13,Ch8-Ch7,+0.180,98.877,0.8719,0.1301,high_gamma,0
13,Ch9-Ch8,+0.330,4.272,1.4264,1.1181,theta,0
13,Ch9-Ch8,+0.330,7.935,1.1279,0.3568,theta,0
13,Ch9-Ch8,+0.330,9.766,1.1852,0.3085,alpha,0
13,Ch9-Ch8,+0.330,12.207,1.5357,2.3654,alpha,0
13,Ch9-Ch8,+0.330,14.038,1.1588,0.1421,beta,0
13,Ch9-Ch8,+0.330,16.479,1.2345,0.9286,beta,0
13,Ch9-Ch8,+0.330,21.973,0.7938,0.5074,beta,0
13,Ch9-Ch8,+0.330,25.635,0.8281,0.8166,beta,0
13,Ch9-Ch8,+0.330,34.180,0.8696,1.1996,low_gamma,0
13,Ch9-Ch8,+0.330,40.894,1.2069,1.0724,low_gamma,0
13,Ch9-Ch8,+0.330,47.607,0.8855,0.4974,low_gamma,0
13,Ch9-Ch8,+0.330,58.594,1.5410,1.3463,high_gamma,0
13,Ch9-Ch8,+0.330,78.735,1.5916,1.8696,high_gamma,1
13,Ch9-Ch8,+0.330,94.604,1.0564,0.9623,high_gamma,0
13,Ch10-Ch9,+0.480,4.272,1.6859,1.3286,theta,0
13,Ch10-Ch9,+0.480,7.324,0.9540,0.1180,theta,0
13,Ch10-Ch9,+0.480,9.766,2.0350,2.1043,alpha,1
13,Ch10-Ch9,+0.480,12.207,1.6495,0.5588,alpha,0
13,Ch10-Ch9,+0.480,17.090,1.7186,0.7026,beta,0
13,Ch10-Ch9,+0.480,22.583,1.6659,1.0396,beta,0
13,Ch10-Ch9,+0.480,26.855,1.3960,1.2146,beta,0
13,Ch10-Ch9,+0.480,34.790,1.3005,1.3426,low_gamma,0
13,Ch10-Ch9,+0.480,43.335,0.7024,0.7052,low_gamma,0
13,Ch10-Ch9,+0.480,50.659,1.0677,0.5471,high_gamma,0
13,Ch10-Ch9,+0.480,59.204,1.4978,1.5927,high_gamma,0
13,Ch10-Ch9,+0.480,70.190,1.0250,0.3865,high_gamma,0
13,Ch10-Ch9,+0.480,85.449,1.1897,1.4331,high_gamma,0
13,Ch11-Ch10,+0.630,4.272,1.5165,1.2403,theta,0
13,Ch11-Ch10,+0.630,7.324,0.7788,0.0924,theta,0
13,Ch11-Ch10,+0.630,9.766,1.8423,2.1312,alpha,1
13,Ch11-Ch10,+0.630,12.207,1.4719,0.5309,alpha,0
13,Ch11-Ch10,+0.630,15.259,1.2898,0.2227,beta,0
13,Ch11-Ch10,+0.630,19.531,1.1268,0.6867,beta,0
13,Ch11-Ch10,+0.630,22.583,1.4855,1.1447,beta,0
13,Ch11-Ch10,+0.630,27.466,1.1904,1.2244,beta,0
13,Ch11-Ch10,+0.630,34.790,1.1004,1.1647,low_gamma,0
13,Ch11-Ch10,+0.630,43.335,0.4634,0.6971,low_gamma,0
13,Ch11-Ch10,+0.630,50.659,0.6804,0.5857,high_gamma,0
13,Ch11-Ch10,+0.630,59.204,1.2594,1.7056,high_gamma,0
13,Ch11-Ch10,+0.630,72.632,0.9492,0.9295,high_gamma,0
13,Ch11-Ch10,+0.630,83.618,1.0113,1.0663,high_gamma,0
13,Ch11-Ch10,+0.630,97.656,0.5892,0.0832,high_gamma,0
13,Ch12-Ch11,+0.780,2.441,-0.8001,0.1733,delta,0
13,Ch12-Ch11,+0.780,4.272,0.2486,1.2560,theta,0
13,Ch12-Ch11,+0.780,7.324,-0.2264,0.1140,theta,0
13,Ch12-Ch11,+0.780,10.376,-0.2018,0.2482,alpha,0
13,Ch12-Ch11,+0.780,13.428,-0.0255,0.6890,beta,0
13,Ch12-Ch11,+0.780,17.090,0.2010,1.1286,beta,0
13,Ch12-Ch11,+0.780,21.973,0.1781,0.4161,beta,0
13,Ch12-Ch11,+0.780,27.466,0.1584,1.3848,beta,0
13,Ch12-Ch11,+0.780,31.738,-0.1749,0.5627,low_gamma,0
13,Ch12-Ch11,+0.780,36.621,0.0636,1.4635,low_gamma,0
13,Ch12-Ch11,+0.780,42.725,-0.1138,0.5913,low_gamma,0
13,Ch12-Ch11,+0.780,50.659,-0.0763,0.3713,high_gamma,0
13,Ch12-Ch11,+0.780,59.204,0.5043,1.1231,high_gamma,0
13,Ch12-Ch11,+0.780,72.632,0.6389,2.0600,high_gamma,1
13,Ch12-Ch11,+0.780,83.618,0.2765,0.4753,high_gamma,0
13,Ch12-Ch11,+0.780,97.656,-0.2742,1.1401,high_gamma,0
13,Ch13-Ch12,+0.930,4.883,2.0542,1.1654,theta,0
13,Ch13-Ch12,+0.930,7.324,1.4760,0.5647,theta,0
13,Ch13-Ch12,+0.930,9.766,2.1130,1.8113,alpha,1
13,Ch13-Ch12,+0.930,12.207,1.7637,0.4817,alpha,0
13,Ch13-Ch12,+0.930,17.090,1.7065,0.6520,beta,0
13,Ch13-Ch12,+0.930,21.973,1.4594,0.8618,beta,0
13,Ch13-Ch12,+0.930,26.855,1.0518,0.9232,beta,0
13,Ch13-Ch12,+0.930,34.790,0.8077,0.6451,low_gamma,0
13,Ch13-Ch12,+0.930,40.894,0.6970,0.9070,low_gamma,0
13,Ch13-Ch12,+0.930,49.438,0.6511,1.0094,low_gamma,0
13,Ch13-Ch12,+0.930,63.477,0.8533,1.5404,high_gamma,0
13,Ch13-Ch12,+0.930,73.853,1.0204,1.3409,high_gamma,0
13,Ch13-Ch12,+0.930,95.215,0.5202,0.7453,high_gamma,0
13,Ch14-Ch13,+1.080,4.883,2.1897,1.1840,theta,0
13,Ch14-Ch13,+1.080,7.324,1.5806,0.5707,theta,0
13,Ch14-Ch13,+1.080,9.766,2.2401,1.7962,alpha,1
13,Ch14-Ch13,+1.080,12.207,1.8815,0.4757,alpha,0
13,Ch14-Ch13,+1.080,17.090,1.8066,0.6806,beta,0
13,Ch14-Ch13,+1.080,21.973,1.5233,0.7602,beta,0
13,Ch14-Ch13,+1.080,26.855,1.0624,0.8662,beta,0
13,Ch14-Ch13,+1.080,32.349,0.8568,0.4891,low_gamma,0
13,Ch14-Ch13,+1.080,40.894,0.8432,0.8464,low_gamma,0
13,Ch14-Ch13,+1.080,49.438,0.7291,1.1405,low_gamma,0
13,Ch14-Ch13,+1.080,63.477,0.7789,1.3162,high_gamma,0
13,Ch14-Ch13,+1.080,73.853,1.0979,1.6381,high_gamma,0
13,Ch14-Ch13,+1.080,95.215,0.6149,0.8224,high_gamma,0
13,Ch15-Ch14,+1.230,4.883,0.1479,0.9142,theta,0
13,Ch15-Ch14,+1.230,9.766,0.2650,1.8881,alpha,1
13,Ch15-Ch14,+1.230,12.207,-0.0276,0.3472,alpha,0
13,Ch15-Ch14,+1.230,17.090,0.2190,0.9829,beta,0
13,Ch15-Ch14,+1.230,21.973,-0.0580,0.6149,beta,0
13,Ch15-Ch14,+1.230,26.855,-0.6240,0.5530,beta,0
13,Ch15-Ch14,+1.230,34.180,-0.5525,0.6911,low_gamma,0
13,Ch15-Ch14,+1.230,40.894,-0.4293,1.2329,low_gamma,0
13,Ch15-Ch14,+1.230,49.438,-0.5603,1.0553,low_gamma,0
13,Ch15-Ch14,+1.230,59.814,-0.3947,1.0576,high_gamma,0
13,Ch15-Ch14,+1.230,73.853,-0.0947,0.6698,high_gamma,0
13,Ch15-Ch14,+1.230,85.449,-0.0342,1.5901,high_gamma,0
14,Ch1-Ch0,-0.865,1.831,-1.1311,0.3557,delta,0
14,Ch1-Ch0,-0.865,5.493,-0.7507,0.3313,theta,0
14,Ch1-Ch0,-0.865,7.935,-0.2929,0.4286,theta,0
14,Ch1-Ch0,-0.865,10.376,0.5764,2.0763,alpha,1
14,Ch1-Ch0,-0.865,12.207,0.4888,0.6074,alpha,0
14,Ch1-Ch0,-0.865,16.479,0.0429,0.2906,beta,0
14,Ch1-Ch0,-0.865,20.752,-0.1075,0.8005,beta,0
14,Ch1-Ch0,-0.865,26.245,-0.1219,1.3581,beta,0
14,Ch1-Ch0,-0.865,36.011,-0.2237,0.9808,low_gamma,0
14,Ch1-Ch0,-0.865,42.725,-0.4191,0.7367,low_gamma,0
14,Ch1-Ch0,-0.865,49.438,-0.0998,1.3791,low_gamma,0
14,Ch1-Ch0,-0.865,65.918,0.1674,1.8097,high_gamma,0
14,Ch1-Ch0,-0.865,84.229,0.1151,1.0904,high_gamma,0
14,Ch1-Ch0,-0.865,97.656,-0.4361,0.7063,high_gamma,0
14,Ch2-Ch1,-0.715,1.831,-0.6877,0.3207,delta,0
14,Ch2-Ch1,-0.715,4.883,-0.3346,0.3191,theta,0
14,Ch2-Ch1,-0.715,7.935,0.1693,0.4858,theta,0
14,Ch2-Ch1,-0.715,10.376,1.0354,2.0830,alpha,1
14,Ch2-Ch1,-0.715,12.207,0.9528,0.6354,alpha,0
14,Ch2-Ch1,-0.715,16.479,0.5237,0.3314,beta,0
14,Ch2-Ch1,-0.715,23.193,0.4546,1.1245,beta,0
14,Ch2-Ch1,-0.715,28.687,0.2797,0.4057,beta,0
14,Ch2-Ch1,-0.715,36.011,0.2220,0.9869,low_gamma,0
14,Ch2-Ch1,-0.715,42.725,-0.0121,0.6692,low_gamma,0
14,Ch2-Ch1,-0.715,49.438,0.3370,1.5488,low_gamma,0
14,Ch2-Ch1,-0.715,65.918,0.7256,1.5684,high_gamma,0
14,Ch2-Ch1,-0.715,84.229,0.6057,1.2171,high_gamma,0
14,Ch2-Ch1,-0.715,97.656,0.0064,0.7006,high_gamma,0
14,Ch3-Ch2,-0.565,1.831,-0.0275,0.1597,delta,0
14,Ch3-Ch2,-0.565,4.272,0.3192,0.1901,theta,0
14,Ch3-Ch2,-0.565,7.935,0.6874,0.3273,theta,0
14,Ch3-Ch2,-0.565,10.376,1.4634,2.5184,alpha,1
14,Ch3-Ch2,-0.565,12.207,1.1318,0.4102,alpha,0
14,Ch3-Ch2,-0.565,15.869,0.7629,0.6076,beta,0
14,Ch3-Ch2,-0.565,18.921,0.5099,0.3819,beta,0
14,Ch3-Ch2,-0.565,22.583,0.6688,1.0080,beta,0
14,Ch3-Ch2,-0.565,28.687,0.3566,0.7855,beta,0
14,Ch3-Ch2,-0.565,32.959,0.2691,0.4347,low_gamma,0
14,Ch3-Ch2,-0.565,38.452,0.3898,0.8219,low_gamma,0
14,Ch3-Ch2,-0.565,46.387,0.5360,0.6515,low_gamma,0
14,Ch3-Ch2,-0.565,53.711,0.5407,0.7996,high_gamma,0
14,Ch3-Ch2,-0.565,65.918,1.2311,2.0998,high_gamma,0
14,Ch3-Ch2,-0.565,80.566,1.0413,1.2645,high_gamma,0
14,Ch3-Ch2,-0.565,93.994,0.2923,0.5509,high_gamma,0
14,Ch4-Ch3,-0.415,4.883,0.4648,0.6794,theta,0
14,Ch4-Ch3,-0.415,6.104,0.6121,0.7240,theta,0
14,Ch4-Ch3,-0.415,9.155,0.0713,0.1143,alpha,0
14,Ch4-Ch3,-0.415,12.207,0.4182,0.2847,alpha,0
14,Ch4-Ch3,-0.415,15.259,0.9257,1.5533,beta,0
14,Ch4-Ch3,-0.415,19.531,0.3777,0.1063,beta,0
14,Ch4-Ch3,-0.415,26.245,0.5186,0.7904,beta,0
14,Ch4-Ch3,-0.415,31.738,0.5742,0.9884,low_gamma,0
14,Ch4-Ch3,-0.415,37.231,0.4630,0.8732,low_gamma,0
14,Ch4-Ch3,-0.415,49.438,0.6851,0.5220,low_gamma,0
14,Ch4-Ch3,-0.415,60.425,0.9333,1.6269,high_gamma,0
14,Ch4-Ch3,-0.415,78.125,1.0832,1.7804,high_gamma,1
14,Ch4-Ch3,-0.415,97.656,0.5779,1.2102,high_gamma,0
14,Ch5-Ch4,-0.265,4.883,1.3543,1.0652,theta,0
14,Ch5-Ch4,-0.265,6.104,1.1528,0.3665,theta,0
14,Ch5-Ch4,-0.265,8.545,0.6549,0.2242,alpha,0
14,Ch5-Ch4,-0.265,10.376,1.1259,0.7293,alpha,0
14,Ch5-Ch4,-0.265,14.648,1.4499,2.0813,beta,1
14,Ch5-Ch4,-0.265,22.583,0.8534,0.6529,beta,0
14,Ch5-Ch4,-0.265,26.245,0.9196,1.1061,beta,0
14,Ch5-Ch4,-0.265,31.738,0.8440,0.7074,low_gamma,0
14,Ch5-Ch4,-0.265,39.062,0.5621,0.5310,low_gamma,0
14,Ch5-Ch4,-0.265,49.438,0.8419,0.4901,low_gamma,0
14,Ch5-Ch4,-0.265,59.204,1.1892,1.2046,high_gamma,0
14,Ch5-Ch4,-0.265,75.684,1.2953,1.5120,high_gamma,0
14,Ch5-Ch4,-0.265,92.163,0.8963,0.9659,high_gamma,0
14,Ch6-Ch5,-0.115,4.883,1.7381,2.1184,theta,1
14,Ch6-Ch5,-0.115,6.104,1.3555,0.0772,theta,0
14,Ch6-Ch5,-0.115,8.545,1.0080,0.3859,alpha,0
14,Ch6-Ch5,-0.115,10.376,1.4241,0.3513,alpha,0
14,Ch6-Ch5,-0.115,14.648,1.6924,1.2161,beta,0
14,Ch6-Ch5,-0.115,18.311,0.9435,0.4293,beta,0
14,Ch6-Ch5,-0.115,22.583,1.0035,0.8537,beta,0
14,Ch6-Ch5,-0.115,27.466,1.0118,0.9466,beta,0
14,Ch6-Ch5,-0.115,31.738,0.8606,0.4911,low_gamma,0
14,Ch6-Ch5,-0.115,39.062,0.6981,1.0741,low_gamma,0
14,Ch6-Ch5,-0.115,48.828,0.9345,0.8523,low_gamma,0
14,Ch6-Ch5,-0.115,58.594,1.3518,1.5344,high_gamma,0
14,Ch6-Ch5,-0.115,70.190,1.2493,0.8458,high_gamma,0
14,Ch6-Ch5,-0.115,87.280,1.2436,1.2610,high_gamma,0
14,Ch7-Ch6,+0.030,3.052,0.4042,0.4495,delta,0
14,Ch7-Ch6,+0.030,4.883,1.7093,1.9552,theta,1
14,Ch7-Ch6,+0.030,10.376,0.8544,0.1043,alpha,0
14,Ch7-Ch6,+0.030,12.207,1.2891,0.5953,alpha,0
14,Ch7-Ch6,+0.030,16.479,1.4312,0.8592,beta,0
14,Ch7-Ch6,+0.030,19.531,1.4682,1.5599,beta,0
14,Ch7-Ch6,+0.030,22.583,1.2346,0.3572,beta,0
14,Ch7-Ch6,+0.030,26.245,0.7225,0.5446,beta,0
14,Ch7-Ch6,+0.030,32.349,0.7674,1.0856,low_gamma,0
14,Ch7-Ch6,+0.030,37.231,0.4393,0.8330,low_gamma,0
14,Ch7-Ch6,+0.030,46.997,0.6480,0.8537,low_gamma,0
14,Ch7-Ch6,+0.030,54.321,1.0418,1.0961,high_gamma,0
14,Ch7-Ch6,+0.030,66.528,1.1673,1.2620,high_gamma,0
14,Ch7-Ch6,+0.030,81.177,1.3578,1.6716,high_gamma,0
14,Ch7-Ch6,+0.030,93.384,0.6781,0.6680,high_gamma,0
14,Ch8-Ch7,+0.180,3.052,0.6148,0.2571,delta,0
14,Ch8-Ch7,+0.180,4.883,1.8470,2.1028,theta,1
14,Ch8-Ch7,+0.180,7.324,0.6733,0.2956,theta,0
14,Ch8-Ch7,+0.180,10.376,1.2177,0.7790,alpha,0
14,Ch8-Ch7,+0.180,12.207,1.5337,0.8382,alpha,0
14,Ch8-Ch7,+0.180,16.479,1.7324,1.8362,beta,0
14,Ch8-Ch7,+0.180,19.531,1.5922,0.9868,beta,0
14,Ch8-Ch7,+0.180,22.583,1.5399,0.5995,beta,0
14,Ch8-Ch7,+0.180,26.855,1.2109,0.6137,beta,0
14,Ch8-Ch7,+0.180,31.128,1.1357,1.2674,low_gamma,0
14,Ch8-Ch7,+0.180,39.062,0.9637,0.7148,low_gamma,0
14,Ch8-Ch7,+0.180,50.659,1.0963,1.1217,high_gamma,0
14,Ch8-Ch7,+0.180,59.204,1.2448,1.1988,high_gamma,0
14,Ch8-Ch7,+0.180,81.177,1.6059,1.6999,high_gamma,0
14,Ch8-Ch7,+0.180,95.825,0.8739,0.8814,high_gamma,0
14,Ch9-Ch8,+0.330,4.883,1.4182,0.9154,theta,0
14,Ch9-Ch8,+0.330,6.104,1.1969,0.1986,theta,0
14,Ch9-Ch8,+0.330,7.935,0.8717,0.2269,theta,0
14,Ch9-Ch8,+0.330,10.376,1.6883,0.5310,alpha,0
14,Ch9-Ch8,+0.330,12.817,1.8544,2.4500,alpha,1
14,Ch9-Ch8,+0.330,18.311,1.1065,0.9024,beta,0
14,Ch9-Ch8,+0.330,21.973,0.8605,0.9240,beta,0
14,Ch9-Ch8,+0.330,25.635,0.8438,1.4133,beta,0
14,Ch9-Ch8,+0.330,31.738,0.7951,0.5303,low_gamma,0
14,Ch9-Ch8,+0.330,43.335,0.8589,1.0498,low_gamma,0
14,Ch9-Ch8,+0.330,59.204,1.3074,0.7125,high_gamma,0
14,Ch9-Ch8,+0.330,75.073,1.5973,2.1749,high_gamma,0
14,Ch9-Ch8,+0.330,98.267,0.6991,0.9954,high_gamma,0
14,Ch10-Ch9,+0.480,2.441,0.0960,0.5340,delta,0
14,Ch10-Ch9,+0.480,4.883,1.5885,1.1748,theta,0
14,Ch10-Ch9,+0.480,7.935,1.2061,0.5542,theta,0
14,Ch10-Ch9,+0.480,10.376,1.6690,0.4387,alpha,0
14,Ch10-Ch9,+0.480,14.648,1.7427,2.4743,beta,1
14,Ch10-Ch9,+0.480,19.531,1.6439,0.6511,beta,0
14,Ch10-Ch9,+0.480,25.635,1.5086,0.9945,beta,0
14,Ch10-Ch9,+0.480,31.128,1.2155,0.8204,low_gamma,0
14,Ch10-Ch9,+0.480,37.231,0.8421,0.7825,low_gamma,0
14,Ch10-Ch9,+0.480,43.335,1.0601,1.6944,low_gamma,0
14,Ch10-Ch9,+0.480,51.270,1.2382,1.1547,high_gamma,0
14,Ch10-Ch9,+0.480,60.425,1.2684,1.0278,high_gamma,0
14,Ch10-Ch9,+0.480,70.801,1.3291,1.0773,high_gamma,0
14,Ch10-Ch9,+0.480,81.787,1.3857,1.4101,high_gamma,0
14,Ch10-Ch9,+0.480,95.825,1.1092,0.7192,high_gamma,0
14,Ch11-Ch10,+0.630,2.441,-0.0335,0.4569,delta,0
14,Ch11-Ch10,+0.630,4.883,1.4100,1.1008,theta,0
14,Ch11-Ch10,+0.630,7.935,0.9775,0.5433,theta,0
14,Ch11-Ch10,+0.630,10.376,1.4599,0.3308,alpha,0
14,Ch11-Ch10,+0.630,13.428,1.4602,0.1569,beta,0
14,Ch11-Ch10,+0.630,16.479,1.5752,2.2142,beta,1
14,Ch11-Ch10,+0.630,25.635,1.3246,1.0520,beta,0
14,Ch11-Ch10,+0.630,31.738,1.1739,1.0799,low_gamma,0
14,Ch11-Ch10,+0.630,42.725,0.7478,1.1839,low_gamma,0
14,Ch11-Ch10,+0.630,54.932,1.0688,1.3404,high_gamma,0
14,Ch11-Ch10,+0.630,71.411,1.3193,1.8838,high_gamma,0
14,Ch11-Ch10,+0.630,86.060,1.1273,0.9317,high_gamma,0
14,Ch12-Ch11,+0.780,4.883,0.5245,1.3145,theta,0
14,Ch12-Ch11,+0.780,7.324,-0.0478,0.5583,theta,0
14,Ch12-Ch11,+0.780,9.155,0.0311,0.4368,alpha,0
14,Ch12-Ch11,+0.780,10.986,0.0844,0.3956,alpha,0
14,Ch12-Ch11,+0.780,12.817,0.4651,0.7350,alpha,0
14,Ch12-Ch11,+0.780,19.531,0.5403,1.9277,beta,0
14,Ch12-Ch11,+0.780,25.635,0.3488,0.9220,beta,0
14,Ch12-Ch11,+0.780,31.738,0.3612,1.2373,low_gamma,0
14,Ch12-Ch11,+0.780,43.335,0.1397,1.0261,low_gamma,0
14,Ch12-Ch11,+0.780,54.321,0.2542,0.8148,high_gamma,0
14,Ch12-Ch11,+0.780,65.308,0.3962,1.0683,high_gamma,0
14,Ch12-Ch11,+0.780,75.684,0.8272,1.8260,high_gamma,1
14,Ch12-Ch11,+0.780,87.891,0.5187,1.0751,high_gamma,0
14,Ch13-Ch12,+0.930,4.883,2.0622,2.0800,theta,1
14,Ch13-Ch12,+0.930,7.935,1.4777,0.4155,theta,0
14,Ch13-Ch12,+0.930,10.376,1.9675,1.1095,alpha,0
14,Ch13-Ch12,+0.930,13.428,1.7706,0.1783,beta,0
14,Ch13-Ch12,+0.930,16.479,1.2623,0.7467,beta,0
14,Ch13-Ch12,+0.930,20.142,1.2620,0.6314,beta,0
14,Ch13-Ch12,+0.930,25.635,1.1734,1.3758,beta,0
14,Ch13-Ch12,+0.930,36.011,0.7836,0.9980,low_gamma,0
14,Ch13-Ch12,+0.930,45.776,1.0176,1.2866,low_gamma,0
14,Ch13-Ch12,+0.930,60.425,0.9639,1.4940,high_gamma,0
14,Ch13-Ch12,+0.930,71.411,1.2004,1.7104,high_gamma,0
14,Ch13-Ch12,+0.930,82.397,0.9463,1.1591,high_gamma,0
14,Ch13-Ch12,+0.930,95.825,0.7723,0.4088,high_gamma,0
14,Ch14-Ch13,+1.080,4.883,2.2050,2.1026,theta,1
14,Ch14-Ch13,+1.080,7.935,1.6072,0.3834,theta,0
14,Ch14-Ch13,+1.080,10.376,2.1091,1.2073,alpha,0
14,Ch14-Ch13,+1.080,13.428,1.9070,0.1921,beta,0
14,Ch14-Ch13,+1.080,16.479,1.3022,0.5393,beta,0
14,Ch14-Ch13,+1.080,20.142,1.3694,0.7856,beta,0
14,Ch14-Ch13,+1.080,25.635,1.1955,1.0121,beta,0
14,Ch14-Ch13,+1.080,36.011,0.8888,1.0364,low_gamma,0
14,Ch14-Ch13,+1.080,43.335,0.4510,0.2794,low_gamma,0
14,Ch14-Ch13,+1.080,51.270,1.0762,1.4034,high_gamma,0
14,Ch14-Ch13,+1.080,60.425,0.9528,0.7506,high_gamma,0
14,Ch14-Ch13,+1.080,71.411,1.1535,1.5865,high_gamma,0
14,Ch14-Ch13,+1.080,82.397,0.9614,1.1763,high_gamma,0
14,Ch14-Ch13,+1.080,95.215,0.7024,0.5010,high_gamma,0
14,Ch15-Ch14,+1.230,4.883,-0.0372,0.9310,theta,0
14,Ch15-Ch14,+1.230,7.935,-0.4271,0.3301,theta,0
14,Ch15-Ch14,+1.230,9.766,-0.3728,0.2206,alpha,0
14,Ch15-Ch14,+1.230,14.648,0.3256,2.3552,beta,1
14,Ch15-Ch14,+1.230,20.142,-0.2385,0.8160,beta,0
14,Ch15-Ch14,+1.230,26.855,0.0607,1.6668,beta,0
14,Ch15-Ch14,+1.230,31.738,-0.7807,0.2168,low_gamma,0
14,Ch15-Ch14,+1.230,40.283,-0.2628,1.2049,low_gamma,0
14,Ch15-Ch14,+1.230,54.321,-0.4226,1.0598,high_gamma,0
14,Ch15-Ch14,+1.230,66.528,-0.3380,1.0661,high_gamma,0
14,Ch15-Ch14,+1.230,77.515,0.0228,1.5638,high_gamma,0
14,Ch15-Ch14,+1.230,95.825,-0.1184,0.9353,high_gamma,0
15,Ch1-Ch0,-0.865,3.662,-0.6799,0.7053,delta,0
15,Ch1-Ch0,-0.865,7.324,0.0198,0.4609,theta,0
15,Ch1-Ch0,-0.865,9.766,0.2913,0.4119,alpha,0
15,Ch1-Ch0,-0.865,11.597,0.3418,2.2093,alpha,1
15,Ch1-Ch0,-0.865,14.038,0.2828,0.1912,beta,0
15,Ch1-Ch0,-0.865,17.700,-0.0233,1.0418,beta,0
15,Ch1-Ch0,-0.865,20.752,0.1011,1.3026,beta,0
15,Ch1-Ch0,-0.865,31.128,-0.4116,0.7122,low_gamma,0
15,Ch1-Ch0,-0.865,40.283,-0.1060,0.9904,low_gamma,0
15,Ch1-Ch0,-0.865,49.438,-0.3201,0.6679,low_gamma,0
15,Ch1-Ch0,-0.865,61.646,0.2258,1.4326,high_gamma,0
15,Ch1-Ch0,-0.865,73.242,-0.0668,0.6673,high_gamma,0
15,Ch1-Ch0,-0.865,86.060,0.0220,1.8596,high_gamma,0
15,Ch2-Ch1,-0.715,3.662,-0.2115,0.9676,delta,0
15,Ch2-Ch1,-0.715,7.324,0.3976,0.4852,theta,0
15,Ch2-Ch1,-0.715,9.766,0.7721,0.4569,alpha,0
15,Ch2-Ch1,-0.715,11.597,0.8132,2.1498,alpha,1
15,Ch2-Ch1,-0.715,14.038,0.7655,0.1931,beta,0
15,Ch2-Ch1,-0.715,17.700,0.3856,1.0689,beta,0
15,Ch2-Ch1,-0.715,20.752,0.5483,1.3415,beta,0
15,Ch2-Ch1,-0.715,31.128,-0.0134,0.6745,low_gamma,0
15,Ch2-Ch1,-0.715,40.283,0.3623,1.0682,low_gamma,0
15,Ch2-Ch1,-0.715,49.438,0.0871,0.6010,low_gamma,0
15,Ch2-Ch1,-0.715,61.646,0.7122,1.7054,high_gamma,0
15,Ch2-Ch1,-0.715,73.242,0.3795,0.8294,high_gamma,0
15,Ch2-Ch1,-0.715,86.060,0.4959,1.3880,high_gamma,0
15,Ch3-Ch2,-0.565,3.662,0.2539,0.2922,delta,0
15,Ch3-Ch2,-0.565,7.324,0.8085,0.5220,theta,0
15,Ch3-Ch2,-0.565,9.766,1.1231,0.1872,alpha,0
15,Ch3-Ch2,-0.565,12.207,1.1457,1.5100,alpha,0
15,Ch3-Ch2,-0.565,14.038,1.0339,0.0755,beta,0
15,Ch3-Ch2,-0.565,17.700,0.7536,1.0651,beta,0
15,Ch3-Ch2,-0.565,21.973,0.5091,0.2614,beta,0
15,Ch3-Ch2,-0.565,27.466,0.5337,0.7127,beta,0
15,Ch3-Ch2,-0.565,36.621,0.3974,0.5989,low_gamma,0
15,Ch3-Ch2,-0.565,45.776,0.7621,1.4939,low_gamma,0
15,Ch3-Ch2,-0.565,61.646,1.2066,1.9192,high_gamma,1
15,Ch3-Ch2,-0.565,72.632,0.7418,0.9077,high_gamma,0
15,Ch3-Ch2,-0.565,86.060,0.7582,1.2021,high_gamma,0
15,Ch3-Ch2,-0.565,98.877,-0.0371,0.2408,high_gamma,0
15,Ch4-Ch3,-0.415,2.441,0.0003,0.1128,delta,0
15,Ch4-Ch3,-0.415,6.104,0.8520,0.0663,theta,0
15,Ch4-Ch3,-0.415,7.324,0.8981,1.0650,theta,0
15,Ch4-Ch3,-0.415,10.376,0.4566,0.3597,alpha,0
15,Ch4-Ch3,-0.415,12.207,0.5675,0.3735,alpha,0
15,Ch4-Ch3,-0.415,14.648,0.8228,0.9398,beta,0
15,Ch4-Ch3,-0.415,20.752,0.7007,0.9564,beta,0
15,Ch4-Ch3,-0.415,26.245,0.4307,0.5997,beta,0
15,Ch4-Ch3,-0.415,31.128,0.3415,1.0328,low_gamma,0
15,Ch4-Ch3,-0.415,39.673,0.4739,0.8736,low_gamma,0
15,Ch4-Ch3,-0.415,47.607,0.1013,0.1647,low_gamma,0
15,Ch4-Ch3,-0.415,56.152,0.8378,1.0825,high_gamma,0
15,Ch4-Ch3,-0.415,67.139,0.9944,1.9800,high_gamma,1
15,Ch4-Ch3,-0.415,90.332,0.8759,1.3877,high_gamma,0
15,Ch5-Ch4,-0.265,4.272,1.4468,0.0984,theta,0
15,Ch5-Ch4,-0.265,6.104,1.5784,1.5733,theta,1
15,Ch5-Ch4,-0.265,7.324,1.3729,0.0782,theta,0
15,Ch5-Ch4,-0.265,10.376,0.9361,0.7882,alpha,0
15,Ch5-Ch4,-0.265,12.207,0.8638,0.0880,alpha,0
15,Ch5-Ch4,-0.265,14.648,1.0626,0.9910,beta,0
15,Ch5-Ch4,-0.265,17.090,0.8415,0.2328,beta,0
15,Ch5-Ch4,-0.265,20.752,0.9870,0.6674,beta,0
15,Ch5-Ch4,-0.265,24.414,0.7676,0.6064,beta,0
15,Ch5-Ch4,-0.265,28.687,0.6718,0.6515,beta,0
15,Ch5-Ch4,-0.265,32.959,0.5867,0.9794,low_gamma,0
15,Ch5-Ch4,-0.265,42.114,0.7659,0.9026,low_gamma,0
15,Ch5-Ch4,-0.265,49.438,0.9355,1.1730,low_gamma,0
15,Ch5-Ch4,-0.265,66.528,1.4282,1.7604,high_gamma,0
15,Ch5-Ch4,-0.265,82.397,0.9071,0.8631,high_gamma,0
15,Ch5-Ch4,-0.265,97.656,0.7851,0.9231,high_gamma,0
15,Ch6-Ch5,-0.115,4.272,1.6243,0.0928,theta,0
15,Ch6-Ch5,-0.115,6.104,1.7649,1.8239,theta,1
15,Ch6-Ch5,-0.115,7.324,1.5200,0.1534,theta,0
15,Ch6-Ch5,-0.115,9.766,1.2379,0.3572,alpha,0
15,Ch6-Ch5,-0.115,12.207,1.2747,0.3974,alpha,0
15,Ch6-Ch5,-0.115,14.648,1.1652,0.7738,beta,0
15,Ch6-Ch5,-0.115,17.090,0.9626,0.5454,beta,0
15,Ch6-Ch5,-0.115,21.973,1.1248,1.2081,beta,0
15,Ch6-Ch5,-0.115,28.687,0.7545,0.3577,beta,0
15,Ch6-Ch5,-0.115,34.180,0.8302,0.9406,low_gamma,0
15,Ch6-Ch5,-0.115,42.114,0.7322,1.4923,low_gamma,0
15,Ch6-Ch5,-0.115,50.659,0.7030,0.2537,high_gamma,0
15,Ch6-Ch5,-0.115,59.204,1.2580,1.0198,high_gamma,0
15,Ch6-Ch5,-0.115,70.801,1.5218,2.1925,high_gamma,0
15,Ch6-Ch5,-0.115,92.773,0.9199,1.4869,high_gamma,0
15,Ch7-Ch6,+0.030,4.883,1.2565,1.6705,theta,0
15,Ch7-Ch6,+0.030,9.766,0.6937,0.3547,alpha,0
15,Ch7-Ch6,+0.030,12.207,1.0545,0.9320,alpha,0
15,Ch7-Ch6,+0.030,15.259,0.8086,0.6368,beta,0
15,Ch7-Ch6,+0.030,18.311,0.6795,0.3143,beta,0
15,Ch7-Ch6,+0.030,21.362,1.0291,0.8984,beta,0
15,Ch7-Ch6,+0.030,26.855,0.8662,0.7574,beta,0
15,Ch7-Ch6,+0.030,33.569,0.9599,1.1171,low_gamma,0
15,Ch7-Ch6,+0.030,39.673,0.6931,1.3051,low_gamma,0
15,Ch7-Ch6,+0.030,49.438,0.8024,1.3434,low_gamma,0
15,Ch7-Ch6,+0.030,59.814,1.3667,2.2008,high_gamma,1
15,Ch7-Ch6,+0.030,69.580,0.6207,0.1037,high_gamma,0
15,Ch7-Ch6,+0.030,82.397,1.2460,1.4770,high_gamma,0
15,Ch7-Ch6,+0.030,97.656,0.4699,0.7547,high_gamma,0
15,Ch8-Ch7,+0.180,4.272,1.6082,1.9255,theta,0
15,Ch8-Ch7,+0.180,9.766,0.9811,0.5557,alpha,0
15,Ch8-Ch7,+0.180,12.207,1.2138,1.0920,alpha,0
15,Ch8-Ch7,+0.180,15.259,0.8666,0.4480,beta,0
15,Ch8-Ch7,+0.180,18.311,1.1802,0.7791,beta,0
15,Ch8-Ch7,+0.180,21.362,1.2093,0.9491,beta,0
15,Ch8-Ch7,+0.180,26.855,1.0769,0.6124,beta,0
15,Ch8-Ch7,+0.180,33.569,1.1905,0.8885,low_gamma,0
15,Ch8-Ch7,+0.180,39.673,0.9825,1.1342,low_gamma,0
15,Ch8-Ch7,+0.180,46.387,1.0213,1.0867,low_gamma,0
15,Ch8-Ch7,+0.180,57.373,0.9804,0.2401,high_gamma,0
15,Ch8-Ch7,+0.180,66.528,1.6188,1.9396,high_gamma,1
15,Ch8-Ch7,+0.180,76.904,1.0601,0.4998,high_gamma,0
15,Ch8-Ch7,+0.180,90.942,1.0508,1.2279,high_gamma,0
15,Ch9-Ch8,+0.330,2.441,0.3189,0.2752,delta,0
15,Ch9-Ch8,+0.330,4.272,1.3364,0.0741,theta,0
15,Ch9-Ch8,+0.330,6.104,1.5288,1.5921,theta,0
15,Ch9-Ch8,+0.330,7.324,1.4531,0.1686,theta,0
15,Ch9-Ch8,+0.330,9.766,1.4561,0.2931,alpha,0
15,Ch9-Ch8,+0.330,12.207,1.5280,0.6297,alpha,0
15,Ch9-Ch8,+0.330,14.038,1.3741,0.4743,beta,0
15,Ch9-Ch8,+0.330,16.479,1.1331,0.4883,beta,0
15,Ch9-Ch8,+0.330,21.973,0.9533,1.4327,beta,0
15,Ch9-Ch8,+0.330,28.687,0.8522,0.9417,beta,0
15,Ch9-Ch8,+0.330,36.621,0.7115,1.3192,low_gamma,0
15,Ch9-Ch8,+0.330,43.335,0.9905,0.9195,low_gamma,0
15,Ch9-Ch8,+0.330,50.659,1.0418,0.7726,high_gamma,0
15,Ch9-Ch8,+0.330,66.528,1.6425,2.3615,high_gamma,1
15,Ch9-Ch8,+0.330,86.670,0.9962,1.5461,high_gamma,0
15,Ch10-Ch9,+0.480,4.272,1.5668,0.0746,theta,0
15,Ch10-Ch9,+0.480,6.104,1.8015,0.8112,theta,0
15,Ch10-Ch9,+0.480,9.766,1.5625,0.1678,alpha,0
15,Ch10-Ch9,+0.480,12.207,1.6306,0.4660,alpha,0
15,Ch10-Ch9,+0.480,14.038,1.8123,1.5418,beta,1
15,Ch10-Ch9,+0.480,18.311,1.5940,0.4399,beta,0
15,Ch10-Ch9,+0.480,21.362,1.7886,1.1532,beta,0
15,Ch10-Ch9,+0.480,25.024,1.3763,0.4646,beta,0
15,Ch10-Ch9,+0.480,33.569,1.4993,1.5040,low_gamma,0
15,Ch10-Ch9,+0.480,42.114,0.6963,0.2042,low_gamma,0
15,Ch10-Ch9,+0.480,49.438,1.0953,0.8688,low_gamma,0
15,Ch10-Ch9,+0.480,62.256,1.5722,1.6672,high_gamma,0
15,Ch10-Ch9,+0.480,74.463,0.9037,0.2473,high_gamma,0
15,Ch10-Ch9,+0.480,86.060,1.0174,1.0422,high_gamma,0
15,Ch11-Ch10,+0.630,4.272,1.3752,0.0546,theta,0
15,Ch11-Ch10,+0.630,6.104,1.6345,1.0180,theta,0
15,Ch11-Ch10,+0.630,9.766,1.3819,0.2220,alpha,0
15,Ch11-Ch10,+0.630,12.207,1.3936,0.4861,alpha,0
15,Ch11-Ch10,+0.630,14.038,1.6262,0.8203,beta,0
15,Ch11-Ch10,+0.630,18.311,1.5030,0.5459,beta,0
15,Ch11-Ch10,+0.630,21.362,1.7220,1.7293,beta,1
15,Ch11-Ch10,+0.630,25.024,1.1731,0.5965,beta,0
15,Ch11-Ch10,+0.630,33.569,1.4497,2.0006,low_gamma,0
15,Ch11-Ch10,+0.630,43.335,0.5982,0.2889,low_gamma,0
15,Ch11-Ch10,+0.630,53.711,1.1754,1.8452,high_gamma,0
15,Ch11-Ch10,+0.630,67.139,1.1576,1.0657,high_gamma,0
15,Ch11-Ch10,+0.630,82.397,1.0746,1.6215,high_gamma,0
15,Ch11-Ch10,+0.630,97.656,0.7162,0.8796,high_gamma,0
15,Ch12-Ch11,+0.780,2.441,-1.0200,0.3582,delta,0
15,Ch12-Ch11,+0.780,4.272,0.4209,1.5517,theta,0
15,Ch12-Ch11,+0.780,7.324,-0.4037,0.1701,theta,0
15,Ch12-Ch11,+0.780,10.376,-0.1961,0.4462,alpha,0
15,Ch12-Ch11,+0.780,14.038,0.0210,0.3591,beta,0
15,Ch12-Ch11,+0.780,17.090,0.3846,0.6039,beta,0
15,Ch12-Ch11,+0.780,21.973,0.4571,1.6650,beta,0
15,Ch12-Ch11,+0.780,28.687,0.0378,0.4806,beta,0
15,Ch12-Ch11,+0.780,35.400,0.1324,0.4519,low_gamma,0
15,Ch12-Ch11,+0.780,43.335,0.5507,1.5835,low_gamma,0
15,Ch12-Ch11,+0.780,54.321,0.3489,1.3663,high_gamma,0
15,Ch12-Ch11,+0.780,67.139,0.7129,2.1501,high_gamma,1
15,Ch12-Ch11,+0.780,81.177,0.5646,1.2217,high_gamma,0
15,Ch12-Ch11,+0.780,97.656,0.2575,0.6080,high_gamma,0
15,Ch13-Ch12,+0.930,6.104,2.0434,1.8287,theta,1
15,Ch13-Ch12,+0.930,9.766,1.7774,0.2194,alpha,0
15,Ch13-Ch12,+0.930,12.207,1.8509,0.6156,alpha,0
15,Ch13-Ch12,+0.930,14.038,1.9258,0.9519,beta,0
15,Ch13-Ch12,+0.930,18.311,1.6392,0.3225,beta,0
15,Ch13-Ch12,+0.930,24.414,1.2892,0.6416,beta,0
15,Ch13-Ch12,+0.930,32.959,1.1808,1.2831,low_gamma,0
15,Ch13-Ch12,+0.930,43.335,0.7232,0.7880,low_gamma,0
15,Ch13-Ch12,+0.930,53.711,1.2597,1.3976,high_gamma,0
15,Ch13-Ch12,+0.930,71.411,0.9816,1.0407,high_gamma,0
15,Ch13-Ch12,+0.930,82.397,0.9464,1.5469,high_gamma,0
15,Ch13-Ch12,+0.930,98.267,0.8025,0.6127,high_gamma,0
15,Ch14-Ch13,+1.080,6.104,2.1716,1.8452,theta,1
15,Ch14-Ch13,+1.080,9.766,1.9097,0.2047,alpha,0
15,Ch14-Ch13,+1.080,12.207,1.9937,0.5978,alpha,0
15,Ch14-Ch13,+1.080,14.038,2.0647,0.9561,beta,0
15,Ch14-Ch13,+1.080,18.311,1.7371,0.2802,beta,0
15,Ch14-Ch13,+1.080,24.414,1.4251,0.6601,beta,0
15,Ch14-Ch13,+1.080,32.959,1.2454,1.1718,low_gamma,0
15,Ch14-Ch13,+1.080,43.335,0.6874,0.6115,low_gamma,0
15,Ch14-Ch13,+1.080,53.711,1.2533,1.3622,high_gamma,0
15,Ch14-Ch13,+1.080,71.411,0.9965,0.9583,high_gamma,0
15,Ch14-Ch13,+1.080,82.397,0.9973,1.4949,high_gamma,0
15,Ch14-Ch13,+1.080,98.267,0.7828,0.6471,high_gamma,0
15,Ch15-Ch14,+1.230,4.272,-0.4130,0.7037,theta,0
15,Ch15-Ch14,+1.230,7.324,-0.2928,1.2119,theta,0
15,Ch15-Ch14,+1.230,12.207,-0.1950,0.4431,alpha,0
15,Ch15-Ch14,+1.230,14.038,0.2793,1.9326,beta,1
15,Ch15-Ch14,+1.230,17.090,0.0787,0.2105,beta,0
15,Ch15-Ch14,+1.230,25.024,-0.2036,0.6690,beta,0
15,Ch15-Ch14,+1.230,32.959,-0.3139,0.8553,low_gamma,0
15,Ch15-Ch14,+1.230,43.335,-0.4607,0.5985,low_gamma,0
15,Ch15-Ch14,+1.230,53.711,-0.2865,0.9211,high_gamma,0
15,Ch15-Ch14,+1.230,71.411,-0.2145,1.1614,high_gamma,0
15,Ch15-Ch14,+1.230,86.060,-0.1945,0.9928,high_gamma,0
