trial,channel,depth,freq,log10_power,prominence,band,is_dominant
0,Ch1-Ch0,-0.865,2.441,-1.1895,0.2422,delta,0
0,Ch1-Ch0,-0.865,4.883,-0.2435,0.6123,theta,0
0,Ch1-Ch0,-0.865,7.324,-0.4882,0.1466,theta,0
0,Ch1-Ch0,-0.865,9.155,-0.2951,0.0527,alpha,0
0,Ch1-Ch0,-0.865,10.986,0.1267,0.3343,alpha,0
0,Ch1-Ch0,-0.865,14.648,1.0503,2.8611,beta,1
0,Ch1-Ch0,-0.865,19.531,0.2683,0.6733,beta,0
0,Ch1-Ch0,-0.865,25.635,-0.2804,0.4917,beta,0
0,Ch1-Ch0,-0.865,31.738,-0.0463,1.1326,low_gamma,0
0,Ch1-Ch0,-0.865,39.673,0.2656,1.3150,low_gamma,0
0,Ch1-Ch0,-0.865,51.880,0.3604,1.5461,high_gamma,0
0,Ch1-Ch0,-0.865,59.814,-0.2751,0.7187,high_gamma,0
0,Ch1-Ch0,-0.865,68.970,0.4095,1.6715,high_gamma,0
0,Ch1-Ch0,-0.865,91.553,0.1150,1.1427,high_gamma,0
0,Ch2-Ch1,-0.715,2.441,-0.7533,0.2356,delta,0
0,Ch2-Ch1,-0.715,4.883,0.0966,0.6031,theta,0
0,Ch2-Ch1,-0.715,7.324,-0.1065,0.1126,theta,0
0,Ch2-Ch1,-0.715,10.986,0.6059,0.3411,alpha,0
0,Ch2-Ch1,-0.715,14.648,1.5435,2.5153,beta,1
0,Ch2-Ch1,-0.715,19.531,0.7236,0.7376,beta,0
0,Ch2-Ch1,-0.715,22.583,0.1125,0.0874,beta,0
0,Ch2-Ch1,-0.715,26.245,0.1026,0.3868,beta,0
0,Ch2-Ch1,-0.715,31.738,0.4151,1.0883,low_gamma,0
0,Ch2-Ch1,-0.715,39.673,0.6844,1.1762,low_gamma,0
0,Ch2-Ch1,-0.715,51.880,0.8032,1.5127,high_gamma,0
0,Ch2-Ch1,-0.715,59.814,0.2212,0.4533,high_gamma,0
0,Ch2-Ch1,-0.715,68.970,0.8737,1.8161,high_gamma,0
0,Ch2-Ch1,-0.715,91.553,0.5175,1.2471,high_gamma,0
0,Ch3-Ch2,-0.565,2.441,0.2728,0.3399,delta,0
0,Ch3-Ch2,-0.565,4.883,1.5946,2.0857,theta,1
0,Ch3-Ch2,-0.565,9.155,1.0638,0.3553,alpha,0
0,Ch3-Ch2,-0.565,10.986,1.0575,0.3216,alpha,0
0,Ch3-Ch2,-0.565,14.648,1.4407,0.7907,beta,0
0,Ch3-Ch2,-0.565,19.531,0.8842,0.6109,beta,0
0,Ch3-Ch2,-0.565,25.024,0.7923,1.1018,beta,0
0,Ch3-Ch2,-0.565,32.349,0.4732,0.2971,low_gamma,0
0,Ch3-Ch2,-0.565,38.452,0.8456,0.9192,low_gamma,0
0,Ch3-Ch2,-0.565,46.387,0.4848,0.2230,low_gamma,0
0,Ch3-Ch2,-0.565,54.321,0.9900,0.9722,high_gamma,0
0,Ch3-Ch2,-0.565,64.697,0.4284,0.1748,high_gamma,0
0,Ch3-Ch2,-0.565,75.073,1.0669,1.5829,high_gamma,0
0,Ch3-Ch2,-0.565,91.553,0.5261,0.6983,high_gamma,0
0,Ch4-Ch3,-0.415,4.883,1.6186,1.7734,theta,1
0,Ch4-Ch3,-0.415,6.714,0.6690,0.1310,theta,0
0,Ch4-Ch3,-0.415,9.155,0.6454,0.1098,alpha,0
0,Ch4-Ch3,-0.415,10.986,0.2645,0.0877,alpha,0
0,Ch4-Ch3,-0.415,14.648,1.0849,1.5873,beta,0
0,Ch4-Ch3,-0.415,18.311,0.6399,0.4362,beta,0
0,Ch4-Ch3,-0.415,21.362,0.7858,0.8090,beta,0
0,Ch4-Ch3,-0.415,25.024,0.6025,0.5740,beta,0
0,Ch4-Ch3,-0.415,29.297,0.7059,0.7900,beta,0
0,Ch4-Ch3,-0.415,34.180,0.7955,1.1476,low_gamma,0
0,Ch4-Ch3,-0.415,40.283,0.5996,0.8524,low_gamma,0
0,Ch4-Ch3,-0.415,51.880,1.2454,1.1607,high_gamma,0
0,Ch4-Ch3,-0.415,63.477,1.0852,0.6318,high_gamma,0
0,Ch4-Ch3,-0.415,75.684,1.3909,1.7972,high_gamma,0
0,Ch4-Ch3,-0.415,91.553,1.0073,1.2451,high_gamma,0
0,Ch5-Ch4,-0.265,1.831,0.0258,0.1133,delta,0
0,Ch5-Ch4,-0.265,4.883,1.6422,2.1067,theta,1
0,Ch5-Ch4,-0.265,9.155,0.6302,0.1361,alpha,0
0,Ch5-Ch4,-0.265,11.597,1.0907,0.8986,alpha,0
0,Ch5-Ch4,-0.265,14.648,1.3996,1.4968,beta,0
0,Ch5-Ch4,-0.265,19.531,0.8114,0.3800,beta,0
0,Ch5-Ch4,-0.265,24.414,0.8878,0.8809,beta,0
0,Ch5-Ch4,-0.265,29.297,0.6134,0.5953,beta,0
0,Ch5-Ch4,-0.265,34.180,0.8018,0.8842,low_gamma,0
0,Ch5-Ch4,-0.265,39.673,0.9809,1.2284,low_gamma,0
0,Ch5-Ch4,-0.265,53.711,1.4698,1.0591,high_gamma,0
0,Ch5-Ch4,-0.265,64.697,1.3026,0.3607,high_gamma,0
0,Ch5-Ch4,-0.265,74.463,1.5081,1.8851,high_gamma,0
0,Ch5-Ch4,-0.265,89.722,1.0962,1.3469,high_gamma,0
0,Ch6-Ch5,-0.115,4.883,1.6361,1.3894,theta,0
0,Ch6-Ch5,-0.115,9.155,1.2963,0.4505,alpha,0
0,Ch6-Ch5,-0.115,11.597,1.6799,0.5860,alpha,0
0,Ch6-Ch5,-0.115,14.648,2.0860,2.7222,beta,1
0,Ch6-Ch5,-0.115,20.752,0.9972,0.3679,beta,0
0,Ch6-Ch5,-0.115,24.414,1.1156,1.0760,beta,0
0,Ch6-Ch5,-0.115,28.687,0.5712,1.1713,beta,0
0,Ch6-Ch5,-0.115,37.842,1.0054,0.2136,low_gamma,0
0,Ch6-Ch5,-0.115,44.556,1.3368,0.8401,low_gamma,0
0,Ch6-Ch5,-0.115,54.321,1.7908,1.7763,high_gamma,0
0,Ch6-Ch5,-0.115,70.801,1.5040,1.0970,high_gamma,0
0,Ch6-Ch5,-0.115,90.332,1.3516,1.0971,high_gamma,0
0,Ch7-Ch6,+0.030,1.831,0.1880,0.4246,delta,0
0,Ch7-Ch6,+0.030,4.883,1.7155,1.5802,theta,0
0,Ch7-Ch6,+0.030,7.324,0.5401,0.2163,theta,0
0,Ch7-Ch6,+0.030,9.155,0.6758,0.3611,alpha,0
0,Ch7-Ch6,+0.030,11.597,1.2315,0.0918,alpha,0
0,Ch7-Ch6,+0.030,14.038,1.9834,2.2888,beta,1
0,Ch7-Ch6,+0.030,17.700,1.0927,0.5115,beta,0
0,Ch7-Ch6,+0.030,21.362,1.0128,0.7670,beta,0
0,Ch7-Ch6,+0.030,26.855,1.1664,1.4281,beta,0
0,Ch7-Ch6,+0.030,31.128,0.9023,0.2880,low_gamma,0
0,Ch7-Ch6,+0.030,39.673,0.8963,1.1375,low_gamma,0
0,Ch7-Ch6,+0.030,45.776,0.7302,0.7705,low_gamma,0
0,Ch7-Ch6,+0.030,59.814,1.1872,0.8577,high_gamma,0
0,Ch7-Ch6,+0.030,70.190,1.1933,0.8120,high_gamma,0
0,Ch7-Ch6,+0.030,82.397,1.3420,1.6110,high_gamma,0
0,Ch7-Ch6,+0.030,97.046,0.7175,0.5783,high_gamma,0
0,Ch8-Ch7,+0.180,2.441,0.3987,0.0666,delta,0
0,Ch8-Ch7,+0.180,4.883,1.8018,1.5470,theta,0
0,Ch8-Ch7,+0.180,14.648,2.1546,1.9189,beta,1
0,Ch8-Ch7,+0.180,17.700,1.0323,0.3126,beta,0
0,Ch8-Ch7,+0.180,25.024,1.4133,1.1360,beta,0
0,Ch8-Ch7,+0.180,31.738,1.0398,0.2317,low_gamma,0
0,Ch8-Ch7,+0.180,39.673,1.4086,1.2574,low_gamma,0
0,Ch8-Ch7,+0.180,45.776,1.2389,1.0684,low_gamma,0
0,Ch8-Ch7,+0.180,53.711,1.8005,1.6917,high_gamma,0
0,Ch8-Ch7,+0.180,70.190,1.5194,0.8083,high_gamma,0
0,Ch8-Ch7,+0.180,83.008,1.5175,0.8032,high_gamma,0
0,Ch8-Ch7,+0.180,97.046,1.1084,0.9962,high_gamma,0
0,Ch9-Ch8,+0.330,4.883,1.4497,1.4262,theta,0
0,Ch9-Ch8,+0.330,9.155,1.1542,0.2622,alpha,0
0,Ch9-Ch8,+0.330,11.597,1.5445,0.5908,alpha,0
0,Ch9-Ch8,+0.330,14.648,2.2608,2.8922,beta,1
0,Ch9-Ch8,+0.330,17.700,1.3467,0.2538,beta,0
0,Ch9-Ch8,+0.330,20.752,1.1372,0.5898,beta,0
0,Ch9-Ch8,+0.330,24.414,1.1650,1.0449,beta,0
0,Ch9-Ch8,+0.330,31.738,1.0745,1.3400,low_gamma,0
0,Ch9-Ch8,+0.330,42.114,1.0319,1.2266,low_gamma,0
0,Ch9-Ch8,+0.330,54.321,1.6639,1.7369,high_gamma,0
0,Ch9-Ch8,+0.330,64.087,1.2590,0.0611,high_gamma,0
0,Ch9-Ch8,+0.330,74.463,1.6436,0.9892,high_gamma,0
0,Ch9-Ch8,+0.330,87.280,1.2693,0.9464,high_gamma,0
0,Ch10-Ch9,+0.480,2.441,0.2774,0.4686,delta,0
0,Ch10-Ch9,+0.480,4.883,2.0010,2.3481,theta,1
0,Ch10-Ch9,+0.480,7.935,1.3988,0.0546,theta,0
0,Ch10-Ch9,+0.480,9.155,1.6510,0.6467,alpha,0
0,Ch10-Ch9,+0.480,11.597,1.6008,0.3216,alpha,0
0,Ch10-Ch9,+0.480,14.648,1.6888,0.6377,beta,0
0,Ch10-Ch9,+0.480,18.311,1.7509,0.9077,beta,0
0,Ch10-Ch9,+0.480,24.414,1.6691,0.8442,beta,0
0,Ch10-Ch9,+0.480,31.738,1.1058,0.9529,low_gamma,0
0,Ch10-Ch9,+0.480,41.504,1.2466,1.1868,low_gamma,0
0,Ch10-Ch9,+0.480,48.828,1.2817,1.2302,low_gamma,0
0,Ch10-Ch9,+0.480,59.814,1.7158,1.7565,high_gamma,0
0,Ch10-Ch9,+0.480,78.735,1.6337,1.4642,high_gamma,0
0,Ch10-Ch9,+0.480,97.046,0.8939,0.5760,high_gamma,0
0,Ch11-Ch10,+0.630,2.441,0.0893,0.6649,delta,0
0,Ch11-Ch10,+0.630,4.883,1.8043,2.8477,theta,1
0,Ch11-Ch10,+0.630,9.155,1.4874,0.6658,alpha,0
0,Ch11-Ch10,+0.630,12.817,1.4592,0.5222,alpha,0
0,Ch11-Ch10,+0.630,18.311,1.5419,0.9384,beta,0
0,Ch11-Ch10,+0.630,24.414,1.4388,0.9991,beta,0
0,Ch11-Ch10,+0.630,35.400,1.0102,0.9031,low_gamma,0
0,Ch11-Ch10,+0.630,41.504,0.9230,0.7905,low_gamma,0
0,Ch11-Ch10,+0.630,48.828,1.1359,1.1156,low_gamma,0
0,Ch11-Ch10,+0.630,59.814,1.3586,1.5404,high_gamma,0
0,Ch11-Ch10,+0.630,68.970,1.0253,0.1919,high_gamma,0
0,Ch11-Ch10,+0.630,80.566,1.4802,2.2253,high_gamma,0
0,Ch11-Ch10,+0.630,97.656,0.4786,0.6235,high_gamma,0
0,Ch12-Ch11,+0.780,4.883,0.4697,1.3676,theta,0
0,Ch12-Ch11,+0.780,9.155,0.0216,0.4790,alpha,0
0,Ch12-Ch11,+0.780,11.597,0.3338,0.6548,alpha,0
0,Ch12-Ch11,+0.780,14.648,0.9859,2.0539,beta,1
0,Ch12-Ch11,+0.780,17.700,0.5064,0.5732,beta,0
0,Ch12-Ch11,+0.780,21.362,0.3503,0.6669,beta,0
0,Ch12-Ch11,+0.780,25.635,0.4008,0.9441,beta,0
0,Ch12-Ch11,+0.780,33.569,0.3142,0.9539,low_gamma,0
0,Ch12-Ch11,+0.780,42.114,0.3607,0.9536,low_gamma,0
0,Ch12-Ch11,+0.780,54.321,0.3458,0.6744,high_gamma,0
0,Ch12-Ch11,+0.780,67.139,0.2694,0.4586,high_gamma,0
0,Ch12-Ch11,+0.780,78.735,0.8471,2.4557,high_gamma,0
0,Ch12-Ch11,+0.780,90.942,0.3614,1.5207,high_gamma,0
0,Ch13-Ch12,+0.930,2.441,0.7240,0.1164,delta,0
0,Ch13-Ch12,+0.930,4.883,2.3796,2.6076,theta,1
0,Ch13-Ch12,+0.930,6.714,1.4583,0.0547,theta,0
0,Ch13-Ch12,+0.930,9.155,1.8170,0.4379,alpha,0
0,Ch13-Ch12,+0.930,11.597,1.5020,0.1980,alpha,0
0,Ch13-Ch12,+0.930,14.648,1.9248,1.1685,beta,0
0,Ch13-Ch12,+0.930,19.531,1.4710,0.3760,beta,0
0,Ch13-Ch12,+0.930,24.414,1.4211,0.9249,beta,0
0,Ch13-Ch12,+0.930,29.297,0.9630,0.8387,beta,0
0,Ch13-Ch12,+0.930,38.452,0.9283,0.8178,low_gamma,0
0,Ch13-Ch12,+0.930,51.880,0.9387,1.1275,high_gamma,0
0,Ch13-Ch12,+0.930,69.580,0.8154,0.8318,high_gamma,0
0,Ch13-Ch12,+0.930,80.566,1.0251,1.2496,high_gamma,0
0,Ch13-Ch12,+0.930,97.656,0.4911,0.7460,high_gamma,0
0,Ch14-Ch13,+1.080,2.441,0.8719,0.0953,delta,0
0,Ch14-Ch13,+1.080,4.883,2.5185,2.6155,theta,1
0,Ch14-Ch13,+1.080,9.155,1.9355,0.4449,alpha,0
0,Ch14-Ch13,+1.080,11.597,1.6464,0.1834,alpha,0
0,Ch14-Ch13,+1.080,14.648,2.0809,1.1712,beta,0
0,Ch14-Ch13,+1.080,19.531,1.5852,0.3741,beta,0
0,Ch14-Ch13,+1.080,24.414,1.5410,1.0274,beta,0
0,Ch14-Ch13,+1.080,29.297,1.0204,0.5306,beta,0
0,Ch14-Ch13,+1.080,38.452,0.8481,0.9350,low_gamma,0
0,Ch14-Ch13,+1.080,51.880,1.0129,1.3824,high_gamma,0
0,Ch14-Ch13,+1.080,69.580,0.9906,1.0276,high_gamma,0
0,Ch14-Ch13,+1.080,92.163,0.8528,0.9280,high_gamma,0
0,Ch15-Ch14,+1.230,2.441,-1.5097,0.2140,delta,0
0,Ch15-Ch14,+1.230,4.883,0.4556,1.3609,theta,0
0,Ch15-Ch14,+1.230,9.155,0.1581,0.5114,alpha,0
0,Ch15-Ch14,+1.230,11.597,-0.1520,0.4686,alpha,0
0,Ch15-Ch14,+1.230,14.648,0.5731,2.5847,beta,1
0,Ch15-Ch14,+1.230,17.700,-0.1494,0.1684,beta,0
0,Ch15-Ch14,+1.230,20.752,0.0122,0.3471,beta,0
0,Ch15-Ch14,+1.230,25.635,0.0268,1.0641,beta,0
0,Ch15-Ch14,+1.230,31.128,-0.8241,0.1100,low_gamma,0
0,Ch15-Ch14,+1.230,38.452,-0.4781,1.0539,low_gamma,0
0,Ch15-Ch14,+1.230,54.321,-0.3062,0.7528,high_gamma,0
0,Ch15-Ch14,+1.230,65.308,-0.4644,0.5536,high_gamma,0
0,Ch15-Ch14,+1.230,78.735,0.0176,1.4427,high_gamma,0
0,Ch15-Ch14,+1.230,91.553,0.0482,1.0138,high_gamma,0
1,Ch1-Ch0,-0.865,5.493,-0.4085,0.9642,theta,0
1,Ch1-Ch0,-0.865,11.597,0.6803,0.8584,alpha,0
1,Ch1-Ch0,-0.865,15.259,0.6899,2.2824,beta,1
1,Ch1-Ch0,-0.865,18.921,0.2058,0.3589,beta,0
1,Ch1-Ch0,-0.865,25.635,-0.1514,0.8105,beta,0
1,Ch1-Ch0,-0.865,32.349,-0.1936,0.7608,low_gamma,0
1,Ch1-Ch0,-0.865,37.231,-0.0001,1.2073,low_gamma,0
1,Ch1-Ch0,-0.865,44.556,-0.3271,0.8406,low_gamma,0
1,Ch1-Ch0,-0.865,53.711,-0.1124,0.8212,high_gamma,0
1,Ch1-Ch0,-0.865,65.918,0.3658,1.7757,high_gamma,0
1,Ch1-Ch0,-0.865,84.839,0.2581,1.1392,high_gamma,0
1,Ch1-Ch0,-0.865,97.656,-0.4796,0.4546,high_gamma,0
1,Ch2-Ch1,-0.715,5.493,-0.0267,0.9326,theta,0
1,Ch2-Ch1,-0.715,11.597,1.1169,0.7824,alpha,0
1,Ch2-Ch1,-0.715,15.259,1.1687,2.2954,beta,1
1,Ch2-Ch1,-0.715,18.921,0.6989,0.3992,beta,0
1,Ch2-Ch1,-0.715,25.635,0.3006,0.8867,beta,0
1,Ch2-Ch1,-0.715,32.349,0.2042,0.7520,low_gamma,0
1,Ch2-Ch1,-0.715,37.231,0.4632,1.2800,low_gamma,0
1,Ch2-Ch1,-0.715,48.218,0.3458,0.7812,low_gamma,0
1,Ch2-Ch1,-0.715,57.983,0.3757,0.7475,high_gamma,0
1,Ch2-Ch1,-0.715,72.021,0.8970,1.7444,high_gamma,0
1,Ch2-Ch1,-0.715,84.839,0.7369,1.1719,high_gamma,0
1,Ch2-Ch1,-0.715,97.656,0.0390,0.8707,high_gamma,0
1,Ch3-Ch2,-0.565,4.272,1.1834,1.6276,theta,0
1,Ch3-Ch2,-0.565,9.766,1.0998,0.9488,alpha,0
1,Ch3-Ch2,-0.565,11.597,1.0975,0.8042,alpha,0
1,Ch3-Ch2,-0.565,15.259,1.1279,1.0672,beta,0
1,Ch3-Ch2,-0.565,18.921,0.9124,0.2973,beta,0
1,Ch3-Ch2,-0.565,21.973,0.6695,1.2420,beta,0
1,Ch3-Ch2,-0.565,28.687,0.6456,0.5591,beta,0
1,Ch3-Ch2,-0.565,37.842,0.4755,1.0749,low_gamma,0
1,Ch3-Ch2,-0.565,48.218,0.5949,1.1871,low_gamma,0
1,Ch3-Ch2,-0.565,56.152,0.6277,0.5148,high_gamma,0
1,Ch3-Ch2,-0.565,71.411,1.2670,2.0013,high_gamma,1
1,Ch3-Ch2,-0.565,89.111,0.7959,1.2676,high_gamma,0
1,Ch4-Ch3,-0.415,4.272,1.2076,1.9747,theta,0
1,Ch4-Ch3,-0.415,8.545,0.9208,0.8031,alpha,0
1,Ch4-Ch3,-0.415,10.376,0.6360,0.0513,alpha,0
1,Ch4-Ch3,-0.415,15.259,1.0503,1.1291,beta,0
1,Ch4-Ch3,-0.415,18.921,0.7198,1.1443,beta,0
1,Ch4-Ch3,-0.415,23.193,0.5395,0.6435,beta,0
1,Ch4-Ch3,-0.415,31.738,0.6329,0.8936,low_gamma,0
1,Ch4-Ch3,-0.415,37.231,0.7112,1.0149,low_gamma,0
1,Ch4-Ch3,-0.415,49.438,0.4523,0.5894,low_gamma,0
1,Ch4-Ch3,-0.415,60.425,1.1010,1.2387,high_gamma,0
1,Ch4-Ch3,-0.415,75.073,1.5152,2.0939,high_gamma,1
1,Ch4-Ch3,-0.415,94.604,0.7666,1.1637,high_gamma,0
1,Ch5-Ch4,-0.265,4.272,1.2283,1.0134,theta,0
1,Ch5-Ch4,-0.265,6.104,0.9281,0.3178,theta,0
1,Ch5-Ch4,-0.265,9.155,0.7590,0.2541,alpha,0
1,Ch5-Ch4,-0.265,11.597,1.2390,0.4298,alpha,0
1,Ch5-Ch4,-0.265,13.428,1.4394,2.2661,beta,1
1,Ch5-Ch4,-0.265,18.921,1.1558,1.1400,beta,0
1,Ch5-Ch4,-0.265,23.804,0.7632,0.5485,beta,0
1,Ch5-Ch4,-0.265,27.466,0.7874,0.5864,beta,0
1,Ch5-Ch4,-0.265,35.400,0.6724,0.7057,low_gamma,0
1,Ch5-Ch4,-0.265,45.776,0.8784,1.2482,low_gamma,0
1,Ch5-Ch4,-0.265,59.204,1.0322,1.0974,high_gamma,0
1,Ch5-Ch4,-0.265,68.970,0.8112,0.1547,high_gamma,0
1,Ch5-Ch4,-0.265,80.566,1.3987,2.1281,high_gamma,0
1,Ch5-Ch4,-0.265,92.773,0.8113,0.5323,high_gamma,0
1,Ch6-Ch5,-0.115,4.272,1.2039,0.0869,theta,0
1,Ch6-Ch5,-0.115,6.104,1.3041,1.0295,theta,0
1,Ch6-Ch5,-0.115,8.545,1.2153,0.0709,alpha,0
1,Ch6-Ch5,-0.115,11.597,1.7375,0.2560,alpha,0
1,Ch6-Ch5,-0.115,13.428,2.2755,2.5040,beta,1
1,Ch6-Ch5,-0.115,18.921,1.1865,0.4719,beta,0
1,Ch6-Ch5,-0.115,25.024,1.0793,1.0958,beta,0
1,Ch6-Ch5,-0.115,29.297,0.8806,0.6688,beta,0
1,Ch6-Ch5,-0.115,35.400,0.8490,0.6309,low_gamma,0
1,Ch6-Ch5,-0.115,47.607,1.0075,0.5404,low_gamma,0
1,Ch6-Ch5,-0.115,58.594,1.4202,1.4685,high_gamma,0
1,Ch6-Ch5,-0.115,72.021,1.6232,1.6776,high_gamma,0
1,Ch6-Ch5,-0.115,94.604,1.0517,1.2401,high_gamma,0
1,Ch7-Ch6,+0.030,4.883,1.5945,0.9985,theta,0
1,Ch7-Ch6,+0.030,8.545,0.9677,0.3193,alpha,0
1,Ch7-Ch6,+0.030,10.376,0.9860,0.1539,alpha,0
1,Ch7-Ch6,+0.030,13.428,1.8759,2.4013,beta,1
1,Ch7-Ch6,+0.030,20.142,1.1309,0.9698,beta,0
1,Ch7-Ch6,+0.030,25.024,0.9450,1.0824,beta,0
1,Ch7-Ch6,+0.030,29.297,0.9275,1.0131,beta,0
1,Ch7-Ch6,+0.030,38.452,0.8888,1.7389,low_gamma,0
1,Ch7-Ch6,+0.030,46.997,0.8052,1.4575,low_gamma,0
1,Ch7-Ch6,+0.030,54.321,0.8334,0.4447,high_gamma,0
1,Ch7-Ch6,+0.030,64.697,1.4649,1.7309,high_gamma,0
1,Ch7-Ch6,+0.030,76.294,0.7772,0.1522,high_gamma,0
1,Ch7-Ch6,+0.030,92.163,0.9473,1.1592,high_gamma,0
1,Ch8-Ch7,+0.180,4.883,1.8347,2.3641,theta,1
1,Ch8-Ch7,+0.180,11.597,0.9270,0.2027,alpha,0
1,Ch8-Ch7,+0.180,15.259,1.6959,1.4854,beta,0
1,Ch8-Ch7,+0.180,20.142,1.2190,0.2303,beta,0
1,Ch8-Ch7,+0.180,26.855,1.1773,0.7432,beta,0
1,Ch8-Ch7,+0.180,32.349,0.8439,0.6050,low_gamma,0
1,Ch8-Ch7,+0.180,37.842,1.0308,1.0311,low_gamma,0
1,Ch8-Ch7,+0.180,51.880,1.3883,1.3601,high_gamma,0
1,Ch8-Ch7,+0.180,66.528,1.6278,1.7365,high_gamma,0
1,Ch8-Ch7,+0.180,79.956,1.3580,1.2384,high_gamma,0
1,Ch8-Ch7,+0.180,95.215,1.0035,0.7305,high_gamma,0
1,Ch9-Ch8,+0.330,4.272,1.1280,0.9063,theta,0
1,Ch9-Ch8,+0.330,6.104,1.0651,0.3036,theta,0
1,Ch9-Ch8,+0.330,8.545,0.8980,0.1268,alpha,0
1,Ch9-Ch8,+0.330,11.597,1.8216,0.2574,alpha,0
1,Ch9-Ch8,+0.330,13.428,2.2501,2.6490,beta,1
1,Ch9-Ch8,+0.330,18.921,1.3226,1.2216,beta,0
1,Ch9-Ch8,+0.330,21.973,0.5918,0.3792,beta,0
1,Ch9-Ch8,+0.330,25.635,1.1263,1.0616,beta,0
1,Ch9-Ch8,+0.330,34.180,0.7131,0.6200,low_gamma,0
1,Ch9-Ch8,+0.330,40.283,0.6198,0.3684,low_gamma,0
1,Ch9-Ch8,+0.330,51.880,1.0681,0.6986,high_gamma,0
1,Ch9-Ch8,+0.330,59.814,1.3106,1.5459,high_gamma,0
1,Ch9-Ch8,+0.330,72.021,1.5823,1.9424,high_gamma,0
1,Ch9-Ch8,+0.330,84.229,0.9793,0.6633,high_gamma,0
1,Ch9-Ch8,+0.330,97.656,0.8599,0.8526,high_gamma,0
1,Ch10-Ch9,+0.480,2.441,0.0206,0.1002,delta,0
1,Ch10-Ch9,+0.480,4.272,1.4916,0.6956,theta,0
1,Ch10-Ch9,+0.480,5.493,1.2670,0.1988,theta,0
1,Ch10-Ch9,+0.480,8.545,1.5134,0.0526,alpha,0
1,Ch10-Ch9,+0.480,10.376,1.7264,0.8271,alpha,0
1,Ch10-Ch9,+0.480,13.428,1.9914,2.2624,beta,1
1,Ch10-Ch9,+0.480,16.479,1.8312,0.4992,beta,0
1,Ch10-Ch9,+0.480,20.752,1.4657,0.4807,beta,0
1,Ch10-Ch9,+0.480,25.024,1.5055,0.5411,beta,0
1,Ch10-Ch9,+0.480,29.297,1.2733,0.5626,beta,0
1,Ch10-Ch9,+0.480,35.400,1.0083,0.5017,low_gamma,0
1,Ch10-Ch9,+0.480,40.894,1.3228,1.0866,low_gamma,0
1,Ch10-Ch9,+0.480,53.711,1.1001,0.9404,high_gamma,0
1,Ch10-Ch9,+0.480,64.697,1.7659,1.9640,high_gamma,0
1,Ch10-Ch9,+0.480,76.294,1.4633,0.9295,high_gamma,0
1,Ch10-Ch9,+0.480,95.825,1.0984,1.0556,high_gamma,0
1,Ch11-Ch10,+0.630,2.441,-0.0763,0.0672,delta,0
1,Ch11-Ch10,+0.630,4.272,1.2857,0.6994,theta,0
1,Ch11-Ch10,+0.630,5.493,1.1187,0.1788,theta,0
1,Ch11-Ch10,+0.630,10.376,1.5966,0.9546,alpha,0
1,Ch11-Ch10,+0.630,13.428,1.7556,2.1138,beta,1
1,Ch11-Ch10,+0.630,16.479,1.6185,0.5145,beta,0
1,Ch11-Ch10,+0.630,20.752,1.2737,0.3547,beta,0
1,Ch11-Ch10,+0.630,25.024,1.3016,0.6772,beta,0
1,Ch11-Ch10,+0.630,29.297,1.1706,0.6365,beta,0
1,Ch11-Ch10,+0.630,35.400,1.0753,0.8826,low_gamma,0
1,Ch11-Ch10,+0.630,40.894,1.1689,1.0537,low_gamma,0
1,Ch11-Ch10,+0.630,46.997,0.9546,0.9236,low_gamma,0
1,Ch11-Ch10,+0.630,55.542,0.7691,0.2775,high_gamma,0
1,Ch11-Ch10,+0.630,64.087,1.5756,1.7844,high_gamma,0
1,Ch11-Ch10,+0.630,79.956,1.0854,0.8786,high_gamma,0
1,Ch11-Ch10,+0.630,92.163,1.0211,0.9226,high_gamma,0
1,Ch12-Ch11,+0.780,4.883,0.5644,1.0668,theta,0
1,Ch12-Ch11,+0.780,9.766,0.1852,0.1094,alpha,0
1,Ch12-Ch11,+0.780,11.597,0.3817,0.1221,alpha,0
1,Ch12-Ch11,+0.780,13.428,0.9079,2.2840,beta,0
1,Ch12-Ch11,+0.780,16.479,0.6053,0.1468,beta,0
1,Ch12-Ch11,+0.780,20.142,0.2038,0.5268,beta,0
1,Ch12-Ch11,+0.780,28.687,0.2702,1.4085,beta,0
1,Ch12-Ch11,+0.780,35.400,0.5987,1.3902,low_gamma,0
1,Ch12-Ch11,+0.780,41.504,0.4171,1.2053,low_gamma,0
1,Ch12-Ch11,+0.780,50.049,0.0248,0.6749,high_gamma,0
1,Ch12-Ch11,+0.780,64.087,0.9401,2.1699,high_gamma,1
1,Ch12-Ch11,+0.780,76.294,0.5647,0.9909,high_gamma,0
1,Ch12-Ch11,+0.780,95.825,0.4320,1.5129,high_gamma,0
1,Ch13-Ch12,+0.930,4.883,2.0830,2.2471,theta,1
1,Ch13-Ch12,+0.930,9.766,1.7973,0.7162,alpha,0
1,Ch13-Ch12,+0.930,11.597,1.6796,0.4000,alpha,0
1,Ch13-Ch12,+0.930,13.428,1.9747,1.4319,beta,0
1,Ch13-Ch12,+0.930,18.921,1.2639,0.3615,beta,0
1,Ch13-Ch12,+0.930,25.024,1.2187,1.4886,beta,0
1,Ch13-Ch12,+0.930,29.297,0.9041,0.1699,beta,0
1,Ch13-Ch12,+0.930,35.400,1.1097,0.9370,low_gamma,0
1,Ch13-Ch12,+0.930,40.894,1.0269,1.3162,low_gamma,0
1,Ch13-Ch12,+0.930,49.438,0.2926,0.4929,low_gamma,0
1,Ch13-Ch12,+0.930,64.087,1.0012,1.2225,high_gamma,0
1,Ch13-Ch12,+0.930,82.397,0.9994,1.1507,high_gamma,0
1,Ch13-Ch12,+0.930,95.825,0.8919,0.8949,high_gamma,0
1,Ch14-Ch13,+1.080,4.883,2.2024,2.2519,theta,1
1,Ch14-Ch13,+1.080,9.766,1.9107,0.6502,alpha,0
1,Ch14-Ch13,+1.080,11.597,1.8252,0.3939,alpha,0
1,Ch14-Ch13,+1.080,13.428,2.1038,1.4034,beta,0
1,Ch14-Ch13,+1.080,18.311,1.3647,0.3748,beta,0
1,Ch14-Ch13,+1.080,21.362,1.1631,0.1259,beta,0
1,Ch14-Ch13,+1.080,25.024,1.3118,1.6276,beta,0
1,Ch14-Ch13,+1.080,29.297,0.9163,0.1197,beta,0
1,Ch14-Ch13,+1.080,35.400,1.0289,0.8179,low_gamma,0
1,Ch14-Ch13,+1.080,44.556,1.1034,1.2931,low_gamma,0
1,Ch14-Ch13,+1.080,56.152,1.0778,1.4230,high_gamma,0
1,Ch14-Ch13,+1.080,69.580,1.0683,0.7806,high_gamma,0
1,Ch14-Ch13,+1.080,82.397,1.0445,1.3338,high_gamma,0
1,Ch14-Ch13,+1.080,95.825,0.6884,0.8425,high_gamma,0
1,Ch15-Ch14,+1.230,1.831,-1.7438,0.0866,delta,0
1,Ch15-Ch14,+1.230,4.883,0.3595,1.4543,theta,0
1,Ch15-Ch14,+1.230,7.935,-0.2699,0.2292,theta,0
1,Ch15-Ch14,+1.230,9.766,0.1135,0.7755,alpha,0
1,Ch15-Ch14,+1.230,11.597,-0.0349,0.3460,alpha,0
1,Ch15-Ch14,+1.230,13.428,0.5100,2.1779,beta,1
1,Ch15-Ch14,+1.230,18.921,-0.2362,0.5027,beta,0
1,Ch15-Ch14,+1.230,21.973,-0.3518,0.3115,beta,0
1,Ch15-Ch14,+1.230,27.466,-0.0155,1.5542,beta,0
1,Ch15-Ch14,+1.230,35.400,-0.4422,0.6248,low_gamma,0
1,Ch15-Ch14,+1.230,44.556,-0.3599,1.0306,low_gamma,0
1,Ch15-Ch14,+1.230,51.880,-0.4944,0.5481,high_gamma,0
1,Ch15-Ch14,+1.230,64.087,-0.1295,1.0937,high_gamma,0
1,Ch15-Ch14,+1.230,82.397,0.0536,1.4403,high_gamma,0
1,Ch15-Ch14,+1.230,95.825,-0.1368,0.9254,high_gamma,0
2,Ch1-Ch0,-0.865,1.831,-1.4254,0.0966,delta,0
2,Ch1-Ch0,-0.865,5.493,-0.3222,0.3285,theta,0
2,Ch1-Ch0,-0.865,8.545,-0.1876,0.3234,alpha,0
2,Ch1-Ch0,-0.865,11.597,-0.0402,0.3315,alpha,0
2,Ch1-Ch0,-0.865,13.428,0.2716,0.4411,beta,0
2,Ch1-Ch0,-0.865,16.479,0.7091,2.2515,beta,1
2,Ch1-Ch0,-0.865,23.193,0.0561,1.1932,beta,0
2,Ch1-Ch0,-0.865,27.466,-0.1547,1.1163,beta,0
2,Ch1-Ch0,-0.865,35.400,-0.1962,0.8775,low_gamma,0
2,Ch1-Ch0,-0.865,45.776,-0.0673,0.5335,low_gamma,0
2,Ch1-Ch0,-0.865,54.321,0.2791,1.4371,high_gamma,0
2,Ch1-Ch0,-0.865,70.190,0.2905,1.7386,high_gamma,0
2,Ch1-Ch0,-0.865,84.229,-0.0925,1.0565,high_gamma,0
2,Ch2-Ch1,-0.715,1.831,-0.9825,0.0902,delta,0
2,Ch2-Ch1,-0.715,5.493,0.0136,0.2725,theta,0
2,Ch2-Ch1,-0.715,8.545,0.2730,0.3199,alpha,0
2,Ch2-Ch1,-0.715,11.597,0.4323,0.2546,alpha,0
2,Ch2-Ch1,-0.715,13.428,0.7625,0.4354,beta,0
2,Ch2-Ch1,-0.715,16.479,1.1580,2.2641,beta,1
2,Ch2-Ch1,-0.715,22.583,0.5031,1.2708,beta,0
2,Ch2-Ch1,-0.715,27.466,0.3003,1.2040,beta,0
2,Ch2-Ch1,-0.715,35.400,0.2453,0.8660,low_gamma,0
2,Ch2-Ch1,-0.715,45.776,0.3713,0.4991,low_gamma,0
2,Ch2-Ch1,-0.715,54.321,0.8022,1.7723,high_gamma,0
2,Ch2-Ch1,-0.715,70.190,0.7775,1.6543,high_gamma,0
2,Ch2-Ch1,-0.715,84.229,0.2669,1.0392,high_gamma,0
2,Ch3-Ch2,-0.565,3.662,0.4965,0.1001,delta,0
2,Ch3-Ch2,-0.565,5.493,1.5476,2.2424,theta,1
2,Ch3-Ch2,-0.565,8.545,0.8867,0.2360,alpha,0
2,Ch3-Ch2,-0.565,11.597,1.1131,0.6493,alpha,0
2,Ch3-Ch2,-0.565,15.869,1.2655,1.1309,beta,0
2,Ch3-Ch2,-0.565,18.311,0.8830,0.2156,beta,0
2,Ch3-Ch2,-0.565,23.804,0.8424,1.5345,beta,0
2,Ch3-Ch2,-0.565,27.466,0.6861,0.8369,beta,0
2,Ch3-Ch2,-0.565,35.400,0.2874,0.6863,low_gamma,0
2,Ch3-Ch2,-0.565,45.776,0.6028,1.1163,low_gamma,0
2,Ch3-Ch2,-0.565,54.321,0.7511,1.9272,high_gamma,0
2,Ch3-Ch2,-0.565,70.190,1.0250,1.2787,high_gamma,0
2,Ch3-Ch2,-0.565,84.229,0.8328,1.2812,high_gamma,0
2,Ch4-Ch3,-0.415,5.493,1.5196,2.4426,theta,1
2,Ch4-Ch3,-0.415,9.155,0.8281,0.4485,alpha,0
2,Ch4-Ch3,-0.415,12.207,0.8959,0.8042,alpha,0
2,Ch4-Ch3,-0.415,16.479,0.8767,0.8932,beta,0
2,Ch4-Ch3,-0.415,22.583,0.5770,0.8466,beta,0
2,Ch4-Ch3,-0.415,26.855,0.4253,0.6401,beta,0
2,Ch4-Ch3,-0.415,33.569,0.4549,0.3485,low_gamma,0
2,Ch4-Ch3,-0.415,39.673,0.6608,1.0147,low_gamma,0
2,Ch4-Ch3,-0.415,46.387,0.3259,0.2109,low_gamma,0
2,Ch4-Ch3,-0.415,54.321,1.1138,1.4805,high_gamma,0
2,Ch4-Ch3,-0.415,70.190,1.3484,1.8570,high_gamma,0
2,Ch4-Ch3,-0.415,81.787,0.8980,0.4618,high_gamma,0
2,Ch4-Ch3,-0.415,95.825,0.7400,0.8201,high_gamma,0
2,Ch5-Ch4,-0.265,5.493,1.6271,1.8778,theta,1
2,Ch5-Ch4,-0.265,8.545,0.8849,0.4363,alpha,0
2,Ch5-Ch4,-0.265,10.376,0.5800,0.1285,alpha,0
2,Ch5-Ch4,-0.265,14.648,1.4134,1.3881,beta,0
2,Ch5-Ch4,-0.265,17.700,0.8428,0.2322,beta,0
2,Ch5-Ch4,-0.265,21.362,1.0798,0.8603,beta,0
2,Ch5-Ch4,-0.265,27.466,0.9082,0.9303,beta,0
2,Ch5-Ch4,-0.265,33.569,0.8934,0.7485,low_gamma,0
2,Ch5-Ch4,-0.265,39.673,0.8974,1.0008,low_gamma,0
2,Ch5-Ch4,-0.265,45.776,0.8093,0.8000,low_gamma,0
2,Ch5-Ch4,-0.265,54.932,1.0646,1.0524,high_gamma,0
2,Ch5-Ch4,-0.265,69.580,1.2310,1.4786,high_gamma,0
2,Ch5-Ch4,-0.265,81.787,1.1496,1.2864,high_gamma,0
2,Ch5-Ch4,-0.265,96.436,0.9220,0.8164,high_gamma,0
2,Ch6-Ch5,-0.115,5.493,1.7542,1.2350,theta,0
2,Ch6-Ch5,-0.115,8.545,1.2029,0.1134,alpha,0
2,Ch6-Ch5,-0.115,10.376,1.1678,0.6357,alpha,0
2,Ch6-Ch5,-0.115,14.648,2.0496,2.2376,beta,1
2,Ch6-Ch5,-0.115,18.311,1.4428,1.2478,beta,0
2,Ch6-Ch5,-0.115,23.804,1.0953,0.5796,beta,0
2,Ch6-Ch5,-0.115,27.466,1.1954,0.7406,beta,0
2,Ch6-Ch5,-0.115,33.569,0.7310,0.5879,low_gamma,0
2,Ch6-Ch5,-0.115,40.283,0.6900,0.4707,low_gamma,0
2,Ch6-Ch5,-0.115,50.049,1.3307,1.4851,high_gamma,0
2,Ch6-Ch5,-0.115,60.425,1.5555,1.2555,high_gamma,0
2,Ch6-Ch5,-0.115,71.411,1.5857,1.6646,high_gamma,0
2,Ch6-Ch5,-0.115,85.449,1.3809,0.9731,high_gamma,0
2,Ch6-Ch5,-0.115,98.267,0.5221,0.2059,high_gamma,0
2,Ch7-Ch6,+0.030,4.883,1.3842,1.6253,theta,0
2,Ch7-Ch6,+0.030,8.545,0.6466,0.1038,alpha,0
2,Ch7-Ch6,+0.030,10.376,1.0419,0.4420,alpha,0
2,Ch7-Ch6,+0.030,14.648,1.8319,2.1829,beta,1
2,Ch7-Ch6,+0.030,18.311,1.4577,0.6681,beta,0
2,Ch7-Ch6,+0.030,23.193,1.1284,0.8292,beta,0
2,Ch7-Ch6,+0.030,26.855,1.2236,0.9658,beta,0
2,Ch7-Ch6,+0.030,31.128,0.6799,0.1388,low_gamma,0
2,Ch7-Ch6,+0.030,37.231,0.6448,0.6287,low_gamma,0
2,Ch7-Ch6,+0.030,48.828,1.0801,1.1598,low_gamma,0
2,Ch7-Ch6,+0.030,60.425,0.8471,0.7064,high_gamma,0
2,Ch7-Ch6,+0.030,78.125,1.2151,1.8775,high_gamma,0
2,Ch7-Ch6,+0.030,95.825,0.7174,0.7485,high_gamma,0
2,Ch8-Ch7,+0.180,4.883,1.6766,1.5080,theta,0
2,Ch8-Ch7,+0.180,7.324,0.9391,0.1309,theta,0
2,Ch8-Ch7,+0.180,10.986,0.9863,0.5514,alpha,0
2,Ch8-Ch7,+0.180,15.259,1.7790,2.0029,beta,1
2,Ch8-Ch7,+0.180,18.311,1.3198,0.4016,beta,0
2,Ch8-Ch7,+0.180,23.193,1.5080,0.8594,beta,0
2,Ch8-Ch7,+0.180,26.855,1.3283,1.0172,beta,0
2,Ch8-Ch7,+0.180,31.128,1.1316,0.4092,low_gamma,0
2,Ch8-Ch7,+0.180,36.621,0.9856,1.0993,low_gamma,0
2,Ch8-Ch7,+0.180,44.556,1.1436,0.9923,low_gamma,0
2,Ch8-Ch7,+0.180,52.490,0.9930,0.7917,high_gamma,0
2,Ch8-Ch7,+0.180,68.970,1.5939,1.8835,high_gamma,0
2,Ch8-Ch7,+0.180,79.956,1.4061,1.2580,high_gamma,0
2,Ch8-Ch7,+0.180,92.163,1.0978,0.8688,high_gamma,0
2,Ch9-Ch8,+0.330,5.493,1.5096,1.3068,theta,0
2,Ch9-Ch8,+0.330,8.545,1.1146,0.4457,alpha,0
2,Ch9-Ch8,+0.330,10.376,1.0474,0.2447,alpha,0
2,Ch9-Ch8,+0.330,14.648,2.0343,2.6006,beta,1
2,Ch9-Ch8,+0.330,18.311,1.3158,0.7440,beta,0
2,Ch9-Ch8,+0.330,23.804,0.7756,0.2807,beta,0
2,Ch9-Ch8,+0.330,27.466,0.9799,0.8515,beta,0
2,Ch9-Ch8,+0.330,37.842,0.7311,0.8252,low_gamma,0
2,Ch9-Ch8,+0.330,49.438,1.2328,1.2662,low_gamma,0
2,Ch9-Ch8,+0.330,59.814,1.2251,0.8754,high_gamma,0
2,Ch9-Ch8,+0.330,71.411,1.7865,2.0485,high_gamma,0
2,Ch9-Ch8,+0.330,84.229,1.1985,1.1414,high_gamma,0
2,Ch9-Ch8,+0.330,98.267,0.5319,0.2528,high_gamma,0
2,Ch10-Ch9,+0.480,5.493,1.9859,2.0041,theta,1
2,Ch10-Ch9,+0.480,8.545,1.4408,0.3644,alpha,0
2,Ch10-Ch9,+0.480,10.376,1.7054,0.4198,alpha,0
2,Ch10-Ch9,+0.480,12.207,1.7795,0.7190,alpha,0
2,Ch10-Ch9,+0.480,15.259,1.7775,0.9752,beta,0
2,Ch10-Ch9,+0.480,18.311,1.6346,0.5585,beta,0
2,Ch10-Ch9,+0.480,21.973,1.4537,0.0979,beta,0
2,Ch10-Ch9,+0.480,26.855,1.6998,0.9396,beta,0
2,Ch10-Ch9,+0.480,37.842,1.0864,1.0664,low_gamma,0
2,Ch10-Ch9,+0.480,48.828,1.4517,1.5634,low_gamma,0
2,Ch10-Ch9,+0.480,61.646,1.2985,0.9498,high_gamma,0
2,Ch10-Ch9,+0.480,71.411,1.6527,1.8859,high_gamma,0
2,Ch10-Ch9,+0.480,82.397,1.3211,0.8509,high_gamma,0
2,Ch10-Ch9,+0.480,96.436,0.9101,0.9208,high_gamma,0
2,Ch11-Ch10,+0.630,5.493,1.8145,1.9680,theta,1
2,Ch11-Ch10,+0.630,8.545,1.2830,0.3075,alpha,0
2,Ch11-Ch10,+0.630,10.376,1.5647,0.4318,alpha,0
2,Ch11-Ch10,+0.630,12.207,1.6019,0.8072,alpha,0
2,Ch11-Ch10,+0.630,15.259,1.4971,0.8240,beta,0
2,Ch11-Ch10,+0.630,18.311,1.4125,0.4389,beta,0
2,Ch11-Ch10,+0.630,21.973,1.3075,0.3833,beta,0
2,Ch11-Ch10,+0.630,26.855,1.4415,0.7094,beta,0
2,Ch11-Ch10,+0.630,37.842,0.9519,1.5412,low_gamma,0
2,Ch11-Ch10,+0.630,48.828,1.2409,1.0400,low_gamma,0
2,Ch11-Ch10,+0.630,56.763,0.8902,0.5337,high_gamma,0
2,Ch11-Ch10,+0.630,68.970,1.2835,1.8376,high_gamma,0
2,Ch11-Ch10,+0.630,87.891,0.8451,1.2751,high_gamma,0
2,Ch12-Ch11,+0.780,4.883,0.1777,1.4285,theta,0
2,Ch12-Ch11,+0.780,10.376,0.2704,0.6906,alpha,0
2,Ch12-Ch11,+0.780,14.648,0.7241,1.7950,beta,1
2,Ch12-Ch11,+0.780,18.311,0.5371,1.1109,beta,0
2,Ch12-Ch11,+0.780,21.973,0.4005,0.4834,beta,0
2,Ch12-Ch11,+0.780,26.855,0.5266,1.0280,beta,0
2,Ch12-Ch11,+0.780,34.790,0.3209,0.9517,low_gamma,0
2,Ch12-Ch11,+0.780,44.556,0.1251,0.6627,low_gamma,0
2,Ch12-Ch11,+0.780,56.763,0.3349,1.2425,high_gamma,0
2,Ch12-Ch11,+0.780,71.411,0.6887,1.7370,high_gamma,0
2,Ch12-Ch11,+0.780,88.501,0.3623,0.8742,high_gamma,0
2,Ch13-Ch12,+0.930,3.662,1.0165,0.1500,delta,0
2,Ch13-Ch12,+0.930,5.493,2.2742,2.7673,theta,1
2,Ch13-Ch12,+0.930,8.545,1.6875,0.4797,alpha,0
2,Ch13-Ch12,+0.930,10.376,1.7099,0.2787,alpha,0
2,Ch13-Ch12,+0.930,12.207,1.8701,0.9257,alpha,0
2,Ch13-Ch12,+0.930,15.259,1.6903,0.9677,beta,0
2,Ch13-Ch12,+0.930,20.142,1.3834,0.7217,beta,0
2,Ch13-Ch12,+0.930,25.024,1.3848,0.8853,beta,0
2,Ch13-Ch12,+0.930,34.180,0.7898,1.2343,low_gamma,0
2,Ch13-Ch12,+0.930,42.114,0.5760,0.9339,low_gamma,0
2,Ch13-Ch12,+0.930,48.828,0.9742,1.2107,low_gamma,0
2,Ch13-Ch12,+0.930,56.152,0.9495,0.0968,high_gamma,0
2,Ch13-Ch12,+0.930,66.528,1.4574,2.0669,high_gamma,0
2,Ch13-Ch12,+0.930,84.229,0.9144,1.4311,high_gamma,0
2,Ch13-Ch12,+0.930,98.877,0.3718,0.1334,high_gamma,0
2,Ch14-Ch13,+1.080,3.662,1.1500,0.0779,delta,0
2,Ch14-Ch13,+1.080,5.493,2.4094,2.7768,theta,1
2,Ch14-Ch13,+1.080,8.545,1.8249,0.4951,alpha,0
2,Ch14-Ch13,+1.080,10.376,1.8210,0.2836,alpha,0
2,Ch14-Ch13,+1.080,12.207,1.9882,0.8846,alpha,0
2,Ch14-Ch13,+1.080,15.259,1.8418,1.0000,beta,0
2,Ch14-Ch13,+1.080,20.142,1.5262,0.8237,beta,0
2,Ch14-Ch13,+1.080,25.024,1.4774,0.8241,beta,0
2,Ch14-Ch13,+1.080,34.180,0.8536,0.9766,low_gamma,0
2,Ch14-Ch13,+1.080,39.673,0.7192,0.4494,low_gamma,0
2,Ch14-Ch13,+1.080,48.828,1.0969,0.9977,low_gamma,0
2,Ch14-Ch13,+1.080,56.152,1.0366,0.2552,high_gamma,0
2,Ch14-Ch13,+1.080,66.528,1.4858,1.8652,high_gamma,0
2,Ch14-Ch13,+1.080,84.229,0.8713,1.2528,high_gamma,0
2,Ch14-Ch13,+1.080,98.877,0.2480,0.2430,high_gamma,0
2,Ch15-Ch14,+1.230,3.662,-0.8366,0.1693,delta,0
2,Ch15-Ch14,+1.230,5.493,0.4273,2.6231,theta,1
2,Ch15-Ch14,+1.230,9.155,-0.1616,0.3995,alpha,0
2,Ch15-Ch14,+1.230,12.207,0.2642,0.9336,alpha,0
2,Ch15-Ch14,+1.230,15.259,0.3410,1.1341,beta,0
2,Ch15-Ch14,+1.230,20.142,-0.0397,0.2165,beta,0
2,Ch15-Ch14,+1.230,24.414,-0.1266,0.8068,beta,0
2,Ch15-Ch14,+1.230,28.687,-0.3862,0.4105,beta,0
2,Ch15-Ch14,+1.230,35.400,-0.4272,1.5768,low_gamma,0
2,Ch15-Ch14,+1.230,42.114,-0.4748,1.2027,low_gamma,0
2,Ch15-Ch14,+1.230,56.763,-0.1274,1.6105,high_gamma,0
2,Ch15-Ch14,+1.230,66.528,0.0172,1.8249,high_gamma,0
2,Ch15-Ch14,+1.230,86.060,-0.1960,1.3005,high_gamma,0
3,Ch1-Ch0,-0.865,5.493,-0.5024,0.4590,theta,0
3,Ch1-Ch0,-0.865,6.714,-0.4970,0.0593,theta,0
3,Ch1-Ch0,-0.865,8.545,0.1550,0.4119,alpha,0
3,Ch1-Ch0,-0.865,10.986,0.7646,0.6879,alpha,0
3,Ch1-Ch0,-0.865,12.817,1.1301,2.7951,alpha,1
3,Ch1-Ch0,-0.865,16.479,0.4691,1.0739,beta,0
3,Ch1-Ch0,-0.865,20.142,-0.1646,0.2242,beta,0
3,Ch1-Ch0,-0.865,23.804,0.1949,1.0042,beta,0
3,Ch1-Ch0,-0.865,29.907,-0.0490,1.2121,beta,0
3,Ch1-Ch0,-0.865,35.400,-0.0665,0.9494,low_gamma,0
3,Ch1-Ch0,-0.865,40.894,-0.2819,0.0586,low_gamma,0
3,Ch1-Ch0,-0.865,51.880,-0.0941,0.8725,high_gamma,0
3,Ch1-Ch0,-0.865,64.087,0.3539,1.6557,high_gamma,0
3,Ch1-Ch0,-0.865,75.073,0.1514,1.2158,high_gamma,0
3,Ch1-Ch0,-0.865,90.332,0.0733,1.4554,high_gamma,0
3,Ch2-Ch1,-0.715,3.052,-1.1831,0.0691,delta,0
3,Ch2-Ch1,-0.715,5.493,-0.2182,0.4781,theta,0
3,Ch2-Ch1,-0.715,6.714,-0.0861,0.0802,theta,0
3,Ch2-Ch1,-0.715,8.545,0.5702,0.4054,alpha,0
3,Ch2-Ch1,-0.715,10.986,1.2090,0.7062,alpha,0
3,Ch2-Ch1,-0.715,12.817,1.6138,2.8723,alpha,1
3,Ch2-Ch1,-0.715,16.479,0.9166,1.0240,beta,0
3,Ch2-Ch1,-0.715,20.142,0.2503,0.2868,beta,0
3,Ch2-Ch1,-0.715,23.804,0.6776,0.9805,beta,0
3,Ch2-Ch1,-0.715,29.907,0.4032,1.2223,beta,0
3,Ch2-Ch1,-0.715,35.400,0.3398,1.0159,low_gamma,0
3,Ch2-Ch1,-0.715,40.894,0.0475,0.1142,low_gamma,0
3,Ch2-Ch1,-0.715,51.880,0.3085,0.8798,high_gamma,0
3,Ch2-Ch1,-0.715,64.087,0.7802,1.6526,high_gamma,0
3,Ch2-Ch1,-0.715,75.073,0.5538,1.3865,high_gamma,0
3,Ch2-Ch1,-0.715,90.332,0.6837,1.7029,high_gamma,0
3,Ch3-Ch2,-0.565,1.831,-0.4692,0.2364,delta,0
3,Ch3-Ch2,-0.565,3.662,0.8013,0.2458,delta,0
3,Ch3-Ch2,-0.565,5.493,1.1705,0.4714,theta,0
3,Ch3-Ch2,-0.565,7.935,1.2710,0.2140,theta,0
3,Ch3-Ch2,-0.565,10.986,1.4559,2.1642,alpha,1
3,Ch3-Ch2,-0.565,12.817,1.1755,0.1999,alpha,0
3,Ch3-Ch2,-0.565,17.090,1.1578,0.8872,beta,0
3,Ch3-Ch2,-0.565,21.362,0.6500,0.3483,beta,0
3,Ch3-Ch2,-0.565,25.635,0.6685,1.0775,beta,0
3,Ch3-Ch2,-0.565,29.907,0.6233,0.9038,beta,0
3,Ch3-Ch2,-0.565,35.400,0.9713,1.5071,low_gamma,0
3,Ch3-Ch2,-0.565,45.166,0.5976,0.7637,low_gamma,0
3,Ch3-Ch2,-0.565,56.152,0.9157,1.3272,high_gamma,0
3,Ch3-Ch2,-0.565,72.632,1.1762,1.7480,high_gamma,0
3,Ch3-Ch2,-0.565,90.332,0.9597,1.5235,high_gamma,0
3,Ch4-Ch3,-0.415,3.662,0.9756,0.8181,delta,0
3,Ch4-Ch3,-0.415,4.883,1.2211,0.8740,theta,0
3,Ch4-Ch3,-0.415,7.935,0.8465,0.3097,theta,0
3,Ch4-Ch3,-0.415,9.766,0.7204,0.3319,alpha,0
3,Ch4-Ch3,-0.415,13.428,1.5431,1.8791,beta,1
3,Ch4-Ch3,-0.415,18.311,0.9338,1.1453,beta,0
3,Ch4-Ch3,-0.415,23.804,0.9214,1.3278,beta,0
3,Ch4-Ch3,-0.415,28.687,0.3733,0.5234,beta,0
3,Ch4-Ch3,-0.415,39.062,0.9328,1.2226,low_gamma,0
3,Ch4-Ch3,-0.415,48.218,0.3846,0.2237,low_gamma,0
3,Ch4-Ch3,-0.415,58.594,1.0799,0.9380,high_gamma,0
3,Ch4-Ch3,-0.415,75.073,1.1597,1.0097,high_gamma,0
3,Ch4-Ch3,-0.415,90.332,0.9422,0.7497,high_gamma,0
3,Ch5-Ch4,-0.265,5.493,1.5017,1.9011,theta,1
3,Ch5-Ch4,-0.265,6.714,1.2943,0.0974,theta,0
3,Ch5-Ch4,-0.265,7.935,1.2207,0.5206,theta,0
3,Ch5-Ch4,-0.265,10.986,1.2434,0.6396,alpha,0
3,Ch5-Ch4,-0.265,14.648,1.1933,0.8241,beta,0
3,Ch5-Ch4,-0.265,18.311,1.2953,0.9655,beta,0
3,Ch5-Ch4,-0.265,24.414,1.0688,1.3775,beta,0
3,Ch5-Ch4,-0.265,28.687,0.3374,0.4639,beta,0
3,Ch5-Ch4,-0.265,33.569,0.6329,0.6844,low_gamma,0
3,Ch5-Ch4,-0.265,40.894,1.0769,1.1528,low_gamma,0
3,Ch5-Ch4,-0.265,46.997,0.5494,0.5037,low_gamma,0
3,Ch5-Ch4,-0.265,56.152,1.3357,1.7214,high_gamma,0
3,Ch5-Ch4,-0.265,75.073,1.3135,1.2471,high_gamma,0
3,Ch5-Ch4,-0.265,94.604,0.7576,1.0637,high_gamma,0
3,Ch6-Ch5,-0.115,2.441,-0.3569,0.1712,delta,0
3,Ch6-Ch5,-0.115,5.493,1.7356,1.1299,theta,0
3,Ch6-Ch5,-0.115,7.935,1.6849,0.6859,theta,0
3,Ch6-Ch5,-0.115,9.155,1.5830,0.5106,alpha,0
3,Ch6-Ch5,-0.115,11.597,1.9013,0.2579,alpha,0
3,Ch6-Ch5,-0.115,13.428,2.2435,2.8517,beta,1
3,Ch6-Ch5,-0.115,17.090,1.4929,0.7925,beta,0
3,Ch6-Ch5,-0.115,20.752,0.9259,0.3202,beta,0
3,Ch6-Ch5,-0.115,29.297,0.4331,0.8974,beta,0
3,Ch6-Ch5,-0.115,34.180,0.6866,0.3857,low_gamma,0
3,Ch6-Ch5,-0.115,40.894,0.8979,0.9843,low_gamma,0
3,Ch6-Ch5,-0.115,49.438,0.8694,0.5083,low_gamma,0
3,Ch6-Ch5,-0.115,62.866,1.3922,1.1762,high_gamma,0
3,Ch6-Ch5,-0.115,72.632,1.5492,1.6369,high_gamma,0
3,Ch6-Ch5,-0.115,86.670,1.4418,0.9174,high_gamma,0
3,Ch7-Ch6,+0.030,4.272,1.1069,0.1351,theta,0
3,Ch7-Ch6,+0.030,5.493,1.1676,0.9773,theta,0
3,Ch7-Ch6,+0.030,7.935,1.0926,0.5438,theta,0
3,Ch7-Ch6,+0.030,9.766,0.8149,0.3863,alpha,0
3,Ch7-Ch6,+0.030,13.428,1.9104,2.5492,beta,1
3,Ch7-Ch6,+0.030,19.531,1.1698,0.9017,beta,0
3,Ch7-Ch6,+0.030,23.804,1.1718,1.1540,beta,0
3,Ch7-Ch6,+0.030,29.907,1.0039,1.0766,beta,0
3,Ch7-Ch6,+0.030,35.400,0.4973,0.5120,low_gamma,0
3,Ch7-Ch6,+0.030,42.725,0.9062,0.9971,low_gamma,0
3,Ch7-Ch6,+0.030,54.932,1.0169,1.5503,high_gamma,0
3,Ch7-Ch6,+0.030,66.528,1.4496,1.6174,high_gamma,0
3,Ch7-Ch6,+0.030,89.722,1.4560,1.9975,high_gamma,0
3,Ch8-Ch7,+0.180,4.272,1.5672,1.1196,theta,0
3,Ch8-Ch7,+0.180,6.104,1.1332,0.1144,theta,0
3,Ch8-Ch7,+0.180,9.155,1.1803,0.6222,alpha,0
3,Ch8-Ch7,+0.180,10.986,1.1598,0.4940,alpha,0
3,Ch8-Ch7,+0.180,12.817,1.8295,2.0737,alpha,1
3,Ch8-Ch7,+0.180,17.090,1.1957,0.6098,beta,0
3,Ch8-Ch7,+0.180,23.804,1.5486,1.2317,beta,0
3,Ch8-Ch7,+0.180,29.907,1.3031,1.2512,beta,0
3,Ch8-Ch7,+0.180,35.400,0.7533,0.4346,low_gamma,0
3,Ch8-Ch7,+0.180,40.894,1.0930,1.0163,low_gamma,0
3,Ch8-Ch7,+0.180,46.997,0.9350,0.7560,low_gamma,0
3,Ch8-Ch7,+0.180,56.152,1.1711,0.9381,high_gamma,0
3,Ch8-Ch7,+0.180,66.528,1.7102,1.7048,high_gamma,0
3,Ch8-Ch7,+0.180,89.722,1.3694,0.9814,high_gamma,0
3,Ch9-Ch8,+0.330,5.493,1.4887,1.1846,theta,0
3,Ch9-Ch8,+0.330,6.714,1.3086,0.0878,theta,0
3,Ch9-Ch8,+0.330,7.935,1.3627,0.4179,theta,0
3,Ch9-Ch8,+0.330,9.155,1.3794,0.4977,alpha,0
3,Ch9-Ch8,+0.330,10.986,1.8083,0.1482,alpha,0
3,Ch9-Ch8,+0.330,13.428,2.3422,2.6518,beta,1
3,Ch9-Ch8,+0.330,18.311,1.4755,0.6803,beta,0
3,Ch9-Ch8,+0.330,24.414,0.9951,0.7456,beta,0
3,Ch9-Ch8,+0.330,31.738,0.7589,0.6532,low_gamma,0
3,Ch9-Ch8,+0.330,37.231,1.0537,1.1291,low_gamma,0
3,Ch9-Ch8,+0.330,46.997,0.6773,0.7355,low_gamma,0
3,Ch9-Ch8,+0.330,59.814,1.4824,1.5749,high_gamma,0
3,Ch9-Ch8,+0.330,72.632,1.4584,1.3657,high_gamma,0
3,Ch9-Ch8,+0.330,84.229,1.4287,1.3771,high_gamma,0
3,Ch9-Ch8,+0.330,97.046,1.1116,1.1013,high_gamma,0
3,Ch10-Ch9,+0.480,4.883,1.6008,0.4839,theta,0
3,Ch10-Ch9,+0.480,7.935,1.6440,0.2402,theta,0
3,Ch10-Ch9,+0.480,10.376,1.8482,0.2729,alpha,0
3,Ch10-Ch9,+0.480,13.428,2.3185,2.5020,beta,1
3,Ch10-Ch9,+0.480,17.090,1.5844,0.6414,beta,0
3,Ch10-Ch9,+0.480,23.804,1.8830,1.1335,beta,0
3,Ch10-Ch9,+0.480,29.297,1.4073,0.5831,beta,0
3,Ch10-Ch9,+0.480,37.231,1.5991,1.1553,low_gamma,0
3,Ch10-Ch9,+0.480,49.438,1.3030,1.3411,low_gamma,0
3,Ch10-Ch9,+0.480,65.308,1.4473,1.5600,high_gamma,0
3,Ch10-Ch9,+0.480,76.294,1.2605,0.6665,high_gamma,0
3,Ch10-Ch9,+0.480,89.722,1.3840,1.1957,high_gamma,0
3,Ch11-Ch10,+0.630,2.441,0.1938,0.0571,delta,0
3,Ch11-Ch10,+0.630,4.883,1.4362,0.4542,theta,0
3,Ch11-Ch10,+0.630,7.935,1.4756,0.2504,theta,0
3,Ch11-Ch10,+0.630,10.376,1.6907,0.3577,alpha,0
3,Ch11-Ch10,+0.630,13.428,2.0635,2.4523,beta,1
3,Ch11-Ch10,+0.630,17.090,1.3951,0.5701,beta,0
3,Ch11-Ch10,+0.630,23.804,1.7871,1.1840,beta,0
3,Ch11-Ch10,+0.630,29.297,1.2349,0.8727,beta,0
3,Ch11-Ch10,+0.630,37.231,1.3445,1.5341,low_gamma,0
3,Ch11-Ch10,+0.630,49.438,1.0595,0.9942,low_gamma,0
3,Ch11-Ch10,+0.630,65.308,1.1641,1.4388,high_gamma,0
3,Ch11-Ch10,+0.630,86.060,1.0383,1.0461,high_gamma,0
3,Ch12-Ch11,+0.780,3.662,0.1870,1.2128,delta,0
3,Ch12-Ch11,+0.780,4.883,0.1609,0.1047,theta,0
3,Ch12-Ch11,+0.780,7.324,-0.4466,0.1446,theta,0
3,Ch12-Ch11,+0.780,10.986,0.4358,0.1081,alpha,0
3,Ch12-Ch11,+0.780,13.428,0.9931,2.2708,beta,1
3,Ch12-Ch11,+0.780,18.311,0.4043,0.6071,beta,0
3,Ch12-Ch11,+0.780,23.193,0.3350,0.6929,beta,0
3,Ch12-Ch11,+0.780,29.907,0.2024,0.5041,beta,0
3,Ch12-Ch11,+0.780,36.621,0.3927,0.8797,low_gamma,0
3,Ch12-Ch11,+0.780,42.114,0.4591,1.2551,low_gamma,0
3,Ch12-Ch11,+0.780,50.659,0.6389,1.3897,high_gamma,0
3,Ch12-Ch11,+0.780,59.814,0.6660,1.5177,high_gamma,0
3,Ch12-Ch11,+0.780,72.632,0.7165,1.8830,high_gamma,0
3,Ch12-Ch11,+0.780,84.839,0.7026,1.2200,high_gamma,0
3,Ch13-Ch12,+0.930,3.662,1.5104,0.4850,delta,0
3,Ch13-Ch12,+0.930,5.493,2.1310,0.8371,theta,0
3,Ch13-Ch12,+0.930,7.935,1.8212,0.3374,theta,0
3,Ch13-Ch12,+0.930,10.376,1.9216,0.3257,alpha,0
3,Ch13-Ch12,+0.930,13.428,2.3870,2.6958,beta,1
3,Ch13-Ch12,+0.930,18.921,1.6422,0.3050,beta,0
3,Ch13-Ch12,+0.930,23.804,1.6703,1.0705,beta,0
3,Ch13-Ch12,+0.930,27.466,1.2215,0.7797,beta,0
3,Ch13-Ch12,+0.930,31.738,1.0086,0.5198,low_gamma,0
3,Ch13-Ch12,+0.930,38.452,1.0508,1.3218,low_gamma,0
3,Ch13-Ch12,+0.930,49.438,0.9769,0.9941,low_gamma,0
3,Ch13-Ch12,+0.930,58.594,1.1340,1.4922,high_gamma,0
3,Ch13-Ch12,+0.930,70.801,1.1189,1.3092,high_gamma,0
3,Ch13-Ch12,+0.930,92.773,0.7307,0.9896,high_gamma,0
3,Ch14-Ch13,+1.080,3.662,1.6345,0.5476,delta,0
3,Ch14-Ch13,+1.080,5.493,2.2623,0.8591,theta,0
3,Ch14-Ch13,+1.080,7.935,1.9447,0.3302,theta,0
3,Ch14-Ch13,+1.080,9.155,1.9929,0.1165,alpha,0
3,Ch14-Ch13,+1.080,10.986,2.0463,0.3099,alpha,0
3,Ch14-Ch13,+1.080,13.428,2.5150,2.6762,beta,1
3,Ch14-Ch13,+1.080,18.921,1.7759,1.0516,beta,0
3,Ch14-Ch13,+1.080,23.804,1.7486,0.6409,beta,0
3,Ch14-Ch13,+1.080,27.466,1.2957,0.7170,beta,0
3,Ch14-Ch13,+1.080,31.738,1.1156,0.5949,low_gamma,0
3,Ch14-Ch13,+1.080,38.452,1.1401,1.1364,low_gamma,0
3,Ch14-Ch13,+1.080,49.438,0.9542,0.5705,low_gamma,0
3,Ch14-Ch13,+1.080,57.983,1.3130,1.6542,high_gamma,0
3,Ch14-Ch13,+1.080,70.801,1.3069,1.2064,high_gamma,0
3,Ch14-Ch13,+1.080,92.773,0.8476,1.1284,high_gamma,0
3,Ch15-Ch14,+1.230,1.831,-1.8358,0.3962,delta,0
3,Ch15-Ch14,+1.230,3.662,-0.4138,0.2439,delta,0
3,Ch15-Ch14,+1.230,5.493,0.1551,0.6371,theta,0
3,Ch15-Ch14,+1.230,7.935,-0.2844,0.1274,theta,0
3,Ch15-Ch14,+1.230,10.986,0.2779,0.3425,alpha,0
3,Ch15-Ch14,+1.230,13.428,0.7905,2.9285,beta,1
3,Ch15-Ch14,+1.230,18.921,0.1942,1.2201,beta,0
3,Ch15-Ch14,+1.230,23.804,0.0677,0.6057,beta,0
3,Ch15-Ch14,+1.230,27.466,-0.0104,0.7653,beta,0
3,Ch15-Ch14,+1.230,31.738,-0.0626,0.6555,low_gamma,0
3,Ch15-Ch14,+1.230,38.452,-0.1356,1.4586,low_gamma,0
3,Ch15-Ch14,+1.230,50.049,-0.3553,0.6944,high_gamma,0
3,Ch15-Ch14,+1.230,57.983,-0.1555,1.2852,high_gamma,0
3,Ch15-Ch14,+1.230,70.801,-0.1810,1.0213,high_gamma,0
3,Ch15-Ch14,+1.230,84.839,0.0489,1.3449,high_gamma,0
3,Ch15-Ch14,+1.230,97.656,-0.4710,0.4851,high_gamma,0
4,Ch1-Ch0,-0.865,4.883,-0.4316,0.4449,theta,0
4,Ch1-Ch0,-0.865,7.935,-0.3294,0.2187,theta,0
4,Ch1-Ch0,-0.865,9.766,0.3968,0.5483,alpha,0
4,Ch1-Ch0,-0.865,12.207,0.5846,0.8715,alpha,0
4,Ch1-Ch0,-0.865,14.038,0.6143,2.0255,beta,1
4,Ch1-Ch0,-0.865,17.090,0.4916,0.6597,beta,0
4,Ch1-Ch0,-0.865,20.142,-0.2336,0.1668,beta,0
4,Ch1-Ch0,-0.865,24.414,-0.1339,0.9952,beta,0
4,Ch1-Ch0,-0.865,28.687,-0.3213,0.6768,beta,0
4,Ch1-Ch0,-0.865,37.231,0.0179,1.3514,low_gamma,0
4,Ch1-Ch0,-0.865,45.776,-0.2960,0.7631,low_gamma,0
4,Ch1-Ch0,-0.865,53.101,0.0707,1.6566,high_gamma,0
4,Ch1-Ch0,-0.865,61.646,0.2769,1.5776,high_gamma,0
4,Ch1-Ch0,-0.865,81.177,0.1650,1.2920,high_gamma,0
4,Ch1-Ch0,-0.865,98.267,-0.5149,0.3897,high_gamma,0
4,Ch2-Ch1,-0.715,4.883,-0.0720,0.4336,theta,0
4,Ch2-Ch1,-0.715,7.935,0.0813,0.1368,theta,0
4,Ch2-Ch1,-0.715,9.766,0.8362,0.5135,alpha,0
4,Ch2-Ch1,-0.715,12.207,1.0663,0.8757,alpha,0
4,Ch2-Ch1,-0.715,14.038,1.1045,2.0770,beta,1
4,Ch2-Ch1,-0.715,17.090,0.9436,0.7725,beta,0
4,Ch2-Ch1,-0.715,20.142,0.2465,0.2420,beta,0
4,Ch2-Ch1,-0.715,24.414,0.3560,1.0507,beta,0
4,Ch2-Ch1,-0.715,28.687,0.1255,0.8029,beta,0
4,Ch2-Ch1,-0.715,37.231,0.4404,1.4249,low_gamma,0
4,Ch2-Ch1,-0.715,45.776,0.1437,0.5604,low_gamma,0
4,Ch2-Ch1,-0.715,53.101,0.4978,1.6162,high_gamma,0
4,Ch2-Ch1,-0.715,61.646,0.6879,1.6151,high_gamma,0
4,Ch2-Ch1,-0.715,81.177,0.6222,1.4707,high_gamma,0
4,Ch2-Ch1,-0.715,98.267,-0.1487,0.4969,high_gamma,0
4,Ch3-Ch2,-0.565,4.883,1.2976,0.9113,theta,0
4,Ch3-Ch2,-0.565,7.324,0.8909,0.3767,theta,0
4,Ch3-Ch2,-0.565,9.766,1.3411,1.5308,alpha,1
4,Ch3-Ch2,-0.565,12.817,1.0147,0.4783,alpha,0
4,Ch3-Ch2,-0.565,17.090,0.9866,1.1148,beta,0
4,Ch3-Ch2,-0.565,21.362,0.6455,0.5676,beta,0
4,Ch3-Ch2,-0.565,26.245,0.4426,0.5096,beta,0
4,Ch3-Ch2,-0.565,32.349,0.4703,0.8161,low_gamma,0
4,Ch3-Ch2,-0.565,37.231,0.5252,0.9014,low_gamma,0
4,Ch3-Ch2,-0.565,50.049,0.8016,1.1198,high_gamma,0
4,Ch3-Ch2,-0.565,58.594,1.1808,1.6055,high_gamma,0
4,Ch3-Ch2,-0.565,71.411,1.1595,1.3925,high_gamma,0
4,Ch3-Ch2,-0.565,90.332,0.5738,0.7928,high_gamma,0
4,Ch4-Ch3,-0.415,3.052,0.3486,0.5558,delta,0
4,Ch4-Ch3,-0.415,4.883,1.2344,1.7196,theta,0
4,Ch4-Ch3,-0.415,7.324,0.8671,0.5109,theta,0
4,Ch4-Ch3,-0.415,9.766,0.4814,0.1790,alpha,0
4,Ch4-Ch3,-0.415,12.817,0.5851,0.5017,alpha,0
4,Ch4-Ch3,-0.415,15.259,0.8322,0.7368,beta,0
4,Ch4-Ch3,-0.415,19.531,0.6600,0.2518,beta,0
4,Ch4-Ch3,-0.415,23.193,0.8985,1.0333,beta,0
4,Ch4-Ch3,-0.415,26.855,0.7629,1.2092,beta,0
4,Ch4-Ch3,-0.415,31.738,0.5586,0.3171,low_gamma,0
4,Ch4-Ch3,-0.415,36.621,0.7785,1.3164,low_gamma,0
4,Ch4-Ch3,-0.415,43.335,0.4724,0.4787,low_gamma,0
4,Ch4-Ch3,-0.415,53.101,0.9601,0.8778,high_gamma,0
4,Ch4-Ch3,-0.415,63.477,1.4242,2.0203,high_gamma,1
4,Ch4-Ch3,-0.415,81.787,1.1772,1.6792,high_gamma,0
4,Ch4-Ch3,-0.415,95.825,0.6416,0.2929,high_gamma,0
4,Ch5-Ch4,-0.265,3.052,0.4568,0.1642,delta,0
4,Ch5-Ch4,-0.265,4.883,1.3954,1.8461,theta,1
4,Ch5-Ch4,-0.265,6.104,0.6910,0.0596,theta,0
4,Ch5-Ch4,-0.265,7.324,1.0974,0.4997,theta,0
4,Ch5-Ch4,-0.265,9.766,1.0903,1.1136,alpha,0
4,Ch5-Ch4,-0.265,12.207,0.9750,0.3050,alpha,0
4,Ch5-Ch4,-0.265,14.038,1.2416,0.3921,beta,0
4,Ch5-Ch4,-0.265,17.700,1.2844,1.4584,beta,0
4,Ch5-Ch4,-0.265,21.362,1.1603,0.8340,beta,0
4,Ch5-Ch4,-0.265,26.855,0.6175,0.5225,beta,0
4,Ch5-Ch4,-0.265,31.738,0.6894,1.0517,low_gamma,0
4,Ch5-Ch4,-0.265,36.621,0.8989,0.9540,low_gamma,0
4,Ch5-Ch4,-0.265,43.945,0.8808,0.8240,low_gamma,0
4,Ch5-Ch4,-0.265,50.659,1.1553,0.8057,high_gamma,0
4,Ch5-Ch4,-0.265,61.035,1.3837,1.6391,high_gamma,0
4,Ch5-Ch4,-0.265,77.515,1.1864,1.2597,high_gamma,0
4,Ch5-Ch4,-0.265,90.942,1.0109,1.2221,high_gamma,0
4,Ch6-Ch5,-0.115,1.831,0.0666,0.1128,delta,0
4,Ch6-Ch5,-0.115,3.052,0.6354,0.0546,delta,0
4,Ch6-Ch5,-0.115,4.883,1.6688,1.4016,theta,0
4,Ch6-Ch5,-0.115,7.324,1.1911,0.2213,theta,0
4,Ch6-Ch5,-0.115,9.766,1.5925,0.5219,alpha,0
4,Ch6-Ch5,-0.115,12.207,1.6438,1.1916,alpha,0
4,Ch6-Ch5,-0.115,14.038,1.8247,1.9181,beta,1
4,Ch6-Ch5,-0.115,18.921,1.1743,0.4562,beta,0
4,Ch6-Ch5,-0.115,23.804,1.0225,1.2219,beta,0
4,Ch6-Ch5,-0.115,31.738,0.6628,0.7516,low_gamma,0
4,Ch6-Ch5,-0.115,37.842,0.9073,1.0031,low_gamma,0
4,Ch6-Ch5,-0.115,43.945,0.8967,0.6770,low_gamma,0
4,Ch6-Ch5,-0.115,54.932,1.5145,1.3253,high_gamma,0
4,Ch6-Ch5,-0.115,65.308,1.4444,1.0246,high_gamma,0
4,Ch6-Ch5,-0.115,78.125,1.6519,1.9634,high_gamma,0
4,Ch6-Ch5,-0.115,90.332,1.2770,1.3300,high_gamma,0
4,Ch7-Ch6,+0.030,4.883,1.3175,1.4553,theta,0
4,Ch7-Ch6,+0.030,7.324,0.7410,0.2579,theta,0
4,Ch7-Ch6,+0.030,9.155,0.4100,0.4646,alpha,0
4,Ch7-Ch6,+0.030,12.207,1.3103,0.6621,alpha,0
4,Ch7-Ch6,+0.030,14.038,1.2056,0.2330,beta,0
4,Ch7-Ch6,+0.030,17.090,1.4255,0.7208,beta,0
4,Ch7-Ch6,+0.030,21.362,1.4830,1.7466,beta,1
4,Ch7-Ch6,+0.030,26.855,0.9206,0.6845,beta,0
4,Ch7-Ch6,+0.030,36.011,0.8372,0.8579,low_gamma,0
4,Ch7-Ch6,+0.030,42.725,1.0006,1.2068,low_gamma,0
4,Ch7-Ch6,+0.030,51.270,0.9563,0.7569,high_gamma,0
4,Ch7-Ch6,+0.030,61.646,0.9922,0.6056,high_gamma,0
4,Ch7-Ch6,+0.030,76.294,1.4135,1.7987,high_gamma,0
4,Ch7-Ch6,+0.030,90.332,1.2314,1.0737,high_gamma,0
4,Ch8-Ch7,+0.180,2.441,0.6699,0.2722,delta,0
4,Ch8-Ch7,+0.180,4.272,1.3246,1.2634,theta,0
4,Ch8-Ch7,+0.180,7.324,0.6579,0.2312,theta,0
4,Ch8-Ch7,+0.180,10.376,0.7792,0.2779,alpha,0
4,Ch8-Ch7,+0.180,12.207,1.6399,0.8304,alpha,0
4,Ch8-Ch7,+0.180,14.038,1.2751,0.2878,beta,0
4,Ch8-Ch7,+0.180,17.090,1.7572,0.7056,beta,0
4,Ch8-Ch7,+0.180,21.362,1.8059,1.7745,beta,1
4,Ch8-Ch7,+0.180,26.245,0.9923,0.1676,beta,0
4,Ch8-Ch7,+0.180,35.400,1.1280,1.0542,low_gamma,0
4,Ch8-Ch7,+0.180,42.725,1.1575,0.5598,low_gamma,0
4,Ch8-Ch7,+0.180,51.880,1.4425,1.0785,high_gamma,0
4,Ch8-Ch7,+0.180,60.425,1.4982,0.6421,high_gamma,0
4,Ch8-Ch7,+0.180,70.801,1.7541,1.9185,high_gamma,0
4,Ch8-Ch7,+0.180,83.618,1.4466,1.3690,high_gamma,0
4,Ch8-Ch7,+0.180,97.656,0.6161,0.0725,high_gamma,0
4,Ch9-Ch8,+0.330,3.052,0.1507,0.0541,delta,0
4,Ch9-Ch8,+0.330,4.883,1.4667,1.2205,theta,0
4,Ch9-Ch8,+0.330,7.324,1.1395,0.3985,theta,0
4,Ch9-Ch8,+0.330,9.766,1.5368,0.5494,alpha,0
4,Ch9-Ch8,+0.330,12.207,1.7049,0.8353,alpha,0
4,Ch9-Ch8,+0.330,14.038,1.9740,2.6895,beta,1
4,Ch9-Ch8,+0.330,18.921,1.3255,0.6070,beta,0
4,Ch9-Ch8,+0.330,23.804,1.0869,0.8516,beta,0
4,Ch9-Ch8,+0.330,27.466,0.5215,0.4176,beta,0
4,Ch9-Ch8,+0.330,31.738,0.8983,0.8697,low_gamma,0
4,Ch9-Ch8,+0.330,36.621,0.9838,0.1312,low_gamma,0
4,Ch9-Ch8,+0.330,43.945,1.0179,1.4355,low_gamma,0
4,Ch9-Ch8,+0.330,50.659,1.4685,0.9187,high_gamma,0
4,Ch9-Ch8,+0.330,65.308,1.6126,1.5747,high_gamma,0
4,Ch9-Ch8,+0.330,77.515,1.2097,0.3459,high_gamma,0
4,Ch9-Ch8,+0.330,90.942,1.2042,0.6822,high_gamma,0
4,Ch10-Ch9,+0.480,4.883,1.5124,0.6853,theta,0
4,Ch10-Ch9,+0.480,7.324,1.3574,0.0710,theta,0
4,Ch10-Ch9,+0.480,9.766,1.8801,1.8236,alpha,0
4,Ch10-Ch9,+0.480,12.207,1.2955,0.5347,alpha,0
4,Ch10-Ch9,+0.480,14.648,1.8922,1.9017,beta,1
4,Ch10-Ch9,+0.480,19.531,1.7482,0.9016,beta,0
4,Ch10-Ch9,+0.480,26.855,1.3695,0.7900,beta,0
4,Ch10-Ch9,+0.480,31.738,1.4063,1.2399,low_gamma,0
4,Ch10-Ch9,+0.480,39.673,1.3319,1.1241,low_gamma,0
4,Ch10-Ch9,+0.480,51.270,1.4331,0.8941,high_gamma,0
4,Ch10-Ch9,+0.480,65.918,1.7527,1.6448,high_gamma,0
4,Ch10-Ch9,+0.480,83.618,1.1841,1.0430,high_gamma,0
4,Ch10-Ch9,+0.480,98.877,0.8474,0.1989,high_gamma,0
4,Ch11-Ch10,+0.630,4.883,1.2974,0.6488,theta,0
4,Ch11-Ch10,+0.630,7.324,1.1520,0.0684,theta,0
4,Ch11-Ch10,+0.630,9.766,1.7213,1.9640,alpha,1
4,Ch11-Ch10,+0.630,12.207,1.2358,0.6213,alpha,0
4,Ch11-Ch10,+0.630,14.648,1.6862,1.8387,beta,0
4,Ch11-Ch10,+0.630,19.531,1.4735,0.4935,beta,0
4,Ch11-Ch10,+0.630,26.855,1.2230,1.0276,beta,0
4,Ch11-Ch10,+0.630,31.738,1.1424,0.9614,low_gamma,0
4,Ch11-Ch10,+0.630,39.673,1.1540,1.1019,low_gamma,0
4,Ch11-Ch10,+0.630,51.270,1.1751,1.6965,high_gamma,0
4,Ch11-Ch10,+0.630,65.308,1.5555,1.9236,high_gamma,0
4,Ch11-Ch10,+0.630,75.684,1.3258,0.7823,high_gamma,0
4,Ch11-Ch10,+0.630,88.501,1.1480,0.7580,high_gamma,0
4,Ch12-Ch11,+0.780,2.441,-0.5540,1.0202,delta,0
4,Ch12-Ch11,+0.780,4.883,-0.1153,1.1142,theta,0
4,Ch12-Ch11,+0.780,8.545,-0.0942,0.4088,alpha,0
4,Ch12-Ch11,+0.780,12.207,0.1653,0.5932,alpha,0
4,Ch12-Ch11,+0.780,14.038,0.6105,1.4185,beta,0
4,Ch12-Ch11,+0.780,18.921,0.4953,0.9754,beta,0
4,Ch12-Ch11,+0.780,26.245,0.0787,0.8826,beta,0
4,Ch12-Ch11,+0.780,32.959,0.0604,0.7225,low_gamma,0
4,Ch12-Ch11,+0.780,39.673,-0.0756,0.0839,low_gamma,0
4,Ch12-Ch11,+0.780,47.607,0.2038,0.8814,low_gamma,0
4,Ch12-Ch11,+0.780,54.932,0.4522,0.9604,high_gamma,0
4,Ch12-Ch11,+0.780,65.308,0.9570,2.2389,high_gamma,1
4,Ch12-Ch11,+0.780,76.294,0.6283,0.9829,high_gamma,0
4,Ch12-Ch11,+0.780,89.722,0.4401,1.6265,high_gamma,0
4,Ch13-Ch12,+0.930,3.052,0.9626,0.0587,delta,0
4,Ch13-Ch12,+0.930,4.883,2.0954,2.5187,theta,1
4,Ch13-Ch12,+0.930,7.935,1.5212,0.0508,theta,0
4,Ch13-Ch12,+0.930,9.766,2.0475,0.8146,alpha,0
4,Ch13-Ch12,+0.930,12.207,1.6921,0.7989,alpha,0
4,Ch13-Ch12,+0.930,14.648,1.8808,1.2753,beta,0
4,Ch13-Ch12,+0.930,19.531,1.5657,0.7141,beta,0
4,Ch13-Ch12,+0.930,26.855,1.2629,0.9017,beta,0
4,Ch13-Ch12,+0.930,36.011,0.9459,0.8448,low_gamma,0
4,Ch13-Ch12,+0.930,46.387,1.1373,1.0983,low_gamma,0
4,Ch13-Ch12,+0.930,55.542,1.2322,1.2548,high_gamma,0
4,Ch13-Ch12,+0.930,65.308,1.2733,1.4797,high_gamma,0
4,Ch13-Ch12,+0.930,79.956,0.9872,1.1290,high_gamma,0
4,Ch13-Ch12,+0.930,94.604,0.8043,0.6370,high_gamma,0
4,Ch14-Ch13,+1.080,3.052,1.1216,0.0745,delta,0
4,Ch14-Ch13,+1.080,4.883,2.2316,2.5667,theta,1
4,Ch14-Ch13,+1.080,7.935,1.6513,0.0626,theta,0
4,Ch14-Ch13,+1.080,9.766,2.1763,0.8075,alpha,0
4,Ch14-Ch13,+1.080,12.207,1.8183,0.7612,alpha,0
4,Ch14-Ch13,+1.080,14.648,2.0154,1.2275,beta,0
4,Ch14-Ch13,+1.080,19.531,1.7018,0.7307,beta,0
4,Ch14-Ch13,+1.080,26.855,1.3229,0.8062,beta,0
4,Ch14-Ch13,+1.080,31.738,1.0309,0.8327,low_gamma,0
4,Ch14-Ch13,+1.080,39.673,0.9806,0.6404,low_gamma,0
4,Ch14-Ch13,+1.080,46.387,1.1580,1.1075,low_gamma,0
4,Ch14-Ch13,+1.080,55.542,1.3011,1.3718,high_gamma,0
4,Ch14-Ch13,+1.080,65.308,1.2595,1.3024,high_gamma,0
4,Ch14-Ch13,+1.080,79.346,1.0101,1.1439,high_gamma,0
4,Ch14-Ch13,+1.080,94.604,0.7416,0.7283,high_gamma,0
4,Ch15-Ch14,+1.230,4.883,0.2429,0.9853,theta,0
4,Ch15-Ch14,+1.230,9.766,0.4047,2.3097,alpha,1
4,Ch15-Ch14,+1.230,12.207,0.0699,0.6717,alpha,0
4,Ch15-Ch14,+1.230,14.648,0.2584,0.9011,beta,0
4,Ch15-Ch14,+1.230,19.531,0.1903,1.5056,beta,0
4,Ch15-Ch14,+1.230,23.804,-0.1573,0.6546,beta,0
4,Ch15-Ch14,+1.230,29.297,-0.4446,0.1460,beta,0
4,Ch15-Ch14,+1.230,36.011,-0.3411,1.0811,low_gamma,0
4,Ch15-Ch14,+1.230,46.387,-0.4491,1.0692,low_gamma,0
4,Ch15-Ch14,+1.230,54.932,-0.2080,0.8075,high_gamma,0
4,Ch15-Ch14,+1.230,65.308,0.2578,1.7609,high_gamma,0
4,Ch15-Ch14,+1.230,79.956,-0.1539,0.9454,high_gamma,0
4,Ch15-Ch14,+1.230,96.436,-0.4403,0.5099,high_gamma,0
5,Ch1-Ch0,-0.865,5.493,-0.3603,0.3782,theta,0
5,Ch1-Ch0,-0.865,7.324,-0.2988,0.1341,theta,0
5,Ch1-Ch0,-0.865,9.155,-0.1923,0.4163,alpha,0
5,Ch1-Ch0,-0.865,12.207,-0.0323,0.1290,alpha,0
5,Ch1-Ch0,-0.865,14.038,0.6750,1.8581,beta,1
5,Ch1-Ch0,-0.865,18.311,-0.1407,0.5092,beta,0
5,Ch1-Ch0,-0.865,23.193,0.1288,0.6511,beta,0
5,Ch1-Ch0,-0.865,26.855,0.1483,1.1112,beta,0
5,Ch1-Ch0,-0.865,32.959,-0.1478,0.3744,low_gamma,0
5,Ch1-Ch0,-0.865,43.335,-0.1048,0.8375,low_gamma,0
5,Ch1-Ch0,-0.865,52.490,0.1986,1.1479,high_gamma,0
5,Ch1-Ch0,-0.865,64.697,0.2768,1.3518,high_gamma,0
5,Ch1-Ch0,-0.865,76.294,0.3264,1.4651,high_gamma,0
5,Ch1-Ch0,-0.865,97.656,-0.2635,1.0975,high_gamma,0
5,Ch2-Ch1,-0.715,4.883,-0.0713,0.3839,theta,0
5,Ch2-Ch1,-0.715,9.155,0.2328,0.3498,alpha,0
5,Ch2-Ch1,-0.715,12.207,0.4189,0.1233,alpha,0
5,Ch2-Ch1,-0.715,14.038,1.1650,1.9077,beta,1
5,Ch2-Ch1,-0.715,18.311,0.2905,0.4052,beta,0
5,Ch2-Ch1,-0.715,23.193,0.5504,0.1045,beta,0
5,Ch2-Ch1,-0.715,26.855,0.6101,1.2212,beta,0
5,Ch2-Ch1,-0.715,32.959,0.2213,0.3450,low_gamma,0
5,Ch2-Ch1,-0.715,43.335,0.2876,0.7510,low_gamma,0
5,Ch2-Ch1,-0.715,52.490,0.6710,1.0662,high_gamma,0
5,Ch2-Ch1,-0.715,65.308,0.7338,1.3666,high_gamma,0
5,Ch2-Ch1,-0.715,76.294,0.7104,1.1569,high_gamma,0
5,Ch2-Ch1,-0.715,97.656,0.2521,1.3612,high_gamma,0
5,Ch3-Ch2,-0.565,5.493,1.5545,1.5053,theta,1
5,Ch3-Ch2,-0.565,7.324,1.3298,0.8141,theta,0
5,Ch3-Ch2,-0.565,9.155,0.7086,0.1506,alpha,0
5,Ch3-Ch2,-0.565,10.986,1.0807,0.5451,alpha,0
5,Ch3-Ch2,-0.565,14.648,1.1392,0.6671,beta,0
5,Ch3-Ch2,-0.565,17.700,0.5808,0.4683,beta,0
5,Ch3-Ch2,-0.565,20.752,0.2292,0.0769,beta,0
5,Ch3-Ch2,-0.565,26.245,0.6595,0.9361,beta,0
5,Ch3-Ch2,-0.565,30.518,0.5110,0.6372,low_gamma,0
5,Ch3-Ch2,-0.565,36.011,0.3088,0.7683,low_gamma,0
5,Ch3-Ch2,-0.565,43.335,0.6224,0.9214,low_gamma,0
5,Ch3-Ch2,-0.565,54.321,0.8069,0.9000,high_gamma,0
5,Ch3-Ch2,-0.565,63.477,1.1923,1.6691,high_gamma,0
5,Ch3-Ch2,-0.565,74.463,1.1302,1.1117,high_gamma,0
5,Ch3-Ch2,-0.565,92.773,0.6485,1.0642,high_gamma,0
5,Ch4-Ch3,-0.415,5.493,1.6323,2.6134,theta,1
5,Ch4-Ch3,-0.415,7.324,1.1944,0.8390,theta,0
5,Ch4-Ch3,-0.415,10.986,0.8221,0.4336,alpha,0
5,Ch4-Ch3,-0.415,13.428,0.8620,0.8788,beta,0
5,Ch4-Ch3,-0.415,17.090,0.4317,0.3880,beta,0
5,Ch4-Ch3,-0.415,20.142,0.5701,0.2673,beta,0
5,Ch4-Ch3,-0.415,24.414,0.9398,1.4810,beta,0
5,Ch4-Ch3,-0.415,28.076,0.6246,0.7352,beta,0
5,Ch4-Ch3,-0.415,32.959,0.4811,0.6028,low_gamma,0
5,Ch4-Ch3,-0.415,38.452,0.5650,1.0645,low_gamma,0
5,Ch4-Ch3,-0.415,46.387,0.5893,0.6434,low_gamma,0
5,Ch4-Ch3,-0.415,53.711,0.6901,0.9014,high_gamma,0
5,Ch4-Ch3,-0.415,65.308,1.1922,0.9373,high_gamma,0
5,Ch4-Ch3,-0.415,77.515,1.2009,2.1279,high_gamma,0
5,Ch4-Ch3,-0.415,98.267,0.7232,1.1986,high_gamma,0
5,Ch5-Ch4,-0.265,1.831,-0.3093,0.2026,delta,0
5,Ch5-Ch4,-0.265,4.883,1.7461,2.4388,theta,1
5,Ch5-Ch4,-0.265,7.324,1.4792,0.6770,theta,0
5,Ch5-Ch4,-0.265,9.766,0.8686,0.5384,alpha,0
5,Ch5-Ch4,-0.265,11.597,0.7378,0.3959,alpha,0
5,Ch5-Ch4,-0.265,15.259,1.2858,1.6366,beta,0
5,Ch5-Ch4,-0.265,21.973,1.0460,1.4042,beta,0
5,Ch5-Ch4,-0.265,27.466,0.7015,0.9325,beta,0
5,Ch5-Ch4,-0.265,32.349,0.6530,0.5051,low_gamma,0
5,Ch5-Ch4,-0.265,41.504,0.9322,1.4076,low_gamma,0
5,Ch5-Ch4,-0.265,49.438,0.6132,1.0798,low_gamma,0
5,Ch5-Ch4,-0.265,61.646,1.0783,1.0216,high_gamma,0
5,Ch5-Ch4,-0.265,77.515,1.3775,1.7204,high_gamma,0
5,Ch5-Ch4,-0.265,91.553,0.9288,0.9765,high_gamma,0
5,Ch6-Ch5,-0.115,5.493,1.8178,0.7098,theta,0
5,Ch6-Ch5,-0.115,7.324,1.8695,2.0299,theta,1
5,Ch6-Ch5,-0.115,11.597,1.6617,0.4732,alpha,0
5,Ch6-Ch5,-0.115,13.428,1.7381,1.6198,beta,0
5,Ch6-Ch5,-0.115,15.869,1.4511,0.2064,beta,0
5,Ch6-Ch5,-0.115,21.362,1.2321,0.9057,beta,0
5,Ch6-Ch5,-0.115,25.024,0.3748,0.4405,beta,0
5,Ch6-Ch5,-0.115,29.907,0.8543,0.9227,beta,0
5,Ch6-Ch5,-0.115,36.011,0.9425,1.0118,low_gamma,0
5,Ch6-Ch5,-0.115,42.725,0.9439,0.8282,low_gamma,0
5,Ch6-Ch5,-0.115,51.270,1.2964,1.1499,high_gamma,0
5,Ch6-Ch5,-0.115,59.814,1.0743,0.3355,high_gamma,0
5,Ch6-Ch5,-0.115,72.021,1.5171,1.1496,high_gamma,0
5,Ch6-Ch5,-0.115,84.839,1.6108,1.6503,high_gamma,0
5,Ch6-Ch5,-0.115,98.267,0.5308,0.4465,high_gamma,0
5,Ch7-Ch6,+0.030,1.831,-0.0261,0.1030,delta,0
5,Ch7-Ch6,+0.030,5.493,1.8351,1.9652,theta,1
5,Ch7-Ch6,+0.030,7.324,1.2267,0.4772,theta,0
5,Ch7-Ch6,+0.030,11.597,1.3405,0.5409,alpha,0
5,Ch7-Ch6,+0.030,13.428,1.4356,1.6278,beta,0
5,Ch7-Ch6,+0.030,15.869,1.2580,0.2721,beta,0
5,Ch7-Ch6,+0.030,21.362,0.7890,0.7586,beta,0
5,Ch7-Ch6,+0.030,26.245,0.7548,0.8475,beta,0
5,Ch7-Ch6,+0.030,32.959,0.6234,0.8994,low_gamma,0
5,Ch7-Ch6,+0.030,42.725,0.9773,1.4496,low_gamma,0
5,Ch7-Ch6,+0.030,53.101,0.9119,1.1980,high_gamma,0
5,Ch7-Ch6,+0.030,64.087,0.9702,1.2618,high_gamma,0
5,Ch7-Ch6,+0.030,75.073,1.4707,1.6378,high_gamma,0
5,Ch7-Ch6,+0.030,93.384,1.0870,1.0973,high_gamma,0
5,Ch8-Ch7,+0.180,5.493,1.7421,1.4623,theta,1
5,Ch8-Ch7,+0.180,7.935,0.7406,0.1857,theta,0
5,Ch8-Ch7,+0.180,11.597,1.1659,0.3722,alpha,0
5,Ch8-Ch7,+0.180,14.648,1.5574,1.1637,beta,0
5,Ch8-Ch7,+0.180,20.142,1.2535,0.8069,beta,0
5,Ch8-Ch7,+0.180,27.466,1.0921,1.3188,beta,0
5,Ch8-Ch7,+0.180,36.621,1.0422,1.2686,low_gamma,0
5,Ch8-Ch7,+0.180,46.997,1.0702,0.6693,low_gamma,0
5,Ch8-Ch7,+0.180,56.152,1.2997,1.0389,high_gamma,0
5,Ch8-Ch7,+0.180,72.021,1.6529,1.6648,high_gamma,0
5,Ch8-Ch7,+0.180,93.384,1.3430,1.2860,high_gamma,0
5,Ch9-Ch8,+0.330,5.493,1.5806,0.6784,theta,0
5,Ch9-Ch8,+0.330,7.324,1.5897,1.3887,theta,0
5,Ch9-Ch8,+0.330,9.766,1.1268,0.1795,alpha,0
5,Ch9-Ch8,+0.330,11.597,1.3541,0.4316,alpha,0
5,Ch9-Ch8,+0.330,13.428,1.8496,2.4800,beta,1
5,Ch9-Ch8,+0.330,21.362,1.1405,1.2476,beta,0
5,Ch9-Ch8,+0.330,27.466,0.8472,0.4729,beta,0
5,Ch9-Ch8,+0.330,32.349,0.9134,0.6677,low_gamma,0
5,Ch9-Ch8,+0.330,39.062,0.5152,0.3169,low_gamma,0
5,Ch9-Ch8,+0.330,45.776,0.8991,0.9184,low_gamma,0
5,Ch9-Ch8,+0.330,56.152,1.2170,0.5600,high_gamma,0
5,Ch9-Ch8,+0.330,65.918,1.2763,1.4128,high_gamma,0
5,Ch9-Ch8,+0.330,76.904,1.5654,1.7721,high_gamma,0
5,Ch9-Ch8,+0.330,93.384,0.9626,1.0308,high_gamma,0
5,Ch10-Ch9,+0.480,4.883,1.8535,1.8746,theta,1
5,Ch10-Ch9,+0.480,7.324,1.7374,0.7151,theta,0
5,Ch10-Ch9,+0.480,10.986,1.6429,0.5407,alpha,0
5,Ch10-Ch9,+0.480,13.428,1.7085,0.6560,beta,0
5,Ch10-Ch9,+0.480,16.479,1.3895,0.3740,beta,0
5,Ch10-Ch9,+0.480,20.142,1.5312,1.2467,beta,0
5,Ch10-Ch9,+0.480,26.855,0.9971,0.4847,beta,0
5,Ch10-Ch9,+0.480,31.738,1.4653,1.1631,low_gamma,0
5,Ch10-Ch9,+0.480,36.621,1.2325,0.5878,low_gamma,0
5,Ch10-Ch9,+0.480,42.725,1.2360,0.9382,low_gamma,0
5,Ch10-Ch9,+0.480,50.659,1.2105,0.8078,high_gamma,0
5,Ch10-Ch9,+0.480,63.477,1.1915,0.6724,high_gamma,0
5,Ch10-Ch9,+0.480,74.463,1.5302,1.4198,high_gamma,0
5,Ch10-Ch9,+0.480,93.384,1.2993,1.1257,high_gamma,0
5,Ch11-Ch10,+0.630,4.883,1.6669,1.8499,theta,1
5,Ch11-Ch10,+0.630,7.324,1.5512,0.7817,theta,0
5,Ch11-Ch10,+0.630,10.986,1.5429,0.6223,alpha,0
5,Ch11-Ch10,+0.630,13.428,1.5320,0.6251,beta,0
5,Ch11-Ch10,+0.630,16.479,1.2003,0.3185,beta,0
5,Ch11-Ch10,+0.630,20.142,1.3691,1.0523,beta,0
5,Ch11-Ch10,+0.630,26.245,0.7159,0.5636,beta,0
5,Ch11-Ch10,+0.630,31.738,1.1809,1.1161,low_gamma,0
5,Ch11-Ch10,+0.630,42.725,1.1189,1.4845,low_gamma,0
5,Ch11-Ch10,+0.630,56.763,1.1170,1.0679,high_gamma,0
5,Ch11-Ch10,+0.630,74.463,1.2543,1.5703,high_gamma,0
5,Ch11-Ch10,+0.630,93.384,1.0187,1.0238,high_gamma,0
5,Ch12-Ch11,+0.780,5.493,0.5578,1.5659,theta,0
5,Ch12-Ch11,+0.780,7.935,-0.3615,0.2009,theta,0
5,Ch12-Ch11,+0.780,9.766,0.4185,1.1448,alpha,0
5,Ch12-Ch11,+0.780,13.428,0.7198,1.8730,beta,0
5,Ch12-Ch11,+0.780,16.479,0.3900,0.6177,beta,0
5,Ch12-Ch11,+0.780,21.973,0.4648,1.4054,beta,0
5,Ch12-Ch11,+0.780,29.297,0.4287,0.8316,beta,0
5,Ch12-Ch11,+0.780,35.400,-0.4802,0.1012,low_gamma,0
5,Ch12-Ch11,+0.780,41.504,0.3730,1.3571,low_gamma,0
5,Ch12-Ch11,+0.780,48.828,-0.2110,0.9395,low_gamma,0
5,Ch12-Ch11,+0.780,58.594,0.1895,0.8594,high_gamma,0
5,Ch12-Ch11,+0.780,76.904,0.9059,2.3151,high_gamma,1
5,Ch12-Ch11,+0.780,93.384,0.6263,1.8187,high_gamma,0
5,Ch13-Ch12,+0.930,5.493,2.3688,2.1402,theta,1
5,Ch13-Ch12,+0.930,7.324,2.0771,0.8204,theta,0
5,Ch13-Ch12,+0.930,10.986,1.8486,0.6843,alpha,0
5,Ch13-Ch12,+0.930,13.428,1.4812,0.6198,beta,0
5,Ch13-Ch12,+0.930,17.700,1.2157,0.3412,beta,0
5,Ch13-Ch12,+0.930,21.973,1.2079,0.6126,beta,0
5,Ch13-Ch12,+0.930,26.855,0.7820,0.6052,beta,0
5,Ch13-Ch12,+0.930,31.738,1.2567,1.2381,low_gamma,0
5,Ch13-Ch12,+0.930,37.231,1.0232,1.2429,low_gamma,0
5,Ch13-Ch12,+0.930,43.945,0.8481,0.0750,low_gamma,0
5,Ch13-Ch12,+0.930,50.659,0.9040,0.8476,high_gamma,0
5,Ch13-Ch12,+0.930,61.646,0.9791,1.0265,high_gamma,0
5,Ch13-Ch12,+0.930,75.073,1.0004,1.1673,high_gamma,0
5,Ch13-Ch12,+0.930,90.942,0.7957,0.8001,high_gamma,0
5,Ch14-Ch13,+1.080,5.493,2.5080,2.1132,theta,1
5,Ch14-Ch13,+1.080,7.324,2.2021,0.8178,theta,0
5,Ch14-Ch13,+1.080,10.986,1.9734,0.7003,alpha,0
5,Ch14-Ch13,+1.080,13.428,1.5998,0.6801,beta,0
5,Ch14-Ch13,+1.080,17.700,1.3324,0.3234,beta,0
5,Ch14-Ch13,+1.080,21.973,1.2278,0.5618,beta,0
5,Ch14-Ch13,+1.080,26.855,0.9586,0.6089,beta,0
5,Ch14-Ch13,+1.080,31.738,1.3383,1.0270,low_gamma,0
5,Ch14-Ch13,+1.080,37.231,1.1000,1.0322,low_gamma,0
5,Ch14-Ch13,+1.080,43.945,0.9905,0.3067,low_gamma,0
5,Ch14-Ch13,+1.080,51.270,1.0562,0.8964,high_gamma,0
5,Ch14-Ch13,+1.080,64.087,1.1203,1.3491,high_gamma,0
5,Ch14-Ch13,+1.080,75.073,1.0833,1.3060,high_gamma,0
5,Ch14-Ch13,+1.080,90.942,0.7384,0.7317,high_gamma,0
5,Ch15-Ch14,+1.230,5.493,0.4627,2.3073,theta,1
5,Ch15-Ch14,+1.230,7.324,-0.0046,0.5372,theta,0
5,Ch15-Ch14,+1.230,9.766,0.2972,0.8773,alpha,0
5,Ch15-Ch14,+1.230,13.428,0.0305,0.4691,beta,0
5,Ch15-Ch14,+1.230,16.479,0.1287,1.0299,beta,0
5,Ch15-Ch14,+1.230,21.362,-0.0817,0.6038,beta,0
5,Ch15-Ch14,+1.230,28.687,-0.1844,0.8312,beta,0
5,Ch15-Ch14,+1.230,34.180,-0.6116,0.2798,low_gamma,0
5,Ch15-Ch14,+1.230,41.504,-0.2639,0.9288,low_gamma,0
5,Ch15-Ch14,+1.230,50.659,-0.2959,1.2869,high_gamma,0
5,Ch15-Ch14,+1.230,65.308,0.0140,1.7322,high_gamma,0
5,Ch15-Ch14,+1.230,76.294,-0.3332,1.4875,high_gamma,0
5,Ch15-Ch14,+1.230,92.773,-0.1593,1.0724,high_gamma,0
6,Ch1-Ch0,-0.865,4.883,-0.4599,0.1962,theta,0
6,Ch1-Ch0,-0.865,7.324,-0.3102,0.1984,theta,0
6,Ch1-Ch0,-0.865,8.545,-0.2264,0.8647,alpha,0
6,Ch1-Ch0,-0.865,11.597,0.2419,1.0450,alpha,0
6,Ch1-Ch0,-0.865,14.038,0.5458,1.8252,beta,1
6,Ch1-Ch0,-0.865,18.311,0.3179,0.6791,beta,0
6,Ch1-Ch0,-0.865,21.362,-0.3320,0.0701,beta,0
6,Ch1-Ch0,-0.865,25.635,-0.1091,0.9613,beta,0
6,Ch1-Ch0,-0.865,33.569,0.0298,1.2457,low_gamma,0
6,Ch1-Ch0,-0.865,39.673,-0.3515,0.2623,low_gamma,0
6,Ch1-Ch0,-0.865,46.997,-0.2702,0.8645,low_gamma,0
6,Ch1-Ch0,-0.865,55.542,-0.1138,0.8353,high_gamma,0
6,Ch1-Ch0,-0.865,66.528,0.4081,1.6848,high_gamma,0
6,Ch1-Ch0,-0.865,76.904,-0.2489,0.2050,high_gamma,0
6,Ch1-Ch0,-0.865,90.942,-0.1311,0.8926,high_gamma,0
6,Ch2-Ch1,-0.715,4.883,-0.1167,0.1515,theta,0
6,Ch2-Ch1,-0.715,6.104,-0.1675,0.0779,theta,0
6,Ch2-Ch1,-0.715,7.324,0.0529,0.1899,theta,0
6,Ch2-Ch1,-0.715,8.545,0.1801,0.8776,alpha,0
6,Ch2-Ch1,-0.715,11.597,0.6756,1.0919,alpha,0
6,Ch2-Ch1,-0.715,14.038,1.0746,2.0663,beta,1
6,Ch2-Ch1,-0.715,18.311,0.7858,0.7631,beta,0
6,Ch2-Ch1,-0.715,21.362,0.1495,0.0898,beta,0
6,Ch2-Ch1,-0.715,25.635,0.3194,0.9079,beta,0
6,Ch2-Ch1,-0.715,33.569,0.4019,1.2455,low_gamma,0
6,Ch2-Ch1,-0.715,39.673,0.0931,0.1802,low_gamma,0
6,Ch2-Ch1,-0.715,46.997,0.0934,0.8184,low_gamma,0
6,Ch2-Ch1,-0.715,55.542,0.3031,0.7192,high_gamma,0
6,Ch2-Ch1,-0.715,66.528,0.8244,1.6870,high_gamma,0
6,Ch2-Ch1,-0.715,86.060,0.4973,1.1070,high_gamma,0
6,Ch2-Ch1,-0.715,98.877,0.1196,0.1450,high_gamma,0
6,Ch3-Ch2,-0.565,4.883,1.4591,1.4852,theta,1
6,Ch3-Ch2,-0.565,7.324,1.0747,0.1485,theta,0
6,Ch3-Ch2,-0.565,8.545,1.1465,0.5481,alpha,0
6,Ch3-Ch2,-0.565,11.597,0.9389,0.7857,alpha,0
6,Ch3-Ch2,-0.565,13.428,1.1629,1.5183,beta,0
6,Ch3-Ch2,-0.565,18.311,0.8430,0.6864,beta,0
6,Ch3-Ch2,-0.565,23.193,0.8004,1.1544,beta,0
6,Ch3-Ch2,-0.565,27.466,0.6136,0.3638,beta,0
6,Ch3-Ch2,-0.565,31.738,0.5386,0.4415,low_gamma,0
6,Ch3-Ch2,-0.565,39.673,0.4759,0.7468,low_gamma,0
6,Ch3-Ch2,-0.565,46.387,0.8348,1.2229,low_gamma,0
6,Ch3-Ch2,-0.565,58.594,1.0701,1.6503,high_gamma,0
6,Ch3-Ch2,-0.565,73.242,1.0990,1.5200,high_gamma,0
6,Ch3-Ch2,-0.565,86.060,0.8771,1.1668,high_gamma,0
6,Ch4-Ch3,-0.415,4.272,1.5141,1.8784,theta,1
6,Ch4-Ch3,-0.415,7.324,0.8873,0.5784,theta,0
6,Ch4-Ch3,-0.415,10.376,0.3617,0.2742,alpha,0
6,Ch4-Ch3,-0.415,14.648,0.9300,1.0626,beta,0
6,Ch4-Ch3,-0.415,20.142,0.6710,0.9965,beta,0
6,Ch4-Ch3,-0.415,24.414,0.4322,0.7245,beta,0
6,Ch4-Ch3,-0.415,32.349,0.7552,1.1531,low_gamma,0
6,Ch4-Ch3,-0.415,43.945,0.6920,1.0827,low_gamma,0
6,Ch4-Ch3,-0.415,50.659,0.5108,0.6908,high_gamma,0
6,Ch4-Ch3,-0.415,59.814,1.2177,1.6824,high_gamma,0
6,Ch4-Ch3,-0.415,73.853,1.1973,1.1645,high_gamma,0
6,Ch4-Ch3,-0.415,93.994,1.0434,1.4739,high_gamma,0
6,Ch5-Ch4,-0.265,4.272,1.6095,1.9866,theta,1
6,Ch5-Ch4,-0.265,6.714,1.0484,0.2725,theta,0
6,Ch5-Ch4,-0.265,15.869,1.3556,1.2102,beta,0
6,Ch5-Ch4,-0.265,19.531,0.9806,0.3774,beta,0
6,Ch5-Ch4,-0.265,25.024,1.0555,0.6511,beta,0
6,Ch5-Ch4,-0.265,30.518,0.8998,0.7985,low_gamma,0
6,Ch5-Ch4,-0.265,36.011,0.9034,1.2190,low_gamma,0
6,Ch5-Ch4,-0.265,43.335,0.6134,0.9106,low_gamma,0
6,Ch5-Ch4,-0.265,57.373,1.4521,1.6164,high_gamma,0
6,Ch5-Ch4,-0.265,73.853,1.3948,1.4193,high_gamma,0
6,Ch5-Ch4,-0.265,91.553,0.9241,0.8821,high_gamma,0
6,Ch6-Ch5,-0.115,4.883,1.4351,0.8658,theta,0
6,Ch6-Ch5,-0.115,7.324,1.2096,0.1062,theta,0
6,Ch6-Ch5,-0.115,9.155,0.9707,0.1214,alpha,0
6,Ch6-Ch5,-0.115,11.597,1.5061,0.0754,alpha,0
6,Ch6-Ch5,-0.115,14.038,1.7840,1.9183,beta,1
6,Ch6-Ch5,-0.115,19.531,1.4292,1.0311,beta,0
6,Ch6-Ch5,-0.115,25.024,1.1906,0.7677,beta,0
6,Ch6-Ch5,-0.115,31.128,0.6007,0.1531,low_gamma,0
6,Ch6-Ch5,-0.115,37.231,0.9328,0.6892,low_gamma,0
6,Ch6-Ch5,-0.115,43.335,1.2715,1.5095,low_gamma,0
6,Ch6-Ch5,-0.115,57.373,1.6056,1.7840,high_gamma,0
6,Ch6-Ch5,-0.115,67.749,1.1362,0.3855,high_gamma,0
6,Ch6-Ch5,-0.115,78.735,1.3553,1.1577,high_gamma,0
6,Ch6-Ch5,-0.115,93.994,0.8217,0.5358,high_gamma,0
6,Ch7-Ch6,+0.030,4.883,1.5342,1.7844,theta,1
6,Ch7-Ch6,+0.030,7.324,0.7861,0.5199,theta,0
6,Ch7-Ch6,+0.030,9.766,0.7553,0.3067,alpha,0
6,Ch7-Ch6,+0.030,14.038,1.3140,1.2555,beta,0
6,Ch7-Ch6,+0.030,16.479,1.2061,0.4067,beta,0
6,Ch7-Ch6,+0.030,22.583,0.9977,0.8892,beta,0
6,Ch7-Ch6,+0.030,28.076,0.7160,1.0397,beta,0
6,Ch7-Ch6,+0.030,34.790,0.4923,0.3818,low_gamma,0
6,Ch7-Ch6,+0.030,42.114,0.6936,0.7200,low_gamma,0
6,Ch7-Ch6,+0.030,50.049,0.6653,0.1196,high_gamma,0
6,Ch7-Ch6,+0.030,58.594,1.2492,1.7747,high_gamma,0
6,Ch7-Ch6,+0.030,70.801,0.9259,0.5855,high_gamma,0
6,Ch7-Ch6,+0.030,83.008,1.2031,1.1923,high_gamma,0
6,Ch7-Ch6,+0.030,95.825,1.0050,0.9013,high_gamma,0
6,Ch8-Ch7,+0.180,4.272,1.5836,1.6156,theta,0
6,Ch8-Ch7,+0.180,6.714,0.7660,0.1312,theta,0
6,Ch8-Ch7,+0.180,8.545,-0.0495,0.1364,alpha,0
6,Ch8-Ch7,+0.180,10.986,1.0589,0.8448,alpha,0
6,Ch8-Ch7,+0.180,14.038,1.6233,2.0199,beta,1
6,Ch8-Ch7,+0.180,16.479,1.4183,0.5796,beta,0
6,Ch8-Ch7,+0.180,19.531,1.2599,0.2016,beta,0
6,Ch8-Ch7,+0.180,23.193,1.2313,0.5002,beta,0
6,Ch8-Ch7,+0.180,29.907,1.0793,0.7758,beta,0
6,Ch8-Ch7,+0.180,37.231,0.6790,0.3593,low_gamma,0
6,Ch8-Ch7,+0.180,43.335,1.2792,1.4252,low_gamma,0
6,Ch8-Ch7,+0.180,50.659,0.9631,0.8078,high_gamma,0
6,Ch8-Ch7,+0.180,58.594,1.6222,1.6079,high_gamma,0
6,Ch8-Ch7,+0.180,73.853,1.2195,0.6309,high_gamma,0
6,Ch8-Ch7,+0.180,92.163,1.2092,1.0378,high_gamma,0
6,Ch9-Ch8,+0.330,4.272,1.3875,0.7565,theta,0
6,Ch9-Ch8,+0.330,7.324,0.9797,0.1260,theta,0
6,Ch9-Ch8,+0.330,9.766,0.9320,0.2512,alpha,0
6,Ch9-Ch8,+0.330,14.038,1.9687,2.2081,beta,1
6,Ch9-Ch8,+0.330,19.531,1.4167,0.9351,beta,0
6,Ch9-Ch8,+0.330,22.583,1.0623,0.2256,beta,0
6,Ch9-Ch8,+0.330,28.076,1.0718,1.3502,beta,0
6,Ch9-Ch8,+0.330,35.400,0.8218,0.5898,low_gamma,0
6,Ch9-Ch8,+0.330,46.387,1.0651,1.1182,low_gamma,0
6,Ch9-Ch8,+0.330,57.373,1.6233,2.0283,high_gamma,0
6,Ch9-Ch8,+0.330,67.749,1.4039,0.7909,high_gamma,0
6,Ch9-Ch8,+0.330,80.566,1.3119,1.5230,high_gamma,0
6,Ch9-Ch8,+0.330,95.215,0.7158,0.8289,high_gamma,0
6,Ch10-Ch9,+0.480,4.883,1.9163,2.0778,theta,1
6,Ch10-Ch9,+0.480,9.155,1.6549,0.7236,alpha,0
6,Ch10-Ch9,+0.480,12.817,1.7638,0.8936,alpha,0
6,Ch10-Ch9,+0.480,15.869,1.4883,0.2890,beta,0
6,Ch10-Ch9,+0.480,18.921,1.7583,1.0047,beta,0
6,Ch10-Ch9,+0.480,24.414,1.4235,0.4662,beta,0
6,Ch10-Ch9,+0.480,28.076,1.2535,0.4074,beta,0
6,Ch10-Ch9,+0.480,32.959,0.9569,1.0667,low_gamma,0
6,Ch10-Ch9,+0.480,39.062,0.7724,1.1271,low_gamma,0
6,Ch10-Ch9,+0.480,53.101,1.7084,1.7778,high_gamma,0
6,Ch10-Ch9,+0.480,62.866,1.3169,0.7517,high_gamma,0
6,Ch10-Ch9,+0.480,83.008,1.2808,0.8888,high_gamma,0
6,Ch10-Ch9,+0.480,98.267,1.0976,0.6748,high_gamma,0
6,Ch11-Ch10,+0.630,4.883,1.7209,2.0195,theta,1
6,Ch11-Ch10,+0.630,9.155,1.5098,0.7124,alpha,0
6,Ch11-Ch10,+0.630,12.817,1.6010,0.8455,alpha,0
6,Ch11-Ch10,+0.630,15.869,1.2683,0.2343,beta,0
6,Ch11-Ch10,+0.630,18.921,1.6196,1.2814,beta,0
6,Ch11-Ch10,+0.630,24.414,1.3191,0.5972,beta,0
6,Ch11-Ch10,+0.630,28.076,0.9958,0.1935,beta,0
6,Ch11-Ch10,+0.630,33.569,0.8534,1.1273,low_gamma,0
6,Ch11-Ch10,+0.630,43.335,0.7514,0.8380,low_gamma,0
6,Ch11-Ch10,+0.630,53.101,1.3539,1.6852,high_gamma,0
6,Ch11-Ch10,+0.630,64.697,1.0820,0.9880,high_gamma,0
6,Ch11-Ch10,+0.630,82.397,1.2835,1.2155,high_gamma,0
6,Ch11-Ch10,+0.630,98.267,0.7508,0.7000,high_gamma,0
6,Ch12-Ch11,+0.780,4.272,0.4157,1.3457,theta,0
6,Ch12-Ch11,+0.780,6.714,-0.2817,0.2006,theta,0
6,Ch12-Ch11,+0.780,9.155,0.2683,0.9083,alpha,0
6,Ch12-Ch11,+0.780,12.817,0.4151,1.0704,alpha,0
6,Ch12-Ch11,+0.780,18.921,0.4188,1.5832,beta,0
6,Ch12-Ch11,+0.780,22.583,0.0647,0.5431,beta,0
6,Ch12-Ch11,+0.780,28.076,0.1396,0.8138,beta,0
6,Ch12-Ch11,+0.780,35.400,-0.2008,0.6613,low_gamma,0
6,Ch12-Ch11,+0.780,45.776,0.0891,0.7985,low_gamma,0
6,Ch12-Ch11,+0.780,53.101,0.3698,0.9003,high_gamma,0
6,Ch12-Ch11,+0.780,62.256,0.5531,1.4477,high_gamma,1
6,Ch12-Ch11,+0.780,81.177,0.4089,1.1594,high_gamma,0
6,Ch12-Ch11,+0.780,98.877,0.0714,0.4557,high_gamma,0
6,Ch13-Ch12,+0.930,4.883,2.1166,2.4751,theta,1
6,Ch13-Ch12,+0.930,8.545,1.7722,0.6274,alpha,0
6,Ch13-Ch12,+0.930,10.986,1.3136,0.3261,alpha,0
6,Ch13-Ch12,+0.930,14.038,1.9640,1.1088,beta,0
6,Ch13-Ch12,+0.930,19.531,1.6236,0.6108,beta,0
6,Ch13-Ch12,+0.930,23.193,1.2638,0.3083,beta,0
6,Ch13-Ch12,+0.930,26.855,1.0650,0.1572,beta,0
6,Ch13-Ch12,+0.930,32.959,1.1435,1.4273,low_gamma,0
6,Ch13-Ch12,+0.930,41.504,0.8655,0.7971,low_gamma,0
6,Ch13-Ch12,+0.930,53.101,1.2743,1.1195,high_gamma,0
6,Ch13-Ch12,+0.930,65.918,1.2984,1.6089,high_gamma,0
6,Ch13-Ch12,+0.930,82.397,1.2099,1.4799,high_gamma,0
6,Ch13-Ch12,+0.930,96.436,0.5029,0.4945,high_gamma,0
6,Ch14-Ch13,+1.080,4.883,2.2633,2.5558,theta,1
6,Ch14-Ch13,+1.080,8.545,1.9051,0.5985,alpha,0
6,Ch14-Ch13,+1.080,10.986,1.4371,0.3309,alpha,0
6,Ch14-Ch13,+1.080,14.038,2.1087,1.0832,beta,0
6,Ch14-Ch13,+1.080,19.531,1.6993,0.5413,beta,0
6,Ch14-Ch13,+1.080,23.193,1.3527,0.2912,beta,0
6,Ch14-Ch13,+1.080,26.855,1.1368,0.1598,beta,0
6,Ch14-Ch13,+1.080,32.959,1.2042,1.5442,low_gamma,0
6,Ch14-Ch13,+1.080,41.504,1.0026,0.8286,low_gamma,0
6,Ch14-Ch13,+1.080,53.101,1.2770,1.1265,high_gamma,0
6,Ch14-Ch13,+1.080,65.918,1.3762,1.8953,high_gamma,0
6,Ch14-Ch13,+1.080,82.397,1.1950,1.2372,high_gamma,0
6,Ch14-Ch13,+1.080,97.656,0.5320,0.5088,high_gamma,0
6,Ch15-Ch14,+1.230,4.883,0.1874,1.4050,theta,0
6,Ch15-Ch14,+1.230,9.155,0.3768,1.9942,alpha,1
6,Ch15-Ch14,+1.230,11.597,-0.3173,0.1929,alpha,0
6,Ch15-Ch14,+1.230,15.869,0.2903,0.8785,beta,0
6,Ch15-Ch14,+1.230,19.531,0.2392,0.7485,beta,0
6,Ch15-Ch14,+1.230,22.583,-0.2600,0.2790,beta,0
6,Ch15-Ch14,+1.230,29.907,-0.1423,0.6777,beta,0
6,Ch15-Ch14,+1.230,34.790,-0.3938,0.0677,low_gamma,0
6,Ch15-Ch14,+1.230,41.504,-0.3052,0.9034,low_gamma,0
6,Ch15-Ch14,+1.230,48.828,-0.4975,0.9036,low_gamma,0
6,Ch15-Ch14,+1.230,57.373,-0.2700,0.9022,high_gamma,0
6,Ch15-Ch14,+1.230,65.918,-0.0062,1.4558,high_gamma,0
6,Ch15-Ch14,+1.230,84.229,0.0375,1.1192,high_gamma,0
6,Ch15-Ch14,+1.230,97.656,-0.3932,0.3803,high_gamma,0
7,Ch1-Ch0,-0.865,3.052,-1.4759,0.0802,delta,0
7,Ch1-Ch0,-0.865,4.272,-0.9722,0.5215,theta,0
7,Ch1-Ch0,-0.865,6.104,-0.6157,0.3565,theta,0
7,Ch1-Ch0,-0.865,7.935,-0.4506,0.3153,theta,0
7,Ch1-Ch0,-0.865,10.376,-0.3659,0.3268,alpha,0
7,Ch1-Ch0,-0.865,12.207,0.5239,1.3437,alpha,0
7,Ch1-Ch0,-0.865,15.259,0.8141,2.3550,beta,1
7,Ch1-Ch0,-0.865,18.921,0.2160,1.7311,beta,0
7,Ch1-Ch0,-0.865,21.973,0.0498,0.1196,beta,0
7,Ch1-Ch0,-0.865,28.687,0.0174,1.1482,beta,0
7,Ch1-Ch0,-0.865,37.231,-0.1293,1.0470,low_gamma,0
7,Ch1-Ch0,-0.865,43.945,0.1591,1.5393,low_gamma,0
7,Ch1-Ch0,-0.865,51.270,-0.2462,0.3529,high_gamma,0
7,Ch1-Ch0,-0.865,61.035,0.4220,1.9457,high_gamma,0
7,Ch1-Ch0,-0.865,79.956,0.0254,1.4786,high_gamma,0
7,Ch1-Ch0,-0.865,96.436,-0.3479,0.5161,high_gamma,0
7,Ch2-Ch1,-0.715,3.052,-1.0805,0.1049,delta,0
7,Ch2-Ch1,-0.715,4.272,-0.6775,0.5358,theta,0
7,Ch2-Ch1,-0.715,6.104,-0.2933,0.3832,theta,0
7,Ch2-Ch1,-0.715,7.935,-0.0611,0.3635,theta,0
7,Ch2-Ch1,-0.715,10.376,0.1211,0.2901,alpha,0
7,Ch2-Ch1,-0.715,12.207,0.9845,1.3072,alpha,0
7,Ch2-Ch1,-0.715,15.259,1.3032,2.3909,beta,1
7,Ch2-Ch1,-0.715,19.531,0.6604,1.7198,beta,0
7,Ch2-Ch1,-0.715,28.687,0.4445,1.0828,beta,0
7,Ch2-Ch1,-0.715,32.959,0.2221,1.0270,low_gamma,0
7,Ch2-Ch1,-0.715,43.945,0.5881,1.1686,low_gamma,0
7,Ch2-Ch1,-0.715,51.270,0.1340,0.5214,high_gamma,0
7,Ch2-Ch1,-0.715,60.425,0.9449,1.8289,high_gamma,0
7,Ch2-Ch1,-0.715,73.242,0.7916,1.2805,high_gamma,0
7,Ch2-Ch1,-0.715,86.670,0.5127,1.2894,high_gamma,0
7,Ch3-Ch2,-0.565,4.272,1.0232,0.3697,theta,0
7,Ch3-Ch2,-0.565,6.104,1.0990,0.4075,theta,0
7,Ch3-Ch2,-0.565,8.545,0.8705,0.1178,alpha,0
7,Ch3-Ch2,-0.565,10.376,0.9029,0.2104,alpha,0
7,Ch3-Ch2,-0.565,12.817,1.1213,0.5205,alpha,0
7,Ch3-Ch2,-0.565,15.259,1.3648,1.8691,beta,1
7,Ch3-Ch2,-0.565,18.921,1.2054,1.6590,beta,0
7,Ch3-Ch2,-0.565,23.804,0.7489,0.6369,beta,0
7,Ch3-Ch2,-0.565,29.297,0.5618,1.0869,beta,0
7,Ch3-Ch2,-0.565,36.621,0.6235,1.1923,low_gamma,0
7,Ch3-Ch2,-0.565,43.945,0.8892,1.3987,low_gamma,0
7,Ch3-Ch2,-0.565,52.490,0.7401,0.3339,high_gamma,0
7,Ch3-Ch2,-0.565,60.425,1.0767,1.1694,high_gamma,0
7,Ch3-Ch2,-0.565,73.242,1.1639,1.4026,high_gamma,0
7,Ch3-Ch2,-0.565,84.839,1.0316,1.1906,high_gamma,0
7,Ch3-Ch2,-0.565,98.877,0.5721,0.3651,high_gamma,0
7,Ch4-Ch3,-0.415,4.272,1.2055,1.3100,theta,0
7,Ch4-Ch3,-0.415,6.104,0.9475,0.2565,theta,0
7,Ch4-Ch3,-0.415,10.376,0.6552,0.0695,alpha,0
7,Ch4-Ch3,-0.415,12.207,0.7260,0.3672,alpha,0
7,Ch4-Ch3,-0.415,15.869,0.8678,1.0234,beta,0
7,Ch4-Ch3,-0.415,20.752,0.6759,0.7567,beta,0
7,Ch4-Ch3,-0.415,24.414,0.3775,0.3949,beta,0
7,Ch4-Ch3,-0.415,29.297,0.3926,0.5314,beta,0
7,Ch4-Ch3,-0.415,37.231,0.5639,1.0183,low_gamma,0
7,Ch4-Ch3,-0.415,45.776,0.2555,0.9508,low_gamma,0
7,Ch4-Ch3,-0.415,61.035,1.2406,1.8426,high_gamma,1
7,Ch4-Ch3,-0.415,71.411,0.8533,0.4309,high_gamma,0
7,Ch4-Ch3,-0.415,83.008,1.1607,1.3372,high_gamma,0
7,Ch4-Ch3,-0.415,97.046,0.5328,0.8070,high_gamma,0
7,Ch5-Ch4,-0.265,2.441,0.0233,0.1235,delta,0
7,Ch5-Ch4,-0.265,4.272,1.2751,1.5954,theta,0
7,Ch5-Ch4,-0.265,6.714,1.0703,0.4168,theta,0
7,Ch5-Ch4,-0.265,12.817,1.1845,1.4008,alpha,0
7,Ch5-Ch4,-0.265,17.090,0.3471,0.0557,beta,0
7,Ch5-Ch4,-0.265,20.752,1.1053,0.8999,beta,0
7,Ch5-Ch4,-0.265,26.855,0.3756,0.3361,beta,0
7,Ch5-Ch4,-0.265,32.959,0.8677,0.8596,low_gamma,0
7,Ch5-Ch4,-0.265,40.283,0.3953,0.5691,low_gamma,0
7,Ch5-Ch4,-0.265,47.607,1.0410,1.0537,low_gamma,0
7,Ch5-Ch4,-0.265,61.035,1.3024,1.0464,high_gamma,0
7,Ch5-Ch4,-0.265,75.684,1.3952,1.6096,high_gamma,1
7,Ch5-Ch4,-0.265,87.280,1.0181,0.7337,high_gamma,0
7,Ch6-Ch5,-0.115,4.272,1.0182,0.2525,theta,0
7,Ch6-Ch5,-0.115,6.104,1.4609,0.5878,theta,0
7,Ch6-Ch5,-0.115,8.545,1.2436,0.3472,alpha,0
7,Ch6-Ch5,-0.115,12.207,1.7666,1.9997,alpha,1
7,Ch6-Ch5,-0.115,14.038,1.4925,0.1470,beta,0
7,Ch6-Ch5,-0.115,17.090,1.0775,0.6082,beta,0
7,Ch6-Ch5,-0.115,21.362,1.2732,1.1748,beta,0
7,Ch6-Ch5,-0.115,27.466,0.4390,0.2147,beta,0
7,Ch6-Ch5,-0.115,33.569,1.0847,1.1909,low_gamma,0
7,Ch6-Ch5,-0.115,40.283,0.2003,0.0980,low_gamma,0
7,Ch6-Ch5,-0.115,47.607,1.3816,1.8590,low_gamma,0
7,Ch6-Ch5,-0.115,59.204,0.9108,0.7578,high_gamma,0
7,Ch6-Ch5,-0.115,68.359,1.0071,0.0953,high_gamma,0
7,Ch6-Ch5,-0.115,79.346,1.3765,1.5712,high_gamma,0
7,Ch6-Ch5,-0.115,92.163,1.1243,1.2866,high_gamma,0
7,Ch7-Ch6,+0.030,4.272,1.4228,1.1689,theta,0
7,Ch7-Ch6,+0.030,7.935,0.8988,0.0704,theta,0
7,Ch7-Ch6,+0.030,12.207,1.3823,0.5237,alpha,0
7,Ch7-Ch6,+0.030,15.869,1.8883,2.1858,beta,1
7,Ch7-Ch6,+0.030,18.921,1.2275,0.9020,beta,0
7,Ch7-Ch6,+0.030,23.804,0.9952,0.7487,beta,0
7,Ch7-Ch6,+0.030,30.518,0.8576,1.2539,low_gamma,0
7,Ch7-Ch6,+0.030,40.894,0.5589,0.8633,low_gamma,0
7,Ch7-Ch6,+0.030,49.438,0.7134,0.9465,low_gamma,0
7,Ch7-Ch6,+0.030,58.594,0.9669,1.3444,high_gamma,0
7,Ch7-Ch6,+0.030,73.242,1.3507,1.5635,high_gamma,0
7,Ch7-Ch6,+0.030,91.553,1.3586,1.3729,high_gamma,0
7,Ch8-Ch7,+0.180,4.272,1.5444,1.4684,theta,0
7,Ch8-Ch7,+0.180,6.714,1.2314,0.2455,theta,0
7,Ch8-Ch7,+0.180,10.376,0.5983,0.3273,alpha,0
7,Ch8-Ch7,+0.180,12.817,1.3111,1.1473,alpha,0
7,Ch8-Ch7,+0.180,15.869,1.9867,1.9810,beta,1
7,Ch8-Ch7,+0.180,20.752,1.4159,0.7879,beta,0
7,Ch8-Ch7,+0.180,25.024,1.1199,0.2061,beta,0
7,Ch8-Ch7,+0.180,30.518,1.0727,1.3090,low_gamma,0
7,Ch8-Ch7,+0.180,37.842,0.8860,1.2683,low_gamma,0
7,Ch8-Ch7,+0.180,47.607,1.0953,0.8476,low_gamma,0
7,Ch8-Ch7,+0.180,58.594,1.3389,1.4280,high_gamma,0
7,Ch8-Ch7,+0.180,76.294,1.5379,1.8939,high_gamma,0
7,Ch8-Ch7,+0.180,92.163,1.2382,1.5824,high_gamma,0
7,Ch9-Ch8,+0.330,2.441,0.1005,0.3148,delta,0
7,Ch9-Ch8,+0.330,4.272,1.0979,0.7117,theta,0
7,Ch9-Ch8,+0.330,6.104,1.0262,0.4253,theta,0
7,Ch9-Ch8,+0.330,7.935,0.8943,0.1443,theta,0
7,Ch9-Ch8,+0.330,12.207,1.8186,0.6598,alpha,0
7,Ch9-Ch8,+0.330,15.259,1.8914,2.2298,beta,1
7,Ch9-Ch8,+0.330,21.362,1.2380,0.8300,beta,0
7,Ch9-Ch8,+0.330,26.855,0.7976,0.4665,beta,0
7,Ch9-Ch8,+0.330,36.621,1.0529,1.1436,low_gamma,0
7,Ch9-Ch8,+0.330,50.049,1.2462,1.4373,high_gamma,0
7,Ch9-Ch8,+0.330,59.204,1.0879,0.1897,high_gamma,0
7,Ch9-Ch8,+0.330,68.359,1.3674,1.7514,high_gamma,0
7,Ch9-Ch8,+0.330,81.787,1.3367,1.3510,high_gamma,0
7,Ch9-Ch8,+0.330,97.046,0.7319,0.7641,high_gamma,0
7,Ch10-Ch9,+0.480,4.272,1.1938,0.5034,theta,0
7,Ch10-Ch9,+0.480,6.104,1.2624,0.3167,theta,0
7,Ch10-Ch9,+0.480,8.545,1.5167,0.3736,alpha,0
7,Ch10-Ch9,+0.480,12.207,1.8772,1.8745,alpha,1
7,Ch10-Ch9,+0.480,15.259,1.4560,0.1313,beta,0
7,Ch10-Ch9,+0.480,18.921,1.6612,1.0692,beta,0
7,Ch10-Ch9,+0.480,24.414,1.5945,0.7751,beta,0
7,Ch10-Ch9,+0.480,30.518,1.3820,1.0441,low_gamma,0
7,Ch10-Ch9,+0.480,37.842,0.9886,0.5998,low_gamma,0
7,Ch10-Ch9,+0.480,47.607,1.2977,1.0335,low_gamma,0
7,Ch10-Ch9,+0.480,57.983,1.2704,0.9382,high_gamma,0
7,Ch10-Ch9,+0.480,72.021,1.3396,1.1498,high_gamma,0
7,Ch10-Ch9,+0.480,95.825,0.9635,0.8910,high_gamma,0
7,Ch11-Ch10,+0.630,1.831,-0.2410,0.0595,delta,0
7,Ch11-Ch10,+0.630,4.272,0.9280,0.2971,theta,0
7,Ch11-Ch10,+0.630,6.104,1.0721,0.1837,theta,0
7,Ch11-Ch10,+0.630,7.324,1.0454,0.0948,theta,0
7,Ch11-Ch10,+0.630,9.155,1.3488,0.4910,alpha,0
7,Ch11-Ch10,+0.630,12.207,1.6499,1.8266,alpha,1
7,Ch11-Ch10,+0.630,17.090,1.4695,1.0831,beta,0
7,Ch11-Ch10,+0.630,22.583,1.4429,1.0306,beta,0
7,Ch11-Ch10,+0.630,30.518,1.1415,1.2686,low_gamma,0
7,Ch11-Ch10,+0.630,38.452,0.5923,0.7490,low_gamma,0
7,Ch11-Ch10,+0.630,47.607,1.1742,1.2201,low_gamma,0
7,Ch11-Ch10,+0.630,55.542,0.8776,0.8465,high_gamma,0
7,Ch11-Ch10,+0.630,72.021,1.3022,1.4753,high_gamma,0
7,Ch11-Ch10,+0.630,83.618,1.2156,1.2806,high_gamma,0
7,Ch11-Ch10,+0.630,96.436,0.8301,0.6857,high_gamma,0
7,Ch12-Ch11,+0.780,2.441,-0.6634,0.2797,delta,0
7,Ch12-Ch11,+0.780,4.272,0.3956,1.1270,theta,0
7,Ch12-Ch11,+0.780,6.714,0.2979,0.2081,theta,0
7,Ch12-Ch11,+0.780,9.155,0.0729,0.7052,alpha,0
7,Ch12-Ch11,+0.780,12.207,0.5235,1.5502,alpha,0
7,Ch12-Ch11,+0.780,14.038,0.2317,0.1232,beta,0
7,Ch12-Ch11,+0.780,17.090,0.0618,0.6587,beta,0
7,Ch12-Ch11,+0.780,22.583,0.2124,0.2538,beta,0
7,Ch12-Ch11,+0.780,26.855,0.2403,1.0266,beta,0
7,Ch12-Ch11,+0.780,38.452,0.2609,1.1242,low_gamma,0
7,Ch12-Ch11,+0.780,47.607,0.3053,1.1736,low_gamma,0
7,Ch12-Ch11,+0.780,58.594,0.1506,0.7878,high_gamma,0
7,Ch12-Ch11,+0.780,72.021,0.6370,1.2542,high_gamma,0
7,Ch12-Ch11,+0.780,83.618,0.6427,1.6871,high_gamma,1
7,Ch12-Ch11,+0.780,97.656,0.3085,0.5366,high_gamma,0
7,Ch13-Ch12,+0.930,4.272,1.7320,0.2557,theta,0
7,Ch13-Ch12,+0.930,6.104,1.8477,0.7845,theta,0
7,Ch13-Ch12,+0.930,12.207,1.9431,1.6856,alpha,1
7,Ch13-Ch12,+0.930,15.259,1.7126,0.7562,beta,0
7,Ch13-Ch12,+0.930,18.311,1.4780,0.3147,beta,0
7,Ch13-Ch12,+0.930,22.583,1.4179,1.1382,beta,0
7,Ch13-Ch12,+0.930,32.349,1.1027,1.5036,low_gamma,0
7,Ch13-Ch12,+0.930,39.062,0.9120,1.0081,low_gamma,0
7,Ch13-Ch12,+0.930,47.607,1.1808,1.8594,low_gamma,0
7,Ch13-Ch12,+0.930,61.646,0.8525,0.9188,high_gamma,0
7,Ch13-Ch12,+0.930,72.632,0.9464,1.4046,high_gamma,0
7,Ch13-Ch12,+0.930,83.618,0.8832,1.2776,high_gamma,0
7,Ch13-Ch12,+0.930,97.656,0.5158,0.3150,high_gamma,0
7,Ch14-Ch13,+1.080,4.272,1.8836,0.2693,theta,0
7,Ch14-Ch13,+1.080,6.104,1.9717,0.8128,theta,0
7,Ch14-Ch13,+1.080,12.207,2.0758,1.6752,alpha,1
7,Ch14-Ch13,+1.080,15.259,1.8662,0.7837,beta,0
7,Ch14-Ch13,+1.080,18.311,1.5900,0.3033,beta,0
7,Ch14-Ch13,+1.080,22.583,1.4840,1.2518,beta,0
7,Ch14-Ch13,+1.080,26.245,0.7020,0.1003,beta,0
7,Ch14-Ch13,+1.080,32.349,1.2249,1.2303,low_gamma,0
7,Ch14-Ch13,+1.080,39.062,0.9121,0.9635,low_gamma,0
7,Ch14-Ch13,+1.080,46.997,1.1679,1.3263,low_gamma,0
7,Ch14-Ch13,+1.080,56.152,0.9995,1.1560,high_gamma,0
7,Ch14-Ch13,+1.080,72.632,0.9074,1.4467,high_gamma,0
7,Ch14-Ch13,+1.080,91.553,0.5623,0.5805,high_gamma,0
7,Ch15-Ch14,+1.230,4.272,-0.2389,0.1485,theta,0
7,Ch15-Ch14,+1.230,6.104,-0.1093,0.2958,theta,0
7,Ch15-Ch14,+1.230,8.545,-0.0580,0.2962,alpha,0
7,Ch15-Ch14,+1.230,12.207,0.3473,1.7042,alpha,0
7,Ch15-Ch14,+1.230,15.869,0.3922,2.0361,beta,1
7,Ch15-Ch14,+1.230,20.752,-0.1580,1.0789,beta,0
7,Ch15-Ch14,+1.230,26.245,-0.4930,0.3419,beta,0
7,Ch15-Ch14,+1.230,32.349,-0.1378,1.1088,low_gamma,0
7,Ch15-Ch14,+1.230,39.062,-0.2347,1.0532,low_gamma,0
7,Ch15-Ch14,+1.230,46.997,-0.2890,1.5534,low_gamma,0
7,Ch15-Ch14,+1.230,56.152,-0.4832,1.1261,high_gamma,0
7,Ch15-Ch14,+1.230,72.021,-0.2150,1.2117,high_gamma,0
7,Ch15-Ch14,+1.230,83.008,-0.0757,1.5041,high_gamma,0
7,Ch15-Ch14,+1.230,97.656,-0.5855,0.6034,high_gamma,0
8,Ch1-Ch0,-0.865,5.493,-0.0888,0.4248,theta,0
8,Ch1-Ch0,-0.865,7.324,0.0966,0.8832,theta,0
8,Ch1-Ch0,-0.865,10.986,0.4694,0.2364,alpha,0
8,Ch1-Ch0,-0.865,12.817,0.8479,2.4236,alpha,1
8,Ch1-Ch0,-0.865,15.259,0.6545,0.0855,beta,0
8,Ch1-Ch0,-0.865,17.700,0.4511,0.3651,beta,0
8,Ch1-Ch0,-0.865,23.804,-0.1906,0.7602,beta,0
8,Ch1-Ch0,-0.865,28.076,0.0317,1.3749,beta,0
8,Ch1-Ch0,-0.865,35.400,-0.0205,1.5376,low_gamma,0
8,Ch1-Ch0,-0.865,40.894,-0.1664,1.3695,low_gamma,0
8,Ch1-Ch0,-0.865,49.438,0.1221,0.9480,low_gamma,0
8,Ch1-Ch0,-0.865,59.814,-0.1186,0.6467,high_gamma,0
8,Ch1-Ch0,-0.865,70.190,0.3090,2.0136,high_gamma,0
8,Ch1-Ch0,-0.865,83.618,0.0081,1.3505,high_gamma,0
8,Ch1-Ch0,-0.865,97.656,-0.8687,0.8107,high_gamma,0
8,Ch2-Ch1,-0.715,5.493,0.2490,0.4272,theta,0
8,Ch2-Ch1,-0.715,7.324,0.5039,0.8070,theta,0
8,Ch2-Ch1,-0.715,10.986,0.9362,0.2245,alpha,0
8,Ch2-Ch1,-0.715,12.817,1.3327,2.4554,alpha,1
8,Ch2-Ch1,-0.715,15.259,1.1154,0.0972,beta,0
8,Ch2-Ch1,-0.715,17.700,0.8913,0.3777,beta,0
8,Ch2-Ch1,-0.715,23.804,0.2543,0.6849,beta,0
8,Ch2-Ch1,-0.715,28.076,0.5236,1.3496,beta,0
8,Ch2-Ch1,-0.715,35.400,0.4282,1.3503,low_gamma,0
8,Ch2-Ch1,-0.715,40.894,0.2312,1.5232,low_gamma,0
8,Ch2-Ch1,-0.715,49.438,0.5636,0.8577,low_gamma,0
8,Ch2-Ch1,-0.715,59.814,0.3425,0.5345,high_gamma,0
8,Ch2-Ch1,-0.715,70.190,0.7454,2.0665,high_gamma,0
8,Ch2-Ch1,-0.715,90.332,0.1203,1.0409,high_gamma,0
8,Ch3-Ch2,-0.565,5.493,1.4018,1.0594,theta,0
8,Ch3-Ch2,-0.565,7.324,1.0748,0.4985,theta,0
8,Ch3-Ch2,-0.565,8.545,0.5122,0.1605,alpha,0
8,Ch3-Ch2,-0.565,10.986,1.4073,1.4059,alpha,1
8,Ch3-Ch2,-0.565,13.428,1.2241,0.2137,beta,0
8,Ch3-Ch2,-0.565,17.700,0.8623,0.1051,beta,0
8,Ch3-Ch2,-0.565,23.193,0.7395,0.9926,beta,0
8,Ch3-Ch2,-0.565,29.907,0.7131,0.8169,beta,0
8,Ch3-Ch2,-0.565,35.400,0.8175,1.2063,low_gamma,0
8,Ch3-Ch2,-0.565,41.504,0.4256,0.7636,low_gamma,0
8,Ch3-Ch2,-0.565,48.828,0.7530,1.1996,low_gamma,0
8,Ch3-Ch2,-0.565,64.697,0.8565,1.0433,high_gamma,0
8,Ch3-Ch2,-0.565,76.904,1.1225,1.6982,high_gamma,0
8,Ch3-Ch2,-0.565,92.163,0.6502,1.0907,high_gamma,0
8,Ch4-Ch3,-0.415,5.493,1.3718,1.7095,theta,1
8,Ch4-Ch3,-0.415,7.324,0.5097,0.2302,theta,0
8,Ch4-Ch3,-0.415,8.545,0.8586,0.6074,alpha,0
8,Ch4-Ch3,-0.415,10.986,0.7459,0.6395,alpha,0
8,Ch4-Ch3,-0.415,12.817,0.7290,0.2055,alpha,0
8,Ch4-Ch3,-0.415,15.259,1.0478,0.6600,beta,0
8,Ch4-Ch3,-0.415,17.700,1.1321,1.3507,beta,0
8,Ch4-Ch3,-0.415,20.752,0.1454,0.2155,beta,0
8,Ch4-Ch3,-0.415,25.635,0.6072,0.7043,beta,0
8,Ch4-Ch3,-0.415,33.569,0.4943,0.6417,low_gamma,0
8,Ch4-Ch3,-0.415,40.894,0.6356,0.8046,low_gamma,0
8,Ch4-Ch3,-0.415,53.101,0.9890,1.1511,high_gamma,0
8,Ch4-Ch3,-0.415,63.477,1.3266,1.7508,high_gamma,0
8,Ch4-Ch3,-0.415,83.618,1.0321,1.1066,high_gamma,0
8,Ch4-Ch3,-0.415,98.267,0.5921,0.2965,high_gamma,0
8,Ch5-Ch4,-0.265,1.831,-0.1618,0.1289,delta,0
8,Ch5-Ch4,-0.265,3.662,0.6377,0.0589,delta,0
8,Ch5-Ch4,-0.265,5.493,1.5338,2.0917,theta,1
8,Ch5-Ch4,-0.265,7.324,1.0452,0.3684,theta,0
8,Ch5-Ch4,-0.265,8.545,0.9463,0.5439,alpha,0
8,Ch5-Ch4,-0.265,10.986,1.0148,0.0595,alpha,0
8,Ch5-Ch4,-0.265,12.817,1.2941,0.7785,alpha,0
8,Ch5-Ch4,-0.265,17.700,1.4750,1.2482,beta,0
8,Ch5-Ch4,-0.265,20.752,0.7031,0.3709,beta,0
8,Ch5-Ch4,-0.265,25.635,0.7788,0.7959,beta,0
8,Ch5-Ch4,-0.265,35.400,0.7604,1.0115,low_gamma,0
8,Ch5-Ch4,-0.265,40.894,0.1018,0.1583,low_gamma,0
8,Ch5-Ch4,-0.265,48.828,0.7087,1.1425,low_gamma,0
8,Ch5-Ch4,-0.265,57.373,0.7841,0.5879,high_gamma,0
8,Ch5-Ch4,-0.265,68.359,1.3794,1.5907,high_gamma,0
8,Ch5-Ch4,-0.265,93.994,0.8702,0.9782,high_gamma,0
8,Ch6-Ch5,-0.115,1.831,0.4994,0.2631,delta,0
8,Ch6-Ch5,-0.115,5.493,1.6433,1.5460,theta,0
8,Ch6-Ch5,-0.115,7.324,1.1719,0.5201,theta,0
8,Ch6-Ch5,-0.115,8.545,0.8932,0.5256,alpha,0
8,Ch6-Ch5,-0.115,10.986,1.7245,0.4864,alpha,0
8,Ch6-Ch5,-0.115,12.817,1.9231,1.8969,alpha,1
8,Ch6-Ch5,-0.115,15.259,1.5469,0.0928,beta,0
8,Ch6-Ch5,-0.115,17.700,1.1844,0.1343,beta,0
8,Ch6-Ch5,-0.115,20.752,0.8037,0.0656,beta,0
8,Ch6-Ch5,-0.115,25.635,0.9975,1.0557,beta,0
8,Ch6-Ch5,-0.115,32.349,0.7109,0.8535,low_gamma,0
8,Ch6-Ch5,-0.115,40.894,0.9343,0.6045,low_gamma,0
8,Ch6-Ch5,-0.115,48.828,1.3465,1.5275,low_gamma,0
8,Ch6-Ch5,-0.115,57.983,1.2833,0.7229,high_gamma,0
8,Ch6-Ch5,-0.115,68.970,1.6730,2.0929,high_gamma,0
8,Ch6-Ch5,-0.115,87.891,1.0622,1.1647,high_gamma,0
8,Ch7-Ch6,+0.030,3.052,0.6828,0.1221,delta,0
8,Ch7-Ch6,+0.030,4.883,1.5000,1.6427,theta,1
8,Ch7-Ch6,+0.030,8.545,0.5960,0.3673,alpha,0
8,Ch7-Ch6,+0.030,12.207,1.4861,1.7042,alpha,0
8,Ch7-Ch6,+0.030,14.038,1.3922,0.4716,beta,0
8,Ch7-Ch6,+0.030,19.531,1.2391,0.7538,beta,0
8,Ch7-Ch6,+0.030,23.804,0.9616,0.2664,beta,0
8,Ch7-Ch6,+0.030,29.907,0.7118,0.6653,beta,0
8,Ch7-Ch6,+0.030,41.504,0.8246,1.0658,low_gamma,0
8,Ch7-Ch6,+0.030,48.218,0.7517,0.6079,low_gamma,0
8,Ch7-Ch6,+0.030,58.594,0.9895,0.9337,high_gamma,0
8,Ch7-Ch6,+0.030,68.359,1.1010,0.6744,high_gamma,0
8,Ch7-Ch6,+0.030,87.891,1.2598,1.5646,high_gamma,0
8,Ch8-Ch7,+0.180,4.883,1.6177,1.9974,theta,1
8,Ch8-Ch7,+0.180,6.714,0.9472,0.0667,theta,0
8,Ch8-Ch7,+0.180,8.545,0.5388,0.1748,alpha,0
8,Ch8-Ch7,+0.180,12.817,1.6164,1.6072,alpha,0
8,Ch8-Ch7,+0.180,15.869,1.3004,0.2193,beta,0
8,Ch8-Ch7,+0.180,19.531,1.4288,0.4987,beta,0
8,Ch8-Ch7,+0.180,23.804,1.0324,0.2895,beta,0
8,Ch8-Ch7,+0.180,27.466,1.1652,0.7068,beta,0
8,Ch8-Ch7,+0.180,35.400,0.8135,0.8128,low_gamma,0
8,Ch8-Ch7,+0.180,42.114,0.7455,0.5829,low_gamma,0
8,Ch8-Ch7,+0.180,56.152,1.1384,0.6773,high_gamma,0
8,Ch8-Ch7,+0.180,64.697,1.4666,1.5379,high_gamma,0
8,Ch8-Ch7,+0.180,83.618,1.1250,1.1249,high_gamma,0
8,Ch8-Ch7,+0.180,98.877,1.0424,0.1183,high_gamma,0
8,Ch9-Ch8,+0.330,1.831,-0.0748,0.2770,delta,0
8,Ch9-Ch8,+0.330,5.493,1.5069,1.9704,theta,0
8,Ch9-Ch8,+0.330,7.324,1.1473,0.3814,theta,0
8,Ch9-Ch8,+0.330,8.545,0.8462,0.1825,alpha,0
8,Ch9-Ch8,+0.330,10.986,1.7295,0.3900,alpha,0
8,Ch9-Ch8,+0.330,12.817,2.0712,2.1224,alpha,1
8,Ch9-Ch8,+0.330,15.259,1.7010,0.0856,beta,0
8,Ch9-Ch8,+0.330,18.311,1.0952,0.2267,beta,0
8,Ch9-Ch8,+0.330,23.193,1.0006,0.4168,beta,0
8,Ch9-Ch8,+0.330,28.076,1.2722,0.9412,beta,0
8,Ch9-Ch8,+0.330,35.400,0.9054,0.8307,low_gamma,0
8,Ch9-Ch8,+0.330,48.828,1.1188,1.1514,low_gamma,0
8,Ch9-Ch8,+0.330,57.373,1.0165,0.1209,high_gamma,0
8,Ch9-Ch8,+0.330,68.970,1.6295,1.6450,high_gamma,0
8,Ch9-Ch8,+0.330,91.553,0.9763,0.8412,high_gamma,0
8,Ch10-Ch9,+0.480,3.052,0.8310,0.1583,delta,0
8,Ch10-Ch9,+0.480,5.493,1.5992,1.3560,theta,0
8,Ch10-Ch9,+0.480,7.324,1.3194,0.2244,theta,0
8,Ch10-Ch9,+0.480,8.545,1.2282,0.4181,alpha,0
8,Ch10-Ch9,+0.480,10.986,2.1551,2.4130,alpha,1
8,Ch10-Ch9,+0.480,12.817,1.7348,0.2393,alpha,0
8,Ch10-Ch9,+0.480,15.259,1.8428,0.4772,beta,0
8,Ch10-Ch9,+0.480,20.142,1.6166,0.6859,beta,0
8,Ch10-Ch9,+0.480,25.024,1.4393,0.9549,beta,0
8,Ch10-Ch9,+0.480,31.128,1.3774,1.3147,low_gamma,0
8,Ch10-Ch9,+0.480,40.894,1.2210,0.6370,low_gamma,0
8,Ch10-Ch9,+0.480,48.218,1.3633,1.2429,low_gamma,0
8,Ch10-Ch9,+0.480,61.646,1.2124,0.6899,high_gamma,0
8,Ch10-Ch9,+0.480,74.463,1.3110,1.0467,high_gamma,0
8,Ch10-Ch9,+0.480,88.501,1.2907,1.3345,high_gamma,0
8,Ch11-Ch10,+0.630,5.493,1.4588,1.4423,theta,0
8,Ch11-Ch10,+0.630,7.324,1.1753,0.2115,theta,0
8,Ch11-Ch10,+0.630,8.545,1.0742,0.2849,alpha,0
8,Ch11-Ch10,+0.630,10.986,1.9904,2.1354,alpha,1
8,Ch11-Ch10,+0.630,12.817,1.5139,0.2570,alpha,0
8,Ch11-Ch10,+0.630,15.259,1.6751,0.4601,beta,0
8,Ch11-Ch10,+0.630,20.142,1.4529,0.6750,beta,0
8,Ch11-Ch10,+0.630,23.193,1.0375,0.1958,beta,0
8,Ch11-Ch10,+0.630,28.076,1.3432,1.4933,beta,0
8,Ch11-Ch10,+0.630,35.400,1.1204,0.7266,low_gamma,0
8,Ch11-Ch10,+0.630,40.894,1.1130,1.0308,low_gamma,0
8,Ch11-Ch10,+0.630,48.218,1.1794,1.0846,low_gamma,0
8,Ch11-Ch10,+0.630,58.594,1.1958,0.8616,high_gamma,0
8,Ch11-Ch10,+0.630,67.749,1.4204,1.8797,high_gamma,0
8,Ch11-Ch10,+0.630,90.332,0.9620,1.0262,high_gamma,0
8,Ch12-Ch11,+0.780,4.883,0.5587,1.1099,theta,0
8,Ch12-Ch11,+0.780,7.935,-0.2376,0.0716,theta,0
8,Ch12-Ch11,+0.780,10.986,0.6194,1.0864,alpha,0
8,Ch12-Ch11,+0.780,12.817,0.4552,0.2349,alpha,0
8,Ch12-Ch11,+0.780,15.259,0.7431,2.2732,beta,0
8,Ch12-Ch11,+0.780,20.142,0.2220,0.1936,beta,0
8,Ch12-Ch11,+0.780,23.193,0.4448,0.3644,beta,0
8,Ch12-Ch11,+0.780,28.076,0.5237,1.3816,beta,0
8,Ch12-Ch11,+0.780,35.400,0.0452,0.7148,low_gamma,0
8,Ch12-Ch11,+0.780,48.218,0.2801,0.9505,low_gamma,0
8,Ch12-Ch11,+0.780,55.542,0.3516,0.7128,high_gamma,0
8,Ch12-Ch11,+0.780,68.359,0.8182,1.6013,high_gamma,1
8,Ch12-Ch11,+0.780,91.553,0.5062,0.8028,high_gamma,0
8,Ch13-Ch12,+0.930,5.493,2.2804,2.0182,theta,1
8,Ch13-Ch12,+0.930,7.324,1.6075,0.6424,theta,0
8,Ch13-Ch12,+0.930,8.545,1.3092,0.1591,alpha,0
8,Ch13-Ch12,+0.930,10.986,2.2298,2.0250,alpha,0
8,Ch13-Ch12,+0.930,12.817,1.9653,0.2543,alpha,0
8,Ch13-Ch12,+0.930,15.259,1.8334,0.2738,beta,0
8,Ch13-Ch12,+0.930,19.531,1.5609,0.8235,beta,0
8,Ch13-Ch12,+0.930,25.024,1.1646,0.4651,beta,0
8,Ch13-Ch12,+0.930,29.907,1.1530,0.6352,beta,0
8,Ch13-Ch12,+0.930,35.400,1.3162,1.4265,low_gamma,0
8,Ch13-Ch12,+0.930,46.387,1.2036,0.9069,low_gamma,0
8,Ch13-Ch12,+0.930,54.932,0.9632,0.2052,high_gamma,0
8,Ch13-Ch12,+0.930,67.749,1.4467,1.5759,high_gamma,0
8,Ch13-Ch12,+0.930,88.501,0.7754,0.9843,high_gamma,0
8,Ch14-Ch13,+1.080,5.493,2.4104,2.0129,theta,1
8,Ch14-Ch13,+1.080,7.324,1.7370,0.6592,theta,0
8,Ch14-Ch13,+1.080,8.545,1.4719,0.2142,alpha,0
8,Ch14-Ch13,+1.080,10.986,2.3573,2.0301,alpha,0
8,Ch14-Ch13,+1.080,12.817,2.1008,0.2560,alpha,0
8,Ch14-Ch13,+1.080,15.259,1.9310,0.2446,beta,0
8,Ch14-Ch13,+1.080,19.531,1.7083,0.8017,beta,0
8,Ch14-Ch13,+1.080,25.024,1.3215,0.5380,beta,0
8,Ch14-Ch13,+1.080,29.907,1.2796,0.6326,beta,0
8,Ch14-Ch13,+1.080,35.400,1.3818,1.1123,low_gamma,0
8,Ch14-Ch13,+1.080,40.894,1.2040,0.8412,low_gamma,0
8,Ch14-Ch13,+1.080,53.101,1.2101,0.6492,high_gamma,0
8,Ch14-Ch13,+1.080,67.749,1.4144,1.6076,high_gamma,0
8,Ch14-Ch13,+1.080,88.501,0.8007,1.2261,high_gamma,0
8,Ch15-Ch14,+1.230,5.493,0.4088,2.1973,theta,0
8,Ch15-Ch14,+1.230,7.324,-0.7211,0.2327,theta,0
8,Ch15-Ch14,+1.230,10.986,0.5911,2.0830,alpha,1
8,Ch15-Ch14,+1.230,12.817,0.2915,0.2922,alpha,0
8,Ch15-Ch14,+1.230,15.259,0.4993,0.5288,beta,0
8,Ch15-Ch14,+1.230,19.531,0.1620,0.6419,beta,0
8,Ch15-Ch14,+1.230,25.024,-0.0114,1.1102,beta,0
8,Ch15-Ch14,+1.230,29.907,-0.2230,0.6111,beta,0
8,Ch15-Ch14,+1.230,35.400,-0.2703,0.9646,low_gamma,0
8,Ch15-Ch14,+1.230,40.894,-0.4258,0.5851,low_gamma,0
8,Ch15-Ch14,+1.230,53.101,-0.3048,0.7058,high_gamma,0
8,Ch15-Ch14,+1.230,68.359,0.0572,1.5310,high_gamma,0
8,Ch15-Ch14,+1.230,86.670,-0.2339,0.9847,high_gamma,0
9,Ch1-Ch0,-0.865,4.883,-0.6026,0.4709,theta,0
9,Ch1-Ch0,-0.865,10.376,0.1810,0.4524,alpha,0
9,Ch1-Ch0,-0.865,12.207,0.4253,0.6640,alpha,0
9,Ch1-Ch0,-0.865,14.648,0.5545,2.3537,beta,1
9,Ch1-Ch0,-0.865,20.142,0.1900,0.6349,beta,0
9,Ch1-Ch0,-0.865,25.024,-0.1462,1.2221,beta,0
9,Ch1-Ch0,-0.865,29.907,-0.1684,0.7956,beta,0
9,Ch1-Ch0,-0.865,37.842,-0.1750,1.2439,low_gamma,0
9,Ch1-Ch0,-0.865,46.387,0.1385,1.2308,low_gamma,0
9,Ch1-Ch0,-0.865,54.932,0.1639,0.5675,high_gamma,0
9,Ch1-Ch0,-0.865,68.359,0.4418,1.9214,high_gamma,0
9,Ch1-Ch0,-0.865,89.722,-0.1714,1.6622,high_gamma,0
9,Ch2-Ch1,-0.715,4.883,-0.3619,0.3326,theta,0
9,Ch2-Ch1,-0.715,6.104,-0.5184,0.1598,theta,0
9,Ch2-Ch1,-0.715,10.376,0.6475,0.4238,alpha,0
9,Ch2-Ch1,-0.715,12.207,0.8518,0.6137,alpha,0
9,Ch2-Ch1,-0.715,14.648,1.0546,2.4107,beta,1
9,Ch2-Ch1,-0.715,20.142,0.6215,0.6411,beta,0
9,Ch2-Ch1,-0.715,25.024,0.2919,1.3101,beta,0
9,Ch2-Ch1,-0.715,29.907,0.2823,0.8936,beta,0
9,Ch2-Ch1,-0.715,37.842,0.2955,1.0699,low_gamma,0
9,Ch2-Ch1,-0.715,46.387,0.5766,1.1097,low_gamma,0
9,Ch2-Ch1,-0.715,54.932,0.6017,0.5324,high_gamma,0
9,Ch2-Ch1,-0.715,68.359,0.9381,2.0649,high_gamma,0
9,Ch2-Ch1,-0.715,89.722,0.3485,2.0569,high_gamma,0
9,Ch3-Ch2,-0.565,4.883,1.3972,1.8020,theta,1
9,Ch3-Ch2,-0.565,8.545,1.0677,0.5531,alpha,0
9,Ch3-Ch2,-0.565,10.376,0.9615,0.2612,alpha,0
9,Ch3-Ch2,-0.565,12.207,1.1892,1.3478,alpha,0
9,Ch3-Ch2,-0.565,17.090,0.9480,1.2486,beta,0
9,Ch3-Ch2,-0.565,22.583,0.4119,0.4621,beta,0
9,Ch3-Ch2,-0.565,29.907,0.7293,0.9898,beta,0
9,Ch3-Ch2,-0.565,37.842,0.7393,0.8341,low_gamma,0
9,Ch3-Ch2,-0.565,46.387,0.7849,1.0915,low_gamma,0
9,Ch3-Ch2,-0.565,53.711,0.9386,0.4320,high_gamma,0
9,Ch3-Ch2,-0.565,67.139,1.2909,2.1230,high_gamma,0
9,Ch3-Ch2,-0.565,81.177,1.0634,1.3374,high_gamma,0
9,Ch3-Ch2,-0.565,96.436,0.3709,0.6345,high_gamma,0
9,Ch4-Ch3,-0.415,4.883,1.6062,2.5186,theta,1
9,Ch4-Ch3,-0.415,7.324,0.6494,0.3562,theta,0
9,Ch4-Ch3,-0.415,10.986,0.5600,0.4462,alpha,0
9,Ch4-Ch3,-0.415,14.648,1.0188,0.9367,beta,0
9,Ch4-Ch3,-0.415,18.921,0.8447,0.9048,beta,0
9,Ch4-Ch3,-0.415,25.024,0.7133,1.3829,beta,0
9,Ch4-Ch3,-0.415,30.518,0.2747,0.9078,low_gamma,0
9,Ch4-Ch3,-0.415,42.725,0.7233,1.1142,low_gamma,0
9,Ch4-Ch3,-0.415,49.438,0.9339,1.1385,low_gamma,0
9,Ch4-Ch3,-0.415,60.425,1.1500,1.0098,high_gamma,0
9,Ch4-Ch3,-0.415,79.346,1.2828,1.8806,high_gamma,0
9,Ch4-Ch3,-0.415,97.656,0.7271,0.6679,high_gamma,0
9,Ch5-Ch4,-0.265,1.831,0.1464,0.1120,delta,0
9,Ch5-Ch4,-0.265,4.883,1.6259,1.6491,theta,1
9,Ch5-Ch4,-0.265,7.324,1.0580,0.3651,theta,0
9,Ch5-Ch4,-0.265,10.376,0.6181,0.4112,alpha,0
9,Ch5-Ch4,-0.265,12.817,1.2635,1.0688,alpha,0
9,Ch5-Ch4,-0.265,17.090,1.3999,1.2241,beta,0
9,Ch5-Ch4,-0.265,22.583,0.7792,1.1677,beta,0
9,Ch5-Ch4,-0.265,26.855,0.4620,0.0940,beta,0
9,Ch5-Ch4,-0.265,32.349,0.7094,0.8114,low_gamma,0
9,Ch5-Ch4,-0.265,42.725,0.9815,1.6784,low_gamma,0
9,Ch5-Ch4,-0.265,50.049,1.0569,1.3546,high_gamma,0
9,Ch5-Ch4,-0.265,59.204,1.2199,0.7321,high_gamma,0
9,Ch5-Ch4,-0.265,75.684,1.3704,2.1271,high_gamma,0
9,Ch5-Ch4,-0.265,93.384,0.2565,1.2072,high_gamma,0
9,Ch6-Ch5,-0.115,3.052,0.6035,0.3770,delta,0
9,Ch6-Ch5,-0.115,4.883,1.7021,0.8819,theta,0
9,Ch6-Ch5,-0.115,7.324,1.2403,0.3939,theta,0
9,Ch6-Ch5,-0.115,9.155,1.4399,0.5869,alpha,0
9,Ch6-Ch5,-0.115,14.648,1.8359,2.0156,beta,1
9,Ch6-Ch5,-0.115,17.090,1.6058,0.5243,beta,0
9,Ch6-Ch5,-0.115,22.583,1.2203,0.8496,beta,0
9,Ch6-Ch5,-0.115,31.128,0.9557,0.9856,low_gamma,0
9,Ch6-Ch5,-0.115,37.231,0.4868,0.2264,low_gamma,0
9,Ch6-Ch5,-0.115,43.945,1.1533,1.0339,low_gamma,0
9,Ch6-Ch5,-0.115,50.659,0.8767,0.3459,high_gamma,0
9,Ch6-Ch5,-0.115,58.594,1.6014,1.7063,high_gamma,0
9,Ch6-Ch5,-0.115,67.749,1.5829,1.3453,high_gamma,0
9,Ch6-Ch5,-0.115,86.060,1.2676,1.1516,high_gamma,0
9,Ch7-Ch6,+0.030,2.441,0.1909,0.0638,delta,0
9,Ch7-Ch6,+0.030,4.883,1.6109,1.5129,theta,1
9,Ch7-Ch6,+0.030,6.714,0.9195,0.3968,theta,0
9,Ch7-Ch6,+0.030,9.155,0.9554,0.5015,alpha,0
9,Ch7-Ch6,+0.030,14.648,1.4392,1.2524,beta,0
9,Ch7-Ch6,+0.030,17.090,0.9600,0.7440,beta,0
9,Ch7-Ch6,+0.030,22.583,0.7890,0.6070,beta,0
9,Ch7-Ch6,+0.030,28.076,0.8746,0.7989,beta,0
9,Ch7-Ch6,+0.030,34.790,0.7020,1.0105,low_gamma,0
9,Ch7-Ch6,+0.030,41.504,0.5118,0.4267,low_gamma,0
9,Ch7-Ch6,+0.030,49.438,1.2572,1.5671,low_gamma,0
9,Ch7-Ch6,+0.030,64.087,1.0993,1.2117,high_gamma,0
9,Ch7-Ch6,+0.030,76.294,1.3486,1.6693,high_gamma,0
9,Ch7-Ch6,+0.030,89.722,0.8255,1.1813,high_gamma,0
9,Ch8-Ch7,+0.180,4.883,1.6126,1.4296,theta,0
9,Ch8-Ch7,+0.180,6.714,0.9668,0.2201,theta,0
9,Ch8-Ch7,+0.180,9.766,0.9382,0.4476,alpha,0
9,Ch8-Ch7,+0.180,12.207,1.1290,0.7530,alpha,0
9,Ch8-Ch7,+0.180,14.648,1.4330,1.3521,beta,0
9,Ch8-Ch7,+0.180,17.090,1.2786,0.6320,beta,0
9,Ch8-Ch7,+0.180,20.142,1.2156,0.7400,beta,0
9,Ch8-Ch7,+0.180,26.245,0.8881,0.6611,beta,0
9,Ch8-Ch7,+0.180,34.790,1.2153,1.0326,low_gamma,0
9,Ch8-Ch7,+0.180,40.894,0.8772,0.2487,low_gamma,0
9,Ch8-Ch7,+0.180,48.828,1.4617,1.6196,low_gamma,0
9,Ch8-Ch7,+0.180,59.204,1.3705,1.3333,high_gamma,0
9,Ch8-Ch7,+0.180,76.904,1.7616,1.8340,high_gamma,1
9,Ch8-Ch7,+0.180,93.384,1.3234,1.3900,high_gamma,0
9,Ch9-Ch8,+0.330,4.883,1.5051,0.8725,theta,0
9,Ch9-Ch8,+0.330,7.324,1.0064,0.2933,theta,0
9,Ch9-Ch8,+0.330,9.155,1.2993,0.4506,alpha,0
9,Ch9-Ch8,+0.330,14.648,1.9275,2.2743,beta,1
9,Ch9-Ch8,+0.330,17.090,1.5068,0.5755,beta,0
9,Ch9-Ch8,+0.330,22.583,1.1540,1.2263,beta,0
9,Ch9-Ch8,+0.330,28.076,1.0128,1.0472,beta,0
9,Ch9-Ch8,+0.330,34.790,0.5040,0.5107,low_gamma,0
9,Ch9-Ch8,+0.330,43.945,1.3230,1.2175,low_gamma,0
9,Ch9-Ch8,+0.330,50.659,1.1473,0.4329,high_gamma,0
9,Ch9-Ch8,+0.330,59.204,1.6032,2.0111,high_gamma,0
9,Ch9-Ch8,+0.330,72.021,1.6021,1.1055,high_gamma,0
9,Ch9-Ch8,+0.330,93.384,0.6818,0.8173,high_gamma,0
9,Ch10-Ch9,+0.480,4.883,1.6712,0.9098,theta,0
9,Ch10-Ch9,+0.480,8.545,1.7365,0.4828,alpha,0
9,Ch10-Ch9,+0.480,10.376,1.7756,2.0081,alpha,1
9,Ch10-Ch9,+0.480,14.648,1.7060,0.4421,beta,0
9,Ch10-Ch9,+0.480,17.090,1.5021,0.0793,beta,0
9,Ch10-Ch9,+0.480,20.752,1.6372,0.6719,beta,0
9,Ch10-Ch9,+0.480,24.414,1.1009,0.5978,beta,0
9,Ch10-Ch9,+0.480,28.076,1.1383,0.6880,beta,0
9,Ch10-Ch9,+0.480,32.349,1.1272,0.7678,low_gamma,0
9,Ch10-Ch9,+0.480,37.842,1.0946,0.7632,low_gamma,0
9,Ch10-Ch9,+0.480,48.828,1.0347,1.0551,low_gamma,0
9,Ch10-Ch9,+0.480,59.814,1.3557,1.5370,high_gamma,0
9,Ch10-Ch9,+0.480,76.904,1.6308,1.4359,high_gamma,0
9,Ch10-Ch9,+0.480,96.436,1.1545,0.8401,high_gamma,0
9,Ch11-Ch10,+0.630,4.883,1.4761,0.8430,theta,0
9,Ch11-Ch10,+0.630,8.545,1.6128,2.0870,alpha,1
9,Ch11-Ch10,+0.630,10.376,1.6005,0.5253,alpha,0
9,Ch11-Ch10,+0.630,14.648,1.5057,0.4605,beta,0
9,Ch11-Ch10,+0.630,20.752,1.4590,0.5458,beta,0
9,Ch11-Ch10,+0.630,25.635,1.0127,0.4713,beta,0
9,Ch11-Ch10,+0.630,32.349,1.1056,0.8692,low_gamma,0
9,Ch11-Ch10,+0.630,37.842,0.9573,0.7583,low_gamma,0
9,Ch11-Ch10,+0.630,44.556,0.5902,0.4588,low_gamma,0
9,Ch11-Ch10,+0.630,55.542,0.9440,1.4295,high_gamma,0
9,Ch11-Ch10,+0.630,66.528,1.3927,1.2208,high_gamma,0
9,Ch11-Ch10,+0.630,77.515,1.5580,2.1927,high_gamma,0
9,Ch11-Ch10,+0.630,92.773,1.1094,0.8834,high_gamma,0
9,Ch12-Ch11,+0.780,4.883,0.5876,1.2818,theta,0
9,Ch12-Ch11,+0.780,9.155,0.3311,0.7112,alpha,0
9,Ch12-Ch11,+0.780,14.648,0.6119,2.2470,beta,0
9,Ch12-Ch11,+0.780,17.090,0.3534,0.2616,beta,0
9,Ch12-Ch11,+0.780,22.583,0.2721,1.3053,beta,0
9,Ch12-Ch11,+0.780,28.076,0.2553,1.1003,beta,0
9,Ch12-Ch11,+0.780,36.621,0.0879,1.1265,low_gamma,0
9,Ch12-Ch11,+0.780,43.945,0.2933,1.0755,low_gamma,0
9,Ch12-Ch11,+0.780,51.270,0.1600,0.3265,high_gamma,0
9,Ch12-Ch11,+0.780,59.204,0.8646,1.7447,high_gamma,1
9,Ch12-Ch11,+0.780,77.515,0.7780,1.3804,high_gamma,0
9,Ch12-Ch11,+0.780,93.384,0.4061,1.0935,high_gamma,0
9,Ch13-Ch12,+0.930,4.883,2.3116,2.4127,theta,1
9,Ch13-Ch12,+0.930,8.545,1.8410,0.5217,alpha,0
9,Ch13-Ch12,+0.930,10.376,1.9124,0.9941,alpha,0
9,Ch13-Ch12,+0.930,14.648,1.7669,0.3692,beta,0
9,Ch13-Ch12,+0.930,20.752,1.2683,0.5388,beta,0
9,Ch13-Ch12,+0.930,24.414,1.1658,1.2670,beta,0
9,Ch13-Ch12,+0.930,32.349,0.9779,0.4420,low_gamma,0
9,Ch13-Ch12,+0.930,37.842,0.9951,1.1572,low_gamma,0
9,Ch13-Ch12,+0.930,49.438,0.9470,2.1387,low_gamma,0
9,Ch13-Ch12,+0.930,57.983,1.0857,1.5947,high_gamma,0
9,Ch13-Ch12,+0.930,77.515,1.1059,0.9694,high_gamma,0
9,Ch13-Ch12,+0.930,92.773,0.9888,0.8590,high_gamma,0
9,Ch14-Ch13,+1.080,4.883,2.4439,2.4406,theta,1
9,Ch14-Ch13,+1.080,8.545,1.9687,0.4845,alpha,0
9,Ch14-Ch13,+1.080,10.376,2.0373,0.9957,alpha,0
9,Ch14-Ch13,+1.080,14.648,1.8881,0.3709,beta,0
9,Ch14-Ch13,+1.080,20.752,1.3373,0.5568,beta,0
9,Ch14-Ch13,+1.080,24.414,1.2688,1.3801,beta,0
9,Ch14-Ch13,+1.080,32.349,1.0316,0.4803,low_gamma,0
9,Ch14-Ch13,+1.080,37.842,1.0587,0.8752,low_gamma,0
9,Ch14-Ch13,+1.080,49.438,1.0406,1.7886,low_gamma,0
9,Ch14-Ch13,+1.080,66.528,1.2660,1.6600,high_gamma,0
9,Ch14-Ch13,+1.080,87.280,0.8809,0.7432,high_gamma,0
9,Ch15-Ch14,+1.230,1.831,-1.5848,0.0851,delta,0
9,Ch15-Ch14,+1.230,4.883,0.5400,2.0530,theta,1
9,Ch15-Ch14,+1.230,8.545,0.2607,0.4851,alpha,0
9,Ch15-Ch14,+1.230,10.376,0.2032,0.3837,alpha,0
9,Ch15-Ch14,+1.230,14.648,0.2952,1.3712,beta,0
9,Ch15-Ch14,+1.230,20.752,-0.2014,0.5894,beta,0
9,Ch15-Ch14,+1.230,24.414,-0.1998,1.2506,beta,0
9,Ch15-Ch14,+1.230,32.349,-0.5978,0.2500,low_gamma,0
9,Ch15-Ch14,+1.230,37.842,-0.5748,0.4417,low_gamma,0
9,Ch15-Ch14,+1.230,45.166,-0.4436,0.8542,low_gamma,0
9,Ch15-Ch14,+1.230,53.101,-0.6899,0.1267,high_gamma,0
9,Ch15-Ch14,+1.230,62.256,-0.2804,1.0469,high_gamma,0
9,Ch15-Ch14,+1.230,77.515,0.1592,1.6416,high_gamma,0
9,Ch15-Ch14,+1.230,92.773,-0.0765,0.8923,high_gamma,0
10,Ch1-Ch0,-0.865,4.272,-0.6019,1.0727,theta,0
10,Ch1-Ch0,-0.865,7.935,0.0346,0.4378,theta,0
10,Ch1-Ch0,-0.865,9.766,-0.1668,0.0886,alpha,0
10,Ch1-Ch0,-0.865,11.597,0.1785,0.3242,alpha,0
10,Ch1-Ch0,-0.865,14.648,0.8182,2.3073,beta,1
10,Ch1-Ch0,-0.865,17.090,0.7606,0.9843,beta,0
10,Ch1-Ch0,-0.865,20.752,-0.3957,0.3861,beta,0
10,Ch1-Ch0,-0.865,24.414,-0.2182,0.6714,beta,0
10,Ch1-Ch0,-0.865,28.076,-0.0707,0.9682,beta,0
10,Ch1-Ch0,-0.865,36.011,-0.1274,0.4838,low_gamma,0
10,Ch1-Ch0,-0.865,43.945,-0.0862,0.9151,low_gamma,0
10,Ch1-Ch0,-0.865,55.542,0.3404,1.3797,high_gamma,0
10,Ch1-Ch0,-0.865,65.308,0.3623,1.7205,high_gamma,0
10,Ch1-Ch0,-0.865,76.294,0.0138,0.5992,high_gamma,0
10,Ch1-Ch0,-0.865,95.215,-0.6698,0.6369,high_gamma,0
10,Ch2-Ch1,-0.715,4.272,-0.2437,0.9326,theta,0
10,Ch2-Ch1,-0.715,7.935,0.4424,0.3987,theta,0
10,Ch2-Ch1,-0.715,9.766,0.2989,0.1091,alpha,0
10,Ch2-Ch1,-0.715,11.597,0.6432,0.1963,alpha,0
10,Ch2-Ch1,-0.715,14.648,1.3080,2.3046,beta,1
10,Ch2-Ch1,-0.715,17.090,1.2111,1.0305,beta,0
10,Ch2-Ch1,-0.715,24.414,0.2796,0.6017,beta,0
10,Ch2-Ch1,-0.715,28.076,0.3516,0.9510,beta,0
10,Ch2-Ch1,-0.715,38.452,0.3917,1.0439,low_gamma,0
10,Ch2-Ch1,-0.715,48.218,0.4015,0.8620,low_gamma,0
10,Ch2-Ch1,-0.715,55.542,0.7630,1.0539,high_gamma,0
10,Ch2-Ch1,-0.715,65.308,0.7762,1.7502,high_gamma,0
10,Ch2-Ch1,-0.715,76.294,0.4441,0.5633,high_gamma,0
10,Ch2-Ch1,-0.715,89.722,0.2626,0.9196,high_gamma,0
10,Ch3-Ch2,-0.565,4.883,1.2992,0.8690,theta,0
10,Ch3-Ch2,-0.565,7.324,1.4435,1.5160,theta,0
10,Ch3-Ch2,-0.565,11.597,0.8701,0.1342,alpha,0
10,Ch3-Ch2,-0.565,14.038,0.9551,0.8480,beta,0
10,Ch3-Ch2,-0.565,17.090,1.4998,1.9929,beta,1
10,Ch3-Ch2,-0.565,20.142,0.4938,0.5294,beta,0
10,Ch3-Ch2,-0.565,24.414,0.6002,0.6721,beta,0
10,Ch3-Ch2,-0.565,28.687,0.5073,0.7057,beta,0
10,Ch3-Ch2,-0.565,37.231,0.6825,1.4364,low_gamma,0
10,Ch3-Ch2,-0.565,45.166,0.5068,0.4614,low_gamma,0
10,Ch3-Ch2,-0.565,55.542,0.7782,1.3682,high_gamma,0
10,Ch3-Ch2,-0.565,74.463,1.2037,2.3435,high_gamma,0
10,Ch3-Ch2,-0.565,89.722,0.9256,1.1231,high_gamma,0
10,Ch4-Ch3,-0.415,4.883,1.2538,2.0690,theta,1
10,Ch4-Ch3,-0.415,6.714,1.2458,0.8300,theta,0
10,Ch4-Ch3,-0.415,9.766,0.6304,0.1300,alpha,0
10,Ch4-Ch3,-0.415,14.648,1.2185,0.7669,beta,0
10,Ch4-Ch3,-0.415,17.090,0.8694,0.2649,beta,0
10,Ch4-Ch3,-0.415,23.193,0.4626,0.5325,beta,0
10,Ch4-Ch3,-0.415,28.076,0.9826,1.2561,beta,0
10,Ch4-Ch3,-0.415,32.349,1.0038,1.9230,low_gamma,0
10,Ch4-Ch3,-0.415,38.452,0.4845,0.3573,low_gamma,0
10,Ch4-Ch3,-0.415,44.556,0.9064,1.3476,low_gamma,0
10,Ch4-Ch3,-0.415,51.270,0.7703,0.7800,high_gamma,0
10,Ch4-Ch3,-0.415,61.035,0.8563,0.6911,high_gamma,0
10,Ch4-Ch3,-0.415,74.463,1.0857,1.9321,high_gamma,0
10,Ch4-Ch3,-0.415,95.215,0.3660,0.9119,high_gamma,0
10,Ch5-Ch4,-0.265,1.831,-0.4646,0.0554,delta,0
10,Ch5-Ch4,-0.265,4.272,1.2289,1.0835,theta,0
10,Ch5-Ch4,-0.265,6.104,1.2785,1.1771,theta,0
10,Ch5-Ch4,-0.265,10.986,1.1513,0.4233,alpha,0
10,Ch5-Ch4,-0.265,14.038,1.1438,0.3283,beta,0
10,Ch5-Ch4,-0.265,16.479,1.3867,1.9175,beta,1
10,Ch5-Ch4,-0.265,23.193,0.3144,0.1113,beta,0
10,Ch5-Ch4,-0.265,28.076,0.9844,1.3822,beta,0
10,Ch5-Ch4,-0.265,34.180,0.9036,1.6928,low_gamma,0
10,Ch5-Ch4,-0.265,42.725,0.7648,0.7921,low_gamma,0
10,Ch5-Ch4,-0.265,51.270,0.9653,1.3080,high_gamma,0
10,Ch5-Ch4,-0.265,65.308,1.3804,2.0074,high_gamma,0
10,Ch5-Ch4,-0.265,83.618,1.0600,1.2165,high_gamma,0
10,Ch5-Ch4,-0.265,98.267,0.2770,0.2871,high_gamma,0
10,Ch6-Ch5,-0.115,4.883,1.4680,0.7443,theta,0
10,Ch6-Ch5,-0.115,6.104,1.4332,0.6799,theta,0
10,Ch6-Ch5,-0.115,9.155,1.0099,0.1759,alpha,0
10,Ch6-Ch5,-0.115,12.817,1.8311,0.1584,alpha,0
10,Ch6-Ch5,-0.115,15.869,1.8793,2.1721,beta,1
10,Ch6-Ch5,-0.115,18.921,1.2659,0.3112,beta,0
10,Ch6-Ch5,-0.115,24.414,0.9810,0.4736,beta,0
10,Ch6-Ch5,-0.115,31.128,0.8514,1.3071,low_gamma,0
10,Ch6-Ch5,-0.115,39.673,0.8282,0.9757,low_gamma,0
10,Ch6-Ch5,-0.115,52.490,1.1654,0.9383,high_gamma,0
10,Ch6-Ch5,-0.115,72.632,1.5308,2.0731,high_gamma,0
10,Ch6-Ch5,-0.115,84.229,1.2931,1.8240,high_gamma,0
10,Ch6-Ch5,-0.115,98.877,0.6519,0.2748,high_gamma,0
10,Ch7-Ch6,+0.030,4.883,1.4987,1.5641,theta,0
10,Ch7-Ch6,+0.030,9.155,0.9406,0.8279,alpha,0
10,Ch7-Ch6,+0.030,14.038,1.6595,1.8174,beta,1
10,Ch7-Ch6,+0.030,17.090,1.5884,0.2283,beta,0
10,Ch7-Ch6,+0.030,20.752,1.3833,0.9552,beta,0
10,Ch7-Ch6,+0.030,27.466,1.1155,1.0568,beta,0
10,Ch7-Ch6,+0.030,32.349,1.0666,0.7550,low_gamma,0
10,Ch7-Ch6,+0.030,38.452,0.6943,0.7937,low_gamma,0
10,Ch7-Ch6,+0.030,51.270,0.9969,0.9625,high_gamma,0
10,Ch7-Ch6,+0.030,67.139,1.2728,1.4144,high_gamma,0
10,Ch7-Ch6,+0.030,77.515,1.1325,0.7928,high_gamma,0
10,Ch7-Ch6,+0.030,91.553,1.2140,1.1996,high_gamma,0
10,Ch8-Ch7,+0.180,1.831,0.0117,0.0512,delta,0
10,Ch8-Ch7,+0.180,4.883,1.6421,1.9927,theta,0
10,Ch8-Ch7,+0.180,7.324,0.4260,0.3803,theta,0
10,Ch8-Ch7,+0.180,9.155,0.7764,0.3166,alpha,0
10,Ch8-Ch7,+0.180,10.986,1.2147,0.0758,alpha,0
10,Ch8-Ch7,+0.180,14.038,1.8841,1.7582,beta,1
10,Ch8-Ch7,+0.180,17.090,1.6896,0.5608,beta,0
10,Ch8-Ch7,+0.180,20.752,1.5452,0.4549,beta,0
10,Ch8-Ch7,+0.180,27.466,1.2865,0.8684,beta,0
10,Ch8-Ch7,+0.180,33.569,1.3047,0.9759,low_gamma,0
10,Ch8-Ch7,+0.180,42.114,1.1949,0.8211,low_gamma,0
10,Ch8-Ch7,+0.180,50.659,1.2574,0.7799,high_gamma,0
10,Ch8-Ch7,+0.180,67.139,1.5763,1.3924,high_gamma,0
10,Ch8-Ch7,+0.180,77.515,1.5621,1.1271,high_gamma,0
10,Ch8-Ch7,+0.180,92.773,1.2450,1.1051,high_gamma,0
10,Ch9-Ch8,+0.330,4.883,1.0807,0.9991,theta,0
10,Ch9-Ch8,+0.330,6.104,1.2388,0.5918,theta,0
10,Ch9-Ch8,+0.330,7.935,0.9747,0.0711,theta,0
10,Ch9-Ch8,+0.330,14.038,1.9474,2.5509,beta,1
10,Ch9-Ch8,+0.330,18.921,1.4403,0.4236,beta,0
10,Ch9-Ch8,+0.330,26.245,1.1327,0.8107,beta,0
10,Ch9-Ch8,+0.330,31.128,0.5936,0.5319,low_gamma,0
10,Ch9-Ch8,+0.330,36.621,0.9505,1.1502,low_gamma,0
10,Ch9-Ch8,+0.330,45.776,1.0338,0.9826,low_gamma,0
10,Ch9-Ch8,+0.330,56.763,1.4206,1.2875,high_gamma,0
10,Ch9-Ch8,+0.330,71.411,1.4957,1.8988,high_gamma,0
10,Ch9-Ch8,+0.330,86.670,1.2279,1.5065,high_gamma,0
10,Ch10-Ch9,+0.480,1.831,0.4613,0.2023,delta,0
10,Ch10-Ch9,+0.480,4.272,1.5000,0.6201,theta,0
10,Ch10-Ch9,+0.480,7.324,1.8741,2.0304,theta,1
10,Ch10-Ch9,+0.480,12.207,1.5614,0.2868,alpha,0
10,Ch10-Ch9,+0.480,15.869,1.7942,0.9349,beta,0
10,Ch10-Ch9,+0.480,20.142,1.5678,0.4903,beta,0
10,Ch10-Ch9,+0.480,24.414,1.4409,0.3386,beta,0
10,Ch10-Ch9,+0.480,28.076,1.3058,0.5921,beta,0
10,Ch10-Ch9,+0.480,37.842,1.0397,0.7892,low_gamma,0
10,Ch10-Ch9,+0.480,45.776,1.3668,1.1841,low_gamma,0
10,Ch10-Ch9,+0.480,54.932,1.3319,0.9506,high_gamma,0
10,Ch10-Ch9,+0.480,64.087,1.3483,1.0989,high_gamma,0
10,Ch10-Ch9,+0.480,77.515,1.4113,1.3412,high_gamma,0
10,Ch10-Ch9,+0.480,93.384,1.0636,1.0213,high_gamma,0
10,Ch11-Ch10,+0.630,1.831,0.2647,0.1520,delta,0
10,Ch11-Ch10,+0.630,4.272,1.3501,0.6454,theta,0
10,Ch11-Ch10,+0.630,7.324,1.7170,2.1253,theta,1
10,Ch11-Ch10,+0.630,12.817,1.3176,0.2902,alpha,0
10,Ch11-Ch10,+0.630,15.869,1.5477,0.7435,beta,0
10,Ch11-Ch10,+0.630,20.142,1.3585,0.6048,beta,0
10,Ch11-Ch10,+0.630,24.414,1.2749,0.3944,beta,0
10,Ch11-Ch10,+0.630,28.076,1.1295,0.6865,beta,0
10,Ch11-Ch10,+0.630,37.842,0.9358,0.6099,low_gamma,0
10,Ch11-Ch10,+0.630,45.776,1.1466,0.9138,low_gamma,0
10,Ch11-Ch10,+0.630,59.204,0.9936,0.7308,high_gamma,0
10,Ch11-Ch10,+0.630,71.411,1.2411,1.6059,high_gamma,0
10,Ch11-Ch10,+0.630,86.670,1.0293,1.1681,high_gamma,0
10,Ch12-Ch11,+0.780,4.883,0.3424,0.8905,theta,0
10,Ch12-Ch11,+0.780,7.935,-0.0662,0.3554,theta,0
10,Ch12-Ch11,+0.780,9.766,0.4415,0.9486,alpha,0
10,Ch12-Ch11,+0.780,12.207,0.3111,0.1845,alpha,0
10,Ch12-Ch11,+0.780,15.259,0.5275,1.7150,beta,0
10,Ch12-Ch11,+0.780,18.921,0.3365,0.8686,beta,0
10,Ch12-Ch11,+0.780,24.414,0.3402,0.8776,beta,0
10,Ch12-Ch11,+0.780,33.569,0.1207,0.9776,low_gamma,0
10,Ch12-Ch11,+0.780,39.673,-0.1203,0.5009,low_gamma,0
10,Ch12-Ch11,+0.780,45.776,0.4783,1.2578,low_gamma,0
10,Ch12-Ch11,+0.780,56.763,0.3935,1.1207,high_gamma,0
10,Ch12-Ch11,+0.780,73.853,0.7631,1.3474,high_gamma,1
10,Ch12-Ch11,+0.780,91.553,0.5495,1.0071,high_gamma,0
10,Ch13-Ch12,+0.930,4.883,2.0512,0.7004,theta,0
10,Ch13-Ch12,+0.930,7.324,2.1184,2.2961,theta,1
10,Ch13-Ch12,+0.930,9.766,1.5144,0.1210,alpha,0
10,Ch13-Ch12,+0.930,14.038,1.9965,0.6143,beta,0
10,Ch13-Ch12,+0.930,20.142,1.5882,0.3901,beta,0
10,Ch13-Ch12,+0.930,28.076,1.1254,0.5106,beta,0
10,Ch13-Ch12,+0.930,34.180,1.0996,1.2841,low_gamma,0
10,Ch13-Ch12,+0.930,40.894,0.8096,0.3895,low_gamma,0
10,Ch13-Ch12,+0.930,50.049,0.9965,0.9857,high_gamma,0
10,Ch13-Ch12,+0.930,63.477,0.9613,1.4093,high_gamma,0
10,Ch13-Ch12,+0.930,80.566,0.8313,1.0775,high_gamma,0
10,Ch13-Ch12,+0.930,96.436,0.8148,0.9547,high_gamma,0
10,Ch14-Ch13,+1.080,4.883,2.1716,0.7075,theta,0
10,Ch14-Ch13,+1.080,7.324,2.2449,2.3528,theta,1
10,Ch14-Ch13,+1.080,9.766,1.6222,0.0918,alpha,0
10,Ch14-Ch13,+1.080,14.038,2.1519,0.6446,beta,0
10,Ch14-Ch13,+1.080,20.142,1.7186,0.4209,beta,0
10,Ch14-Ch13,+1.080,27.466,1.1995,0.4963,beta,0
10,Ch14-Ch13,+1.080,34.180,1.2064,1.2403,low_gamma,0
10,Ch14-Ch13,+1.080,40.894,0.9487,0.5792,low_gamma,0
10,Ch14-Ch13,+1.080,50.049,1.1334,1.1081,high_gamma,0
10,Ch14-Ch13,+1.080,63.477,0.9511,1.2441,high_gamma,0
10,Ch14-Ch13,+1.080,80.566,0.6840,0.9289,high_gamma,0
10,Ch14-Ch13,+1.080,96.436,0.7366,0.8276,high_gamma,0
10,Ch15-Ch14,+1.230,4.883,0.1963,0.4171,theta,0
10,Ch15-Ch14,+1.230,6.714,0.3501,1.0771,theta,0
10,Ch15-Ch14,+1.230,9.766,0.0421,0.1790,alpha,0
10,Ch15-Ch14,+1.230,14.648,0.4061,2.2542,beta,1
10,Ch15-Ch14,+1.230,20.752,0.1378,0.6574,beta,0
10,Ch15-Ch14,+1.230,27.466,-0.3341,0.5573,beta,0
10,Ch15-Ch14,+1.230,34.790,-0.0918,1.2294,low_gamma,0
10,Ch15-Ch14,+1.230,40.894,-0.1059,0.9602,low_gamma,0
10,Ch15-Ch14,+1.230,50.049,-0.2438,0.6449,high_gamma,0
10,Ch15-Ch14,+1.230,59.814,-0.3835,0.8571,high_gamma,0
10,Ch15-Ch14,+1.230,72.021,0.0567,1.5562,high_gamma,0
10,Ch15-Ch14,+1.230,86.060,-0.1202,1.2520,high_gamma,0
10,Ch15-Ch14,+1.230,98.877,-0.8460,0.4003,high_gamma,0
11,Ch1-Ch0,-0.865,5.493,-0.6639,1.0924,theta,0
11,Ch1-Ch0,-0.865,7.324,-0.8771,0.1918,theta,0
11,Ch1-Ch0,-0.865,11.597,0.5078,0.0915,alpha,0
11,Ch1-Ch0,-0.865,14.038,0.5920,2.2561,beta,1
11,Ch1-Ch0,-0.865,17.700,-0.1324,0.6011,beta,0
11,Ch1-Ch0,-0.865,23.804,0.1219,1.5455,beta,0
11,Ch1-Ch0,-0.865,30.518,-0.3683,0.4683,low_gamma,0
11,Ch1-Ch0,-0.865,36.011,-0.0178,1.1608,low_gamma,0
11,Ch1-Ch0,-0.865,46.997,0.0492,0.9821,low_gamma,0
11,Ch1-Ch0,-0.865,56.763,0.1112,1.1429,high_gamma,0
11,Ch1-Ch0,-0.865,67.749,0.2907,1.4912,high_gamma,0
11,Ch1-Ch0,-0.865,84.229,0.3042,1.7388,high_gamma,0
11,Ch1-Ch0,-0.865,97.656,-0.7531,0.2810,high_gamma,0
11,Ch2-Ch1,-0.715,5.493,-0.3557,0.8057,theta,0
11,Ch2-Ch1,-0.715,7.324,-0.5267,0.0905,theta,0
11,Ch2-Ch1,-0.715,11.597,0.9815,0.1224,alpha,0
11,Ch2-Ch1,-0.715,14.038,1.0597,2.2381,beta,1
11,Ch2-Ch1,-0.715,17.700,0.2596,0.5814,beta,0
11,Ch2-Ch1,-0.715,23.804,0.5619,1.5998,beta,0
11,Ch2-Ch1,-0.715,29.907,-0.0509,0.5234,beta,0
11,Ch2-Ch1,-0.715,36.011,0.4026,1.4169,low_gamma,0
11,Ch2-Ch1,-0.715,46.997,0.4105,0.9667,low_gamma,0
11,Ch2-Ch1,-0.715,56.763,0.6341,1.2555,high_gamma,0
11,Ch2-Ch1,-0.715,67.749,0.8027,1.8016,high_gamma,0
11,Ch2-Ch1,-0.715,84.229,0.7181,1.6781,high_gamma,0
11,Ch2-Ch1,-0.715,97.046,-0.1706,0.2749,high_gamma,0
11,Ch3-Ch2,-0.565,4.883,1.3993,1.4621,theta,1
11,Ch3-Ch2,-0.565,9.766,0.8847,0.2137,alpha,0
11,Ch3-Ch2,-0.565,11.597,1.2169,0.8885,alpha,0
11,Ch3-Ch2,-0.565,14.038,1.0810,0.2640,beta,0
11,Ch3-Ch2,-0.565,18.921,0.0420,0.2070,beta,0
11,Ch3-Ch2,-0.565,21.973,0.7772,0.9760,beta,0
11,Ch3-Ch2,-0.565,29.907,0.4199,0.8110,beta,0
11,Ch3-Ch2,-0.565,36.011,0.6523,0.9101,low_gamma,0
11,Ch3-Ch2,-0.565,43.945,0.7931,1.4263,low_gamma,0
11,Ch3-Ch2,-0.565,56.763,1.2896,1.9142,high_gamma,0
11,Ch3-Ch2,-0.565,65.918,1.2010,1.3239,high_gamma,0
11,Ch3-Ch2,-0.565,77.515,1.2593,1.4801,high_gamma,0
11,Ch3-Ch2,-0.565,93.994,0.6856,1.2549,high_gamma,0
11,Ch4-Ch3,-0.415,4.883,1.4923,1.9186,theta,1
11,Ch4-Ch3,-0.415,8.545,0.6763,0.0821,alpha,0
11,Ch4-Ch3,-0.415,10.986,0.9587,0.4996,alpha,0
11,Ch4-Ch3,-0.415,15.259,0.5997,0.8322,beta,0
11,Ch4-Ch3,-0.415,17.700,0.5093,0.3626,beta,0
11,Ch4-Ch3,-0.415,23.804,0.6204,0.9817,beta,0
11,Ch4-Ch3,-0.415,31.738,0.2200,0.5835,low_gamma,0
11,Ch4-Ch3,-0.415,40.283,0.8062,1.1175,low_gamma,0
11,Ch4-Ch3,-0.415,47.607,0.7991,0.8756,low_gamma,0
11,Ch4-Ch3,-0.415,61.035,1.1663,1.1922,high_gamma,0
11,Ch4-Ch3,-0.415,77.515,1.4184,1.7919,high_gamma,0
11,Ch4-Ch3,-0.415,91.553,0.9171,0.6866,high_gamma,0
11,Ch5-Ch4,-0.265,1.831,-0.4117,0.1293,delta,0
11,Ch5-Ch4,-0.265,4.883,1.4678,1.6666,theta,0
11,Ch5-Ch4,-0.265,7.324,1.0777,0.2888,theta,0
11,Ch5-Ch4,-0.265,9.766,0.2713,0.1888,alpha,0
11,Ch5-Ch4,-0.265,11.597,1.4915,2.2290,alpha,1
11,Ch5-Ch4,-0.265,15.259,0.9855,0.7050,beta,0
11,Ch5-Ch4,-0.265,17.700,0.7395,0.9386,beta,0
11,Ch5-Ch4,-0.265,23.193,1.0170,1.3704,beta,0
11,Ch5-Ch4,-0.265,28.687,0.9328,0.4338,beta,0
11,Ch5-Ch4,-0.265,36.011,0.6852,0.8593,low_gamma,0
11,Ch5-Ch4,-0.265,47.607,0.9100,0.9382,low_gamma,0
11,Ch5-Ch4,-0.265,60.425,1.3217,1.4340,high_gamma,0
11,Ch5-Ch4,-0.265,77.515,1.0663,0.5603,high_gamma,0
11,Ch5-Ch4,-0.265,95.825,0.8377,0.8943,high_gamma,0
11,Ch6-Ch5,-0.115,4.883,1.6040,0.7851,theta,0
11,Ch6-Ch5,-0.115,7.324,1.4397,0.3212,theta,0
11,Ch6-Ch5,-0.115,11.597,2.0683,2.1450,alpha,1
11,Ch6-Ch5,-0.115,15.259,1.4023,0.1659,beta,0
11,Ch6-Ch5,-0.115,17.700,1.0837,0.6810,beta,0
11,Ch6-Ch5,-0.115,22.583,1.0439,0.7211,beta,0
11,Ch6-Ch5,-0.115,29.907,0.9164,0.7031,beta,0
11,Ch6-Ch5,-0.115,39.673,1.2059,1.0767,low_gamma,0
11,Ch6-Ch5,-0.115,45.776,0.8546,0.3761,low_gamma,0
11,Ch6-Ch5,-0.115,53.101,1.3209,1.3885,high_gamma,0
11,Ch6-Ch5,-0.115,65.918,1.5803,0.7937,high_gamma,0
11,Ch6-Ch5,-0.115,77.515,1.6465,1.5832,high_gamma,0
11,Ch6-Ch5,-0.115,98.877,0.9640,0.5023,high_gamma,0
11,Ch7-Ch6,+0.030,4.883,1.6438,1.9733,theta,1
11,Ch7-Ch6,+0.030,7.935,0.8979,0.0767,theta,0
11,Ch7-Ch6,+0.030,10.986,1.2355,0.3322,alpha,0
11,Ch7-Ch6,+0.030,15.259,1.4147,0.7646,beta,0
11,Ch7-Ch6,+0.030,19.531,1.1256,0.6925,beta,0
11,Ch7-Ch6,+0.030,23.193,0.9656,0.6287,beta,0
11,Ch7-Ch6,+0.030,30.518,0.8738,1.0050,low_gamma,0
11,Ch7-Ch6,+0.030,39.673,0.7121,0.9891,low_gamma,0
11,Ch7-Ch6,+0.030,48.218,0.9995,1.2403,low_gamma,0
11,Ch7-Ch6,+0.030,57.373,1.0443,0.5555,high_gamma,0
11,Ch7-Ch6,+0.030,65.918,1.0779,0.2185,high_gamma,0
11,Ch7-Ch6,+0.030,78.125,1.4763,2.1771,high_gamma,0
11,Ch7-Ch6,+0.030,93.384,1.1066,0.9527,high_gamma,0
11,Ch8-Ch7,+0.180,4.883,1.4828,1.2726,theta,0
11,Ch8-Ch7,+0.180,7.935,0.6566,0.3915,theta,0
11,Ch8-Ch7,+0.180,11.597,1.2451,0.2287,alpha,0
11,Ch8-Ch7,+0.180,15.259,1.6781,1.5962,beta,1
11,Ch8-Ch7,+0.180,20.752,1.2787,1.4584,beta,0
11,Ch8-Ch7,+0.180,25.635,1.1557,0.7598,beta,0
11,Ch8-Ch7,+0.180,30.518,0.9359,0.4297,low_gamma,0
11,Ch8-Ch7,+0.180,39.673,0.9114,0.5802,low_gamma,0
11,Ch8-Ch7,+0.180,48.828,1.2683,1.5372,low_gamma,0
11,Ch8-Ch7,+0.180,64.697,1.5967,2.2936,high_gamma,0
11,Ch8-Ch7,+0.180,86.670,1.4502,1.5418,high_gamma,0
11,Ch9-Ch8,+0.330,1.831,-0.0930,0.0889,delta,0
11,Ch9-Ch8,+0.330,4.883,1.2796,0.5046,theta,0
11,Ch9-Ch8,+0.330,7.324,1.2909,1.0232,theta,0
11,Ch9-Ch8,+0.330,11.597,2.0417,2.2892,alpha,1
11,Ch9-Ch8,+0.330,17.700,1.1957,0.6891,beta,0
11,Ch9-Ch8,+0.330,25.635,1.1758,0.7923,beta,0
11,Ch9-Ch8,+0.330,29.907,0.9037,0.6629,beta,0
11,Ch9-Ch8,+0.330,36.011,0.6855,0.1851,low_gamma,0
11,Ch9-Ch8,+0.330,42.725,1.0392,0.8189,low_gamma,0
11,Ch9-Ch8,+0.330,53.101,1.2148,0.7574,high_gamma,0
11,Ch9-Ch8,+0.330,61.035,1.6862,1.4747,high_gamma,0
11,Ch9-Ch8,+0.330,75.684,1.6487,1.5741,high_gamma,0
11,Ch9-Ch8,+0.330,87.280,1.2500,0.7085,high_gamma,0
11,Ch10-Ch9,+0.480,4.883,1.8644,1.0603,theta,0
11,Ch10-Ch9,+0.480,8.545,1.4884,0.4696,alpha,0
11,Ch10-Ch9,+0.480,11.597,1.8682,1.9848,alpha,1
11,Ch10-Ch9,+0.480,16.479,1.8316,1.1242,beta,0
11,Ch10-Ch9,+0.480,19.531,1.6727,0.9552,beta,0
11,Ch10-Ch9,+0.480,25.635,1.1142,0.2201,beta,0
11,Ch10-Ch9,+0.480,31.738,1.3098,1.3675,low_gamma,0
11,Ch10-Ch9,+0.480,42.114,1.1898,1.1425,low_gamma,0
11,Ch10-Ch9,+0.480,48.828,1.0037,0.6291,low_gamma,0
11,Ch10-Ch9,+0.480,56.763,0.9828,0.6922,high_gamma,0
11,Ch10-Ch9,+0.480,69.580,1.6611,1.7263,high_gamma,0
11,Ch10-Ch9,+0.480,86.670,1.2416,1.0267,high_gamma,0
11,Ch11-Ch10,+0.630,4.883,1.6551,1.0834,theta,0
11,Ch11-Ch10,+0.630,8.545,1.3263,0.4175,alpha,0
11,Ch11-Ch10,+0.630,11.597,1.6591,1.0939,alpha,0
11,Ch11-Ch10,+0.630,16.479,1.7305,2.1457,beta,1
11,Ch11-Ch10,+0.630,19.531,1.4428,0.9501,beta,0
11,Ch11-Ch10,+0.630,26.855,0.8845,0.2682,beta,0
11,Ch11-Ch10,+0.630,31.738,1.1459,1.0794,low_gamma,0
11,Ch11-Ch10,+0.630,42.114,0.9830,1.1037,low_gamma,0
11,Ch11-Ch10,+0.630,48.828,0.9440,0.5318,low_gamma,0
11,Ch11-Ch10,+0.630,56.763,0.8099,1.0025,high_gamma,0
11,Ch11-Ch10,+0.630,69.580,1.3463,1.2557,high_gamma,0
11,Ch11-Ch10,+0.630,79.956,1.1560,1.0162,high_gamma,0
11,Ch11-Ch10,+0.630,96.436,0.8985,0.6667,high_gamma,0
11,Ch12-Ch11,+0.780,4.272,-0.2843,0.7353,theta,0
11,Ch12-Ch11,+0.780,6.714,-0.4081,0.1148,theta,0
11,Ch12-Ch11,+0.780,9.155,0.0104,0.7722,alpha,0
11,Ch12-Ch11,+0.780,12.817,0.6127,1.6046,alpha,0
11,Ch12-Ch11,+0.780,19.531,0.2725,0.6691,beta,0
11,Ch12-Ch11,+0.780,22.583,0.3161,0.7348,beta,0
11,Ch12-Ch11,+0.780,26.855,-0.3745,0.0816,beta,0
11,Ch12-Ch11,+0.780,32.959,0.3057,0.7620,low_gamma,0
11,Ch12-Ch11,+0.780,42.725,0.3240,1.3101,low_gamma,0
11,Ch12-Ch11,+0.780,51.880,0.2430,0.4197,high_gamma,0
11,Ch12-Ch11,+0.780,61.035,0.5960,1.5359,high_gamma,0
11,Ch12-Ch11,+0.780,75.684,0.7584,1.4203,high_gamma,1
11,Ch12-Ch11,+0.780,87.280,0.5424,1.0444,high_gamma,0
11,Ch13-Ch12,+0.930,4.883,2.0743,2.1688,theta,1
11,Ch13-Ch12,+0.930,9.155,1.5037,0.2736,alpha,0
11,Ch13-Ch12,+0.930,11.597,1.9926,0.9852,alpha,0
11,Ch13-Ch12,+0.930,15.869,1.7107,1.4753,beta,0
11,Ch13-Ch12,+0.930,19.531,1.3615,1.1604,beta,0
11,Ch13-Ch12,+0.930,26.855,1.3131,1.2981,beta,0
11,Ch13-Ch12,+0.930,31.738,1.0271,0.4432,low_gamma,0
11,Ch13-Ch12,+0.930,37.842,0.6713,0.7259,low_gamma,0
11,Ch13-Ch12,+0.930,43.945,1.0017,1.3309,low_gamma,0
11,Ch13-Ch12,+0.930,56.763,1.0862,1.7678,high_gamma,0
11,Ch13-Ch12,+0.930,72.632,1.1399,1.4403,high_gamma,0
11,Ch13-Ch12,+0.930,94.604,0.6462,0.5679,high_gamma,0
11,Ch14-Ch13,+1.080,4.883,2.2228,2.1038,theta,1
11,Ch14-Ch13,+1.080,9.155,1.6207,0.2395,alpha,0
11,Ch14-Ch13,+1.080,11.597,2.1304,0.9547,alpha,0
11,Ch14-Ch13,+1.080,15.869,1.8088,1.4154,beta,0
11,Ch14-Ch13,+1.080,19.531,1.4941,0.9449,beta,0
11,Ch14-Ch13,+1.080,26.855,1.4309,1.2215,beta,0
11,Ch14-Ch13,+1.080,31.738,1.0386,0.1904,low_gamma,0
11,Ch14-Ch13,+1.080,37.842,0.7498,0.7944,low_gamma,0
11,Ch14-Ch13,+1.080,43.945,1.1593,1.4378,low_gamma,0
11,Ch14-Ch13,+1.080,56.763,1.2216,1.5559,high_gamma,0
11,Ch14-Ch13,+1.080,72.632,1.2422,1.5215,high_gamma,0
11,Ch14-Ch13,+1.080,84.839,0.6867,0.6679,high_gamma,0
11,Ch14-Ch13,+1.080,98.267,0.4881,0.0679,high_gamma,0
11,Ch15-Ch14,+1.230,4.883,0.1977,1.1213,theta,0
11,Ch15-Ch14,+1.230,9.155,-0.1264,0.4777,alpha,0
11,Ch15-Ch14,+1.230,11.597,0.3183,1.9261,alpha,1
11,Ch15-Ch14,+1.230,15.869,0.1337,0.5493,beta,0
11,Ch15-Ch14,+1.230,19.531,-0.1585,0.4720,beta,0
11,Ch15-Ch14,+1.230,26.855,-0.0489,0.8316,beta,0
11,Ch15-Ch14,+1.230,37.231,-0.5470,0.7538,low_gamma,0
11,Ch15-Ch14,+1.230,44.556,-0.6349,0.0529,low_gamma,0
11,Ch15-Ch14,+1.230,51.270,-0.3605,0.6831,high_gamma,0
11,Ch15-Ch14,+1.230,60.425,-0.4860,0.4932,high_gamma,0
11,Ch15-Ch14,+1.230,76.904,-0.0565,1.2651,high_gamma,0
11,Ch15-Ch14,+1.230,91.553,-0.4204,0.6025,high_gamma,0
12,Ch1-Ch0,-0.865,3.052,-1.4330,0.1843,delta,0
12,Ch1-Ch0,-0.865,5.493,-0.7248,0.6279,theta,0
12,Ch1-Ch0,-0.865,7.324,-0.0836,0.3023,theta,0
12,Ch1-Ch0,-0.865,9.155,-0.0265,0.5799,alpha,0
12,Ch1-Ch0,-0.865,11.597,0.8100,2.6229,alpha,1
12,Ch1-Ch0,-0.865,15.869,0.7470,0.4159,beta,0
12,Ch1-Ch0,-0.865,19.531,0.2971,0.4084,beta,0
12,Ch1-Ch0,-0.865,25.024,-0.5680,0.6136,beta,0
12,Ch1-Ch0,-0.865,31.738,0.1350,1.5279,low_gamma,0
12,Ch1-Ch0,-0.865,39.062,-0.0970,0.7996,low_gamma,0
12,Ch1-Ch0,-0.865,47.607,-0.0700,1.3612,low_gamma,0
12,Ch1-Ch0,-0.865,59.814,0.1945,1.5002,high_gamma,0
12,Ch1-Ch0,-0.865,81.177,0.1404,1.1679,high_gamma,0
12,Ch1-Ch0,-0.865,95.825,-0.1883,0.5405,high_gamma,0
12,Ch2-Ch1,-0.715,3.052,-1.0222,0.2503,delta,0
12,Ch2-Ch1,-0.715,5.493,-0.4355,0.5951,theta,0
12,Ch2-Ch1,-0.715,7.324,0.3126,0.2717,theta,0
12,Ch2-Ch1,-0.715,9.155,0.3990,0.5807,alpha,0
12,Ch2-Ch1,-0.715,11.597,1.2670,2.6074,alpha,1
12,Ch2-Ch1,-0.715,15.869,1.2027,0.4049,beta,0
12,Ch2-Ch1,-0.715,19.531,0.7766,0.4646,beta,0
12,Ch2-Ch1,-0.715,25.024,-0.1033,0.5743,beta,0
12,Ch2-Ch1,-0.715,31.738,0.5732,1.5981,low_gamma,0
12,Ch2-Ch1,-0.715,39.062,0.3616,1.0751,low_gamma,0
12,Ch2-Ch1,-0.715,47.607,0.3522,0.7087,low_gamma,0
12,Ch2-Ch1,-0.715,59.814,0.6131,1.6646,high_gamma,0
12,Ch2-Ch1,-0.715,81.177,0.4886,1.1458,high_gamma,0
12,Ch2-Ch1,-0.715,95.825,0.1882,0.5253,high_gamma,0
12,Ch3-Ch2,-0.565,4.883,1.4261,0.9475,theta,0
12,Ch3-Ch2,-0.565,7.324,1.1453,0.2090,theta,0
12,Ch3-Ch2,-0.565,9.155,0.9575,0.4001,alpha,0
12,Ch3-Ch2,-0.565,11.597,1.5748,2.2864,alpha,1
12,Ch3-Ch2,-0.565,15.869,1.3962,0.7307,beta,0
12,Ch3-Ch2,-0.565,19.531,0.8206,0.1420,beta,0
12,Ch3-Ch2,-0.565,23.193,0.6748,0.4602,beta,0
12,Ch3-Ch2,-0.565,27.466,0.6491,0.8087,beta,0
12,Ch3-Ch2,-0.565,31.738,0.5817,0.2455,low_gamma,0
12,Ch3-Ch2,-0.565,39.673,0.5473,1.3778,low_gamma,0
12,Ch3-Ch2,-0.565,47.607,0.9495,2.0624,low_gamma,0
12,Ch3-Ch2,-0.565,56.763,0.3106,0.1497,high_gamma,0
12,Ch3-Ch2,-0.565,67.139,0.9467,1.7989,high_gamma,0
12,Ch3-Ch2,-0.565,86.060,0.9166,1.6634,high_gamma,0
12,Ch4-Ch3,-0.415,4.883,1.5600,1.9526,theta,1
12,Ch4-Ch3,-0.415,9.155,0.4317,0.4197,alpha,0
12,Ch4-Ch3,-0.415,12.817,0.7707,0.4242,alpha,0
12,Ch4-Ch3,-0.415,17.700,0.9944,1.4283,beta,0
12,Ch4-Ch3,-0.415,23.193,0.5881,0.8905,beta,0
12,Ch4-Ch3,-0.415,28.076,0.9019,1.2510,beta,0
12,Ch4-Ch3,-0.415,33.569,0.5459,0.1373,low_gamma,0
12,Ch4-Ch3,-0.415,39.062,0.8001,1.2222,low_gamma,0
12,Ch4-Ch3,-0.415,46.387,0.8208,1.2369,low_gamma,0
12,Ch4-Ch3,-0.415,59.814,1.2071,1.8432,high_gamma,0
12,Ch4-Ch3,-0.415,78.125,0.9169,1.1499,high_gamma,0
12,Ch4-Ch3,-0.415,93.384,1.2076,1.3340,high_gamma,0
12,Ch5-Ch4,-0.265,4.883,1.5209,1.7424,theta,1
12,Ch5-Ch4,-0.265,6.714,1.1922,0.1566,theta,0
12,Ch5-Ch4,-0.265,9.155,1.1072,0.2079,alpha,0
12,Ch5-Ch4,-0.265,10.986,0.5710,0.3600,alpha,0
12,Ch5-Ch4,-0.265,15.869,1.1317,0.3564,beta,0
12,Ch5-Ch4,-0.265,18.311,1.1617,1.2342,beta,0
12,Ch5-Ch4,-0.265,23.193,0.8855,0.8313,beta,0
12,Ch5-Ch4,-0.265,29.907,0.9459,1.0168,beta,0
12,Ch5-Ch4,-0.265,37.231,0.6924,0.5570,low_gamma,0
12,Ch5-Ch4,-0.265,46.387,1.0351,1.0890,low_gamma,0
12,Ch5-Ch4,-0.265,55.542,0.8627,0.8527,high_gamma,0
12,Ch5-Ch4,-0.265,67.139,1.1274,1.2792,high_gamma,0
12,Ch5-Ch4,-0.265,81.787,1.3656,1.5559,high_gamma,0
12,Ch5-Ch4,-0.265,95.215,0.9187,0.3915,high_gamma,0
12,Ch6-Ch5,-0.115,3.662,0.5256,0.0817,delta,0
12,Ch6-Ch5,-0.115,4.883,1.4035,1.0276,theta,0
12,Ch6-Ch5,-0.115,7.324,1.3005,0.8868,theta,0
12,Ch6-Ch5,-0.115,9.155,1.1652,0.0875,alpha,0
12,Ch6-Ch5,-0.115,14.648,1.7006,1.9286,beta,1
12,Ch6-Ch5,-0.115,18.311,1.3308,1.0052,beta,0
12,Ch6-Ch5,-0.115,23.193,0.4799,0.5454,beta,0
12,Ch6-Ch5,-0.115,29.907,1.1623,1.3813,beta,0
12,Ch6-Ch5,-0.115,43.335,1.1352,0.9728,low_gamma,0
12,Ch6-Ch5,-0.115,56.152,1.2200,0.9715,high_gamma,0
12,Ch6-Ch5,-0.115,73.242,1.4751,1.6835,high_gamma,0
12,Ch6-Ch5,-0.115,85.449,1.4197,0.8991,high_gamma,0
12,Ch6-Ch5,-0.115,98.877,0.8589,0.3275,high_gamma,0
12,Ch7-Ch6,+0.030,4.272,1.6547,1.5433,theta,1
12,Ch7-Ch6,+0.030,7.324,0.7226,0.1671,theta,0
12,Ch7-Ch6,+0.030,9.155,0.5830,0.2148,alpha,0
12,Ch7-Ch6,+0.030,14.648,1.5752,1.4163,beta,0
12,Ch7-Ch6,+0.030,20.142,1.1689,1.2802,beta,0
12,Ch7-Ch6,+0.030,26.245,0.6667,0.7738,beta,0
12,Ch7-Ch6,+0.030,37.231,0.9373,1.4003,low_gamma,0
12,Ch7-Ch6,+0.030,46.387,0.7520,1.0300,low_gamma,0
12,Ch7-Ch6,+0.030,55.542,1.0300,0.2192,high_gamma,0
12,Ch7-Ch6,+0.030,67.749,1.1341,0.8222,high_gamma,0
12,Ch7-Ch6,+0.030,78.125,1.4131,1.3049,high_gamma,0
12,Ch7-Ch6,+0.030,93.994,1.2505,0.9688,high_gamma,0
12,Ch8-Ch7,+0.180,1.831,0.3097,0.2990,delta,0
12,Ch8-Ch7,+0.180,4.272,1.8516,1.8898,theta,1
12,Ch8-Ch7,+0.180,9.155,1.1883,0.5160,alpha,0
12,Ch8-Ch7,+0.180,11.597,1.2539,0.0948,alpha,0
12,Ch8-Ch7,+0.180,15.869,1.6518,1.7343,beta,0
12,Ch8-Ch7,+0.180,20.142,1.3807,0.7080,beta,0
12,Ch8-Ch7,+0.180,26.245,1.0969,0.7827,beta,0
12,Ch8-Ch7,+0.180,32.349,0.9498,0.5862,low_gamma,0
12,Ch8-Ch7,+0.180,37.231,1.2196,1.2441,low_gamma,0
12,Ch8-Ch7,+0.180,46.387,0.9760,0.6297,low_gamma,0
12,Ch8-Ch7,+0.180,55.542,1.1793,1.0268,high_gamma,0
12,Ch8-Ch7,+0.180,68.970,1.1490,0.8809,high_gamma,0
12,Ch8-Ch7,+0.180,81.177,1.4966,1.4717,high_gamma,0
12,Ch8-Ch7,+0.180,95.215,1.0406,0.7806,high_gamma,0
12,Ch9-Ch8,+0.330,3.052,0.1768,0.0933,delta,0
12,Ch9-Ch8,+0.330,4.883,1.2445,1.1559,theta,0
12,Ch9-Ch8,+0.330,7.324,1.1356,0.0632,theta,0
12,Ch9-Ch8,+0.330,9.155,1.1891,0.5859,alpha,0
12,Ch9-Ch8,+0.330,11.597,1.4014,0.2391,alpha,0
12,Ch9-Ch8,+0.330,14.648,1.7778,2.2934,beta,1
12,Ch9-Ch8,+0.330,18.311,1.0931,0.1071,beta,0
12,Ch9-Ch8,+0.330,21.973,0.9492,0.5417,beta,0
12,Ch9-Ch8,+0.330,27.466,0.8991,0.9117,beta,0
12,Ch9-Ch8,+0.330,33.569,0.9342,1.0416,low_gamma,0
12,Ch9-Ch8,+0.330,39.673,0.6645,0.4350,low_gamma,0
12,Ch9-Ch8,+0.330,46.387,0.8630,1.0675,low_gamma,0
12,Ch9-Ch8,+0.330,55.542,0.9534,0.6609,high_gamma,0
12,Ch9-Ch8,+0.330,66.528,1.2322,0.8693,high_gamma,0
12,Ch9-Ch8,+0.330,81.787,1.4522,1.6924,high_gamma,0
12,Ch9-Ch8,+0.330,94.604,1.0592,1.0877,high_gamma,0
12,Ch10-Ch9,+0.480,4.883,1.8430,2.0740,theta,1
12,Ch10-Ch9,+0.480,6.714,1.5709,0.0871,theta,0
12,Ch10-Ch9,+0.480,10.986,1.7618,1.4504,alpha,0
12,Ch10-Ch9,+0.480,14.038,1.5708,1.6032,beta,0
12,Ch10-Ch9,+0.480,16.479,1.4489,0.0953,beta,0
12,Ch10-Ch9,+0.480,19.531,1.5485,0.6560,beta,0
12,Ch10-Ch9,+0.480,25.024,0.6187,0.5844,beta,0
12,Ch10-Ch9,+0.480,29.297,0.6183,0.5627,beta,0
12,Ch10-Ch9,+0.480,34.180,1.2549,1.5075,low_gamma,0
12,Ch10-Ch9,+0.480,40.894,1.0542,1.0343,low_gamma,0
12,Ch10-Ch9,+0.480,47.607,1.2684,0.9028,low_gamma,0
12,Ch10-Ch9,+0.480,58.594,1.3861,0.9278,high_gamma,0
12,Ch10-Ch9,+0.480,68.970,0.9583,0.2115,high_gamma,0
12,Ch10-Ch9,+0.480,81.177,1.6744,1.9226,high_gamma,0
12,Ch10-Ch9,+0.480,98.267,0.8243,0.6385,high_gamma,0
12,Ch11-Ch10,+0.630,4.883,1.6662,2.0743,theta,1
12,Ch11-Ch10,+0.630,6.714,1.3958,0.0990,theta,0
12,Ch11-Ch10,+0.630,10.986,1.6450,1.4832,alpha,0
12,Ch11-Ch10,+0.630,13.428,1.3530,0.5499,beta,0
12,Ch11-Ch10,+0.630,17.700,1.3784,1.6900,beta,0
12,Ch11-Ch10,+0.630,20.752,1.2905,0.6236,beta,0
12,Ch11-Ch10,+0.630,25.024,0.4293,0.1971,beta,0
12,Ch11-Ch10,+0.630,29.297,0.5256,0.8814,beta,0
12,Ch11-Ch10,+0.630,34.180,1.0995,1.4427,low_gamma,0
12,Ch11-Ch10,+0.630,40.894,0.9728,1.1446,low_gamma,0
12,Ch11-Ch10,+0.630,47.607,0.9191,0.8902,low_gamma,0
12,Ch11-Ch10,+0.630,58.594,1.1161,1.0499,high_gamma,0
12,Ch11-Ch10,+0.630,68.359,0.9345,0.4314,high_gamma,0
12,Ch11-Ch10,+0.630,81.177,1.4124,1.7798,high_gamma,0
12,Ch11-Ch10,+0.630,95.215,0.3151,0.8064,high_gamma,0
12,Ch12-Ch11,+0.780,3.052,-1.1454,0.3415,delta,0
12,Ch12-Ch11,+0.780,4.883,0.4506,1.6195,theta,0
12,Ch12-Ch11,+0.780,8.545,-0.4934,0.4647,alpha,0
12,Ch12-Ch11,+0.780,10.986,0.0176,0.5909,alpha,0
12,Ch12-Ch11,+0.780,14.038,0.4239,1.4516,beta,0
12,Ch12-Ch11,+0.780,19.531,0.0495,0.6403,beta,0
12,Ch12-Ch11,+0.780,27.466,0.1262,0.8716,beta,0
12,Ch12-Ch11,+0.780,33.569,0.1271,1.1363,low_gamma,0
12,Ch12-Ch11,+0.780,43.945,-0.0888,0.7270,low_gamma,0
12,Ch12-Ch11,+0.780,58.594,0.2790,1.0809,high_gamma,0
12,Ch12-Ch11,+0.780,68.359,0.6140,1.1091,high_gamma,0
12,Ch12-Ch11,+0.780,81.787,0.8680,1.9391,high_gamma,1
12,Ch12-Ch11,+0.780,95.215,0.2546,1.1479,high_gamma,0
12,Ch13-Ch12,+0.930,4.883,2.2635,2.3329,theta,1
12,Ch13-Ch12,+0.930,6.714,1.8915,0.0531,theta,0
12,Ch13-Ch12,+0.930,9.155,1.2725,0.1349,alpha,0
12,Ch13-Ch12,+0.930,10.986,1.9923,1.1684,alpha,0
12,Ch13-Ch12,+0.930,14.648,1.6902,0.7752,beta,0
12,Ch13-Ch12,+0.930,19.531,1.4931,0.9431,beta,0
12,Ch13-Ch12,+0.930,24.414,1.0804,0.9580,beta,0
12,Ch13-Ch12,+0.930,29.907,-0.1264,0.3048,beta,0
12,Ch13-Ch12,+0.930,39.062,0.9247,1.5391,low_gamma,0
12,Ch13-Ch12,+0.930,47.607,0.8092,1.0231,low_gamma,0
12,Ch13-Ch12,+0.930,64.087,0.8384,1.0267,high_gamma,0
12,Ch13-Ch12,+0.930,81.177,1.2061,1.4354,high_gamma,0
12,Ch13-Ch12,+0.930,97.656,0.7688,0.6914,high_gamma,0
12,Ch14-Ch13,+1.080,4.883,2.3976,2.3249,theta,1
12,Ch14-Ch13,+1.080,6.714,2.0264,0.0558,theta,0
12,Ch14-Ch13,+1.080,9.155,1.3832,0.0884,alpha,0
12,Ch14-Ch13,+1.080,10.986,2.1244,1.2278,alpha,0
12,Ch14-Ch13,+1.080,14.648,1.8352,0.7532,beta,0
12,Ch14-Ch13,+1.080,19.531,1.6215,0.9105,beta,0
12,Ch14-Ch13,+1.080,24.414,1.2308,0.9631,beta,0
12,Ch14-Ch13,+1.080,29.907,-0.0198,0.3405,beta,0
12,Ch14-Ch13,+1.080,39.062,0.9902,1.5255,low_gamma,0
12,Ch14-Ch13,+1.080,47.607,0.9801,1.4425,low_gamma,0
12,Ch14-Ch13,+1.080,56.152,0.6096,0.1363,high_gamma,0
12,Ch14-Ch13,+1.080,64.697,0.7836,1.0022,high_gamma,0
12,Ch14-Ch13,+1.080,81.177,1.1142,1.7839,high_gamma,0
12,Ch14-Ch13,+1.080,97.656,0.7710,0.6538,high_gamma,0
12,Ch15-Ch14,+1.230,4.883,0.3512,2.3243,theta,1
12,Ch15-Ch14,+1.230,10.986,0.3164,1.1228,alpha,0
12,Ch15-Ch14,+1.230,14.648,0.2210,1.5588,beta,0
12,Ch15-Ch14,+1.230,19.531,0.1018,0.7419,beta,0
12,Ch15-Ch14,+1.230,24.414,-0.2211,1.0119,beta,0
12,Ch15-Ch14,+1.230,34.180,-0.2461,1.2471,low_gamma,0
12,Ch15-Ch14,+1.230,40.894,-0.5172,0.3518,low_gamma,0
12,Ch15-Ch14,+1.230,47.607,-0.6002,0.4602,low_gamma,0
12,Ch15-Ch14,+1.230,58.594,-0.4391,1.0175,high_gamma,0
12,Ch15-Ch14,+1.230,77.515,-0.0404,1.7515,high_gamma,0
12,Ch15-Ch14,+1.230,90.942,-0.3035,0.8179,high_gamma,0
13,Ch1-Ch0,-0.865,4.883,-0.3702,1.2965,theta,0
13,Ch1-Ch0,-0.865,6.714,-0.7616,0.2849,theta,0
13,Ch1-Ch0,-0.865,9.766,-0.1851,0.2294,alpha,0
13,Ch1-Ch0,-0.865,13.428,0.6618,2.2205,beta,1
13,Ch1-Ch0,-0.865,18.311,0.1266,0.3392,beta,0
13,Ch1-Ch0,-0.865,24.414,0.1200,0.7954,beta,0
13,Ch1-Ch0,-0.865,31.128,-0.1731,0.7567,low_gamma,0
13,Ch1-Ch0,-0.865,42.114,-0.1238,1.2138,low_gamma,0
13,Ch1-Ch0,-0.865,54.932,0.2348,0.7947,high_gamma,0
13,Ch1-Ch0,-0.865,65.918,0.4212,1.7311,high_gamma,0
13,Ch1-Ch0,-0.865,83.618,-0.0430,0.8658,high_gamma,0
13,Ch1-Ch0,-0.865,97.656,-0.5889,0.0861,high_gamma,0
13,Ch2-Ch1,-0.715,4.883,-0.0627,1.3179,theta,0
13,Ch2-Ch1,-0.715,6.714,-0.3577,0.1964,theta,0
13,Ch2-Ch1,-0.715,9.766,0.2632,0.2571,alpha,0
13,Ch2-Ch1,-0.715,13.428,1.1321,2.0309,beta,1
13,Ch2-Ch1,-0.715,18.311,0.5641,0.3204,beta,0
13,Ch2-Ch1,-0.715,24.414,0.5913,0.9025,beta,0
13,Ch2-Ch1,-0.715,31.128,0.2219,0.7175,low_gamma,0
13,Ch2-Ch1,-0.715,42.114,0.2855,1.0547,low_gamma,0
13,Ch2-Ch1,-0.715,56.152,0.6235,0.7290,high_gamma,0
13,Ch2-Ch1,-0.715,65.918,0.9449,1.7149,high_gamma,0
13,Ch2-Ch1,-0.715,83.618,0.4277,0.7822,high_gamma,0
13,Ch3-Ch2,-0.565,3.052,0.0059,0.1964,delta,0
13,Ch3-Ch2,-0.565,4.883,1.4051,1.7579,theta,1
13,Ch3-Ch2,-0.565,6.714,0.4314,0.1803,theta,0
13,Ch3-Ch2,-0.565,9.766,0.9049,0.3275,alpha,0
13,Ch3-Ch2,-0.565,11.597,0.8992,0.2592,alpha,0
13,Ch3-Ch2,-0.565,15.259,0.9244,0.8529,beta,0
13,Ch3-Ch2,-0.565,18.311,0.8576,0.6812,beta,0
13,Ch3-Ch2,-0.565,24.414,0.5811,0.7850,beta,0
13,Ch3-Ch2,-0.565,33.569,0.5120,0.9535,low_gamma,0
13,Ch3-Ch2,-0.565,44.556,0.5240,0.9479,low_gamma,0
13,Ch3-Ch2,-0.565,56.152,0.6695,0.9947,high_gamma,0
13,Ch3-Ch2,-0.565,65.918,1.0995,1.8676,high_gamma,0
13,Ch3-Ch2,-0.565,79.956,0.8693,1.4255,high_gamma,0
13,Ch3-Ch2,-0.565,97.656,0.0046,0.6747,high_gamma,0
13,Ch4-Ch3,-0.415,2.441,0.1122,0.0893,delta,0
13,Ch4-Ch3,-0.415,4.883,1.4688,1.5326,theta,1
13,Ch4-Ch3,-0.415,9.766,0.6781,0.6513,alpha,0
13,Ch4-Ch3,-0.415,13.428,0.8978,1.8257,beta,0
13,Ch4-Ch3,-0.415,18.311,0.6494,0.7530,beta,0
13,Ch4-Ch3,-0.415,24.414,0.6737,0.8634,beta,0
13,Ch4-Ch3,-0.415,31.128,0.8021,1.2609,low_gamma,0
13,Ch4-Ch3,-0.415,37.842,0.8376,1.2601,low_gamma,0
13,Ch4-Ch3,-0.415,45.166,0.3332,0.0722,low_gamma,0
13,Ch4-Ch3,-0.415,54.932,1.0861,1.6513,high_gamma,0
13,Ch4-Ch3,-0.415,66.528,1.3069,2.5671,high_gamma,0
13,Ch4-Ch3,-0.415,83.618,1.1997,1.1149,high_gamma,0
13,Ch4-Ch3,-0.415,98.267,0.4832,0.2544,high_gamma,0
13,Ch5-Ch4,-0.265,4.883,1.4663,1.7143,theta,0
13,Ch5-Ch4,-0.265,9.766,0.7419,0.7835,alpha,0
13,Ch5-Ch4,-0.265,12.207,0.6224,0.3418,alpha,0
13,Ch5-Ch4,-0.265,14.648,1.3119,1.4313,beta,0
13,Ch5-Ch4,-0.265,18.311,1.0160,1.0075,beta,0
13,Ch5-Ch4,-0.265,24.414,0.6658,0.9899,beta,0
13,Ch5-Ch4,-0.265,31.128,1.0329,1.1682,low_gamma,0
13,Ch5-Ch4,-0.265,38.452,0.9263,0.9893,low_gamma,0
13,Ch5-Ch4,-0.265,44.556,0.7001,0.5236,low_gamma,0
13,Ch5-Ch4,-0.265,54.932,1.2125,1.5323,high_gamma,0
13,Ch5-Ch4,-0.265,70.190,1.5486,1.7799,high_gamma,1
13,Ch5-Ch4,-0.265,86.670,0.9832,0.9184,high_gamma,0
13,Ch6-Ch5,-0.115,4.883,1.6895,2.0605,theta,1
13,Ch6-Ch5,-0.115,8.545,1.1196,0.4202,alpha,0
13,Ch6-Ch5,-0.115,12.207,1.3358,0.1698,alpha,0
13,Ch6-Ch5,-0.115,14.648,1.6009,1.3356,beta,0
13,Ch6-Ch5,-0.115,18.311,0.9929,0.4171,beta,0
13,Ch6-Ch5,-0.115,21.362,0.8591,0.3249,beta,0
13,Ch6-Ch5,-0.115,26.245,0.3016,0.1431,beta,0
13,Ch6-Ch5,-0.115,31.738,0.8982,1.0697,low_gamma,0
13,Ch6-Ch5,-0.115,38.452,1.2335,1.6788,low_gamma,0
13,Ch6-Ch5,-0.115,45.776,0.8418,0.5540,low_gamma,0
13,Ch6-Ch5,-0.115,53.101,1.0457,1.0313,high_gamma,0
13,Ch6-Ch5,-0.115,62.256,0.9629,0.1980,high_gamma,0
13,Ch6-Ch5,-0.115,75.073,1.4195,1.5164,high_gamma,0
13,Ch6-Ch5,-0.115,89.722,0.8091,0.5809,high_gamma,0
13,Ch7-Ch6,+0.030,1.831,0.1047,0.2557,delta,0
13,Ch7-Ch6,+0.030,4.883,1.8169,1.9913,theta,1
13,Ch7-Ch6,+0.030,7.935,0.4517,0.1026,theta,0
13,Ch7-Ch6,+0.030,9.766,0.5557,0.4530,alpha,0
13,Ch7-Ch6,+0.030,15.259,1.2851,0.8895,beta,0
13,Ch7-Ch6,+0.030,17.700,1.3189,1.4949,beta,0
13,Ch7-Ch6,+0.030,20.752,0.8893,0.4586,beta,0
13,Ch7-Ch6,+0.030,27.466,0.9935,1.2351,beta,0
13,Ch7-Ch6,+0.030,34.790,0.8512,0.9756,low_gamma,0
13,Ch7-Ch6,+0.030,41.504,0.7012,0.6576,low_gamma,0
13,Ch7-Ch6,+0.030,51.270,0.7351,0.8531,high_gamma,0
13,Ch7-Ch6,+0.030,59.204,0.3735,0.0520,high_gamma,0
13,Ch7-Ch6,+0.030,69.580,1.4550,1.7427,high_gamma,0
13,Ch7-Ch6,+0.030,85.449,1.2261,1.0210,high_gamma,0
13,Ch8-Ch7,+0.180,4.883,1.8313,1.8631,theta,1
13,Ch8-Ch7,+0.180,7.324,0.6596,0.1402,theta,0
13,Ch8-Ch7,+0.180,9.155,0.5629,0.1295,alpha,0
13,Ch8-Ch7,+0.180,14.648,1.5113,0.5797,beta,0
13,Ch8-Ch7,+0.180,17.700,1.5207,1.4573,beta,0
13,Ch8-Ch7,+0.180,28.076,1.1233,0.9955,beta,0
13,Ch8-Ch7,+0.180,38.452,0.6720,0.6703,low_gamma,0
13,Ch8-Ch7,+0.180,45.776,1.2226,1.2361,low_gamma,0
13,Ch8-Ch7,+0.180,56.152,1.1298,0.7783,high_gamma,0
13,Ch8-Ch7,+0.180,70.190,1.7826,1.7702,high_gamma,0
13,Ch8-Ch7,+0.180,88.501,1.0908,0.8164,high_gamma,0
13,Ch9-Ch8,+0.330,4.883,1.4492,1.0895,theta,0
13,Ch9-Ch8,+0.330,9.766,0.9435,0.5522,alpha,0
13,Ch9-Ch8,+0.330,14.648,1.6737,2.0328,beta,0
13,Ch9-Ch8,+0.330,19.531,0.8635,0.3065,beta,0
13,Ch9-Ch8,+0.330,23.804,0.6708,0.9955,beta,0
13,Ch9-Ch8,+0.330,28.687,0.9400,0.7804,beta,0
13,Ch9-Ch8,+0.330,38.452,1.1091,1.4655,low_gamma,0
13,Ch9-Ch8,+0.330,45.166,0.3180,0.4958,low_gamma,0
13,Ch9-Ch8,+0.330,54.932,1.1640,0.7868,high_gamma,0
13,Ch9-Ch8,+0.330,70.190,1.7730,2.0339,high_gamma,1
13,Ch9-Ch8,+0.330,89.111,1.0116,0.7444,high_gamma,0
13,Ch10-Ch9,+0.480,2.441,0.5320,0.3607,delta,0
13,Ch10-Ch9,+0.480,4.883,1.6250,0.9351,theta,0
13,Ch10-Ch9,+0.480,9.766,1.6599,2.0470,alpha,1
13,Ch10-Ch9,+0.480,12.207,1.3196,0.2632,alpha,0
13,Ch10-Ch9,+0.480,17.090,1.5797,1.1771,beta,0
13,Ch10-Ch9,+0.480,20.142,1.1033,0.2619,beta,0
13,Ch10-Ch9,+0.480,27.466,1.5425,1.3457,beta,0
13,Ch10-Ch9,+0.480,33.569,1.0782,1.0579,low_gamma,0
13,Ch10-Ch9,+0.480,45.776,1.2540,1.0842,low_gamma,0
13,Ch10-Ch9,+0.480,54.321,1.1372,0.8569,high_gamma,0
13,Ch10-Ch9,+0.480,62.866,0.8609,0.2073,high_gamma,0
13,Ch10-Ch9,+0.480,76.294,1.6184,1.6598,high_gamma,0
13,Ch10-Ch9,+0.480,91.553,1.3477,1.1263,high_gamma,0
13,Ch11-Ch10,+0.630,2.441,0.3636,0.3489,delta,0
13,Ch11-Ch10,+0.630,4.883,1.3793,0.8239,theta,0
13,Ch11-Ch10,+0.630,9.766,1.5507,2.1839,alpha,1
13,Ch11-Ch10,+0.630,12.207,1.1078,0.2488,alpha,0
13,Ch11-Ch10,+0.630,17.090,1.4764,1.3706,beta,0
13,Ch11-Ch10,+0.630,20.142,0.9401,0.2259,beta,0
13,Ch11-Ch10,+0.630,23.804,0.8003,0.2892,beta,0
13,Ch11-Ch10,+0.630,27.466,1.3001,1.3907,beta,0
13,Ch11-Ch10,+0.630,36.011,0.9190,0.8660,low_gamma,0
13,Ch11-Ch10,+0.630,45.776,1.0522,1.2746,low_gamma,0
13,Ch11-Ch10,+0.630,54.321,1.1690,1.4076,high_gamma,0
13,Ch11-Ch10,+0.630,63.477,0.9129,1.1168,high_gamma,0
13,Ch11-Ch10,+0.630,76.294,1.3607,1.8746,high_gamma,0
13,Ch11-Ch10,+0.630,91.553,1.0180,0.5602,high_gamma,0
13,Ch12-Ch11,+0.780,2.441,-0.9037,0.1282,delta,0
13,Ch12-Ch11,+0.780,4.883,0.5975,2.1307,theta,0
13,Ch12-Ch11,+0.780,9.155,0.2861,1.0763,alpha,0
13,Ch12-Ch11,+0.780,13.428,0.3497,1.1436,beta,0
13,Ch12-Ch11,+0.780,16.479,0.3147,0.5002,beta,0
13,Ch12-Ch11,+0.780,23.804,0.0622,0.7596,beta,0
13,Ch12-Ch11,+0.780,28.076,0.0791,1.1108,beta,0
13,Ch12-Ch11,+0.780,36.011,0.3667,1.1951,low_gamma,0
13,Ch12-Ch11,+0.780,43.335,-0.2581,0.4894,low_gamma,0
13,Ch12-Ch11,+0.780,51.880,0.3115,0.3442,high_gamma,0
13,Ch12-Ch11,+0.780,62.256,0.5372,1.9143,high_gamma,0
13,Ch12-Ch11,+0.780,75.684,0.8210,2.0120,high_gamma,1
13,Ch12-Ch11,+0.780,92.773,0.2597,1.1424,high_gamma,0
13,Ch13-Ch12,+0.930,2.441,0.2746,0.0671,delta,0
13,Ch13-Ch12,+0.930,4.883,2.2397,2.2033,theta,1
13,Ch13-Ch12,+0.930,9.766,1.8840,1.2024,alpha,0
13,Ch13-Ch12,+0.930,12.207,1.2962,0.1399,alpha,0
13,Ch13-Ch12,+0.930,16.479,1.4370,0.9857,beta,0
13,Ch13-Ch12,+0.930,20.142,0.9124,0.1778,beta,0
13,Ch13-Ch12,+0.930,23.193,1.0782,0.9346,beta,0
13,Ch13-Ch12,+0.930,27.466,1.0490,1.2407,beta,0
13,Ch13-Ch12,+0.930,33.569,0.4149,0.3991,low_gamma,0
13,Ch13-Ch12,+0.930,40.283,0.9226,1.1637,low_gamma,0
13,Ch13-Ch12,+0.930,46.387,0.6301,0.6353,low_gamma,0
13,Ch13-Ch12,+0.930,54.321,0.9864,1.3058,high_gamma,0
13,Ch13-Ch12,+0.930,73.242,1.1064,1.2119,high_gamma,0
13,Ch13-Ch12,+0.930,92.773,0.8618,0.9336,high_gamma,0
13,Ch14-Ch13,+1.080,4.883,2.3815,2.2082,theta,1
13,Ch14-Ch13,+1.080,9.766,1.9982,1.2121,alpha,0
13,Ch14-Ch13,+1.080,12.207,1.4329,0.1633,alpha,0
13,Ch14-Ch13,+1.080,15.259,1.5481,0.8881,beta,0
13,Ch14-Ch13,+1.080,18.311,1.1199,0.2057,beta,0
13,Ch14-Ch13,+1.080,23.193,1.2251,1.0622,beta,0
13,Ch14-Ch13,+1.080,27.466,1.1217,0.9821,beta,0
13,Ch14-Ch13,+1.080,34.180,0.5133,0.2228,low_gamma,0
13,Ch14-Ch13,+1.080,40.283,1.0179,1.7087,low_gamma,0
13,Ch14-Ch13,+1.080,54.321,0.9708,1.1896,high_gamma,0
13,Ch14-Ch13,+1.080,73.242,1.1783,1.5226,high_gamma,0
13,Ch14-Ch13,+1.080,92.773,0.9476,1.1094,high_gamma,0
13,Ch15-Ch14,+1.230,3.052,-1.2893,0.2836,delta,0
13,Ch15-Ch14,+1.230,4.883,0.4632,2.3487,theta,1
13,Ch15-Ch14,+1.230,9.766,0.2521,1.4213,alpha,0
13,Ch15-Ch14,+1.230,12.207,-0.0579,0.5384,alpha,0
13,Ch15-Ch14,+1.230,15.259,-0.1383,0.2669,beta,0
13,Ch15-Ch14,+1.230,18.311,-0.2900,0.6028,beta,0
13,Ch15-Ch14,+1.230,26.245,-0.2830,0.9551,beta,0
13,Ch15-Ch14,+1.230,32.959,-0.8225,1.0246,low_gamma,0
13,Ch15-Ch14,+1.230,40.283,-0.6966,0.2056,low_gamma,0
13,Ch15-Ch14,+1.230,46.387,-0.5380,0.5148,low_gamma,0
13,Ch15-Ch14,+1.230,54.321,-0.3734,0.8182,high_gamma,0
13,Ch15-Ch14,+1.230,67.139,-0.1025,1.5816,high_gamma,0
13,Ch15-Ch14,+1.230,78.125,-0.3880,0.2313,high_gamma,0
13,Ch15-Ch14,+1.230,92.163,-0.0341,1.2518,high_gamma,0
14,Ch1-Ch0,-0.865,3.052,-1.1114,0.5573,delta,0
14,Ch1-Ch0,-0.865,4.883,-0.5734,0.4882,theta,0
14,Ch1-Ch0,-0.865,6.714,-0.5430,0.5736,theta,0
14,Ch1-Ch0,-0.865,10.376,0.3151,0.5919,alpha,0
14,Ch1-Ch0,-0.865,13.428,1.1605,3.1294,beta,1
14,Ch1-Ch0,-0.865,17.700,0.2042,0.2677,beta,0
14,Ch1-Ch0,-0.865,21.362,0.2923,1.1586,beta,0
14,Ch1-Ch0,-0.865,26.855,0.2021,1.3060,beta,0
14,Ch1-Ch0,-0.865,31.738,-0.5907,0.1442,low_gamma,0
14,Ch1-Ch0,-0.865,36.621,-0.2196,0.9260,low_gamma,0
14,Ch1-Ch0,-0.865,48.218,-0.3544,0.9684,low_gamma,0
14,Ch1-Ch0,-0.865,60.425,0.3771,2.1541,high_gamma,0
14,Ch1-Ch0,-0.865,70.190,0.3151,1.9827,high_gamma,0
14,Ch1-Ch0,-0.865,87.280,0.0867,0.8940,high_gamma,0
14,Ch2-Ch1,-0.715,3.052,-0.6986,0.6084,delta,0
14,Ch2-Ch1,-0.715,4.883,-0.2325,0.5068,theta,0
14,Ch2-Ch1,-0.715,6.714,-0.1614,0.5582,theta,0
14,Ch2-Ch1,-0.715,10.376,0.7650,0.5910,alpha,0
14,Ch2-Ch1,-0.715,13.428,1.6316,3.1608,beta,1
14,Ch2-Ch1,-0.715,17.700,0.6599,0.2720,beta,0
14,Ch2-Ch1,-0.715,21.362,0.7276,1.2538,beta,0
14,Ch2-Ch1,-0.715,26.855,0.6468,1.2494,beta,0
14,Ch2-Ch1,-0.715,34.180,0.1664,0.9410,low_gamma,0
14,Ch2-Ch1,-0.715,48.218,0.0483,0.9173,low_gamma,0
14,Ch2-Ch1,-0.715,60.425,0.8349,1.5543,high_gamma,0
14,Ch2-Ch1,-0.715,70.190,0.8374,2.4054,high_gamma,0
14,Ch2-Ch1,-0.715,81.177,0.5542,0.6334,high_gamma,0
14,Ch2-Ch1,-0.715,94.604,0.3827,0.8256,high_gamma,0
14,Ch3-Ch2,-0.565,4.883,1.1293,1.3131,theta,0
14,Ch3-Ch2,-0.565,10.376,0.9291,0.6023,alpha,0
14,Ch3-Ch2,-0.565,13.428,1.4999,2.2717,beta,1
14,Ch3-Ch2,-0.565,17.700,0.8429,0.1640,beta,0
14,Ch3-Ch2,-0.565,21.362,0.9799,1.1522,beta,0
14,Ch3-Ch2,-0.565,29.907,0.9631,1.9052,beta,0
14,Ch3-Ch2,-0.565,36.621,0.6279,0.9401,low_gamma,0
14,Ch3-Ch2,-0.565,45.166,0.7912,0.9225,low_gamma,0
14,Ch3-Ch2,-0.565,54.932,1.0447,1.6405,high_gamma,0
14,Ch3-Ch2,-0.565,70.190,1.0108,1.0041,high_gamma,0
14,Ch3-Ch2,-0.565,86.670,1.0069,1.0556,high_gamma,0
14,Ch4-Ch3,-0.415,4.883,1.1735,1.8785,theta,0
14,Ch4-Ch3,-0.415,9.155,0.8730,0.9686,alpha,0
14,Ch4-Ch3,-0.415,13.428,1.1054,1.7989,beta,0
14,Ch4-Ch3,-0.415,15.869,0.2723,0.2489,beta,0
14,Ch4-Ch3,-0.415,20.142,0.7337,1.1726,beta,0
14,Ch4-Ch3,-0.415,25.024,0.5865,0.5283,beta,0
14,Ch4-Ch3,-0.415,29.297,0.4491,0.3443,beta,0
14,Ch4-Ch3,-0.415,34.180,0.9725,1.4235,low_gamma,0
14,Ch4-Ch3,-0.415,44.556,0.6863,0.6906,low_gamma,0
14,Ch4-Ch3,-0.415,51.880,1.2162,1.2312,high_gamma,0
14,Ch4-Ch3,-0.415,60.425,1.2086,1.0249,high_gamma,0
14,Ch4-Ch3,-0.415,78.735,1.4790,1.5769,high_gamma,1
14,Ch4-Ch3,-0.415,95.215,1.0024,1.0068,high_gamma,0
14,Ch5-Ch4,-0.265,4.883,1.3851,1.8085,theta,0
14,Ch5-Ch4,-0.265,7.935,0.7682,0.6482,theta,0
14,Ch5-Ch4,-0.265,10.376,0.9932,0.6482,alpha,0
14,Ch5-Ch4,-0.265,13.428,0.9200,0.3407,beta,0
14,Ch5-Ch4,-0.265,17.090,1.1481,1.4355,beta,0
14,Ch5-Ch4,-0.265,25.024,0.6283,0.6616,beta,0
14,Ch5-Ch4,-0.265,34.180,1.1653,1.5879,low_gamma,0
14,Ch5-Ch4,-0.265,40.283,0.4661,0.8569,low_gamma,0
14,Ch5-Ch4,-0.265,51.880,1.3536,1.2593,high_gamma,0
14,Ch5-Ch4,-0.265,60.425,1.4894,1.4243,high_gamma,1
14,Ch5-Ch4,-0.265,73.853,1.4867,1.0851,high_gamma,0
14,Ch5-Ch4,-0.265,86.670,1.1609,1.0197,high_gamma,0
14,Ch6-Ch5,-0.115,2.441,0.3717,0.4331,delta,0
14,Ch6-Ch5,-0.115,4.883,1.4857,1.1549,theta,0
14,Ch6-Ch5,-0.115,6.714,0.8050,0.2636,theta,0
14,Ch6-Ch5,-0.115,10.376,1.3888,0.2965,alpha,0
14,Ch6-Ch5,-0.115,12.207,1.7907,2.0129,alpha,1
14,Ch6-Ch5,-0.115,17.090,1.4214,0.3904,beta,0
14,Ch6-Ch5,-0.115,21.362,1.2075,0.9992,beta,0
14,Ch6-Ch5,-0.115,27.466,0.6155,0.7428,beta,0
14,Ch6-Ch5,-0.115,34.180,1.0708,1.4916,low_gamma,0
14,Ch6-Ch5,-0.115,42.114,0.4337,0.3110,low_gamma,0
14,Ch6-Ch5,-0.115,51.270,1.2423,1.0012,high_gamma,0
14,Ch6-Ch5,-0.115,59.814,1.5596,0.8724,high_gamma,0
14,Ch6-Ch5,-0.115,73.853,1.6361,1.4697,high_gamma,0
14,Ch6-Ch5,-0.115,86.670,1.3788,1.0286,high_gamma,0
14,Ch7-Ch6,+0.030,4.272,1.3416,1.4545,theta,0
14,Ch7-Ch6,+0.030,7.324,0.4475,0.1506,theta,0
14,Ch7-Ch6,+0.030,9.155,1.0518,1.1428,alpha,0
14,Ch7-Ch6,+0.030,13.428,1.6301,2.0704,beta,1
14,Ch7-Ch6,+0.030,18.921,1.2821,1.0102,beta,0
14,Ch7-Ch6,+0.030,23.193,0.9003,0.6015,beta,0
14,Ch7-Ch6,+0.030,31.128,0.8342,0.6135,low_gamma,0
14,Ch7-Ch6,+0.030,39.673,1.0224,0.9565,low_gamma,0
14,Ch7-Ch6,+0.030,50.659,0.9633,1.1604,high_gamma,0
14,Ch7-Ch6,+0.030,60.425,1.1543,1.4749,high_gamma,0
14,Ch7-Ch6,+0.030,75.684,1.2581,1.6534,high_gamma,0
14,Ch7-Ch6,+0.030,94.604,0.9354,0.8427,high_gamma,0
14,Ch8-Ch7,+0.180,4.272,1.5322,1.0748,theta,0
14,Ch8-Ch7,+0.180,6.714,0.9214,0.3343,theta,0
14,Ch8-Ch7,+0.180,8.545,0.7504,0.1606,alpha,0
14,Ch8-Ch7,+0.180,10.376,0.8401,0.2736,alpha,0
14,Ch8-Ch7,+0.180,13.428,1.8083,2.2830,beta,1
14,Ch8-Ch7,+0.180,18.921,1.6118,1.0872,beta,0
14,Ch8-Ch7,+0.180,23.193,0.9990,0.2179,beta,0
14,Ch8-Ch7,+0.180,26.855,0.8357,0.3917,beta,0
14,Ch8-Ch7,+0.180,33.569,1.0765,0.8176,low_gamma,0
14,Ch8-Ch7,+0.180,40.283,1.1293,1.0526,low_gamma,0
14,Ch8-Ch7,+0.180,50.659,1.1914,1.0047,high_gamma,0
14,Ch8-Ch7,+0.180,63.477,1.5796,1.5263,high_gamma,0
14,Ch8-Ch7,+0.180,73.853,1.7550,1.7433,high_gamma,0
14,Ch8-Ch7,+0.180,86.670,1.1359,0.9006,high_gamma,0
14,Ch9-Ch8,+0.330,2.441,0.1809,0.6161,delta,0
14,Ch9-Ch8,+0.330,4.883,1.2943,0.8894,theta,0
14,Ch9-Ch8,+0.330,6.714,0.7524,0.3145,theta,0
14,Ch9-Ch8,+0.330,10.376,1.4973,0.3844,alpha,0
14,Ch9-Ch8,+0.330,13.428,2.1196,2.8974,beta,1
14,Ch9-Ch8,+0.330,17.090,1.2913,0.3890,beta,0
14,Ch9-Ch8,+0.330,21.362,0.9356,0.5323,beta,0
14,Ch9-Ch8,+0.330,26.855,1.0317,1.2098,beta,0
14,Ch9-Ch8,+0.330,34.180,0.9008,1.1082,low_gamma,0
14,Ch9-Ch8,+0.330,39.673,0.7642,0.6499,low_gamma,0
14,Ch9-Ch8,+0.330,51.270,1.3323,1.1580,high_gamma,0
14,Ch9-Ch8,+0.330,59.814,1.5311,0.9382,high_gamma,0
14,Ch9-Ch8,+0.330,78.125,1.6952,1.9035,high_gamma,0
14,Ch9-Ch8,+0.330,93.994,0.6923,0.8967,high_gamma,0
14,Ch10-Ch9,+0.480,4.272,1.4571,1.4036,theta,0
14,Ch10-Ch9,+0.480,9.155,1.6307,0.7768,alpha,0
14,Ch10-Ch9,+0.480,12.207,1.5336,0.0882,alpha,0
14,Ch10-Ch9,+0.480,14.038,1.9296,2.4094,beta,1
14,Ch10-Ch9,+0.480,19.531,1.6407,0.7578,beta,0
14,Ch10-Ch9,+0.480,25.635,1.3496,0.7750,beta,0
14,Ch10-Ch9,+0.480,31.128,0.9824,0.7050,low_gamma,0
14,Ch10-Ch9,+0.480,39.062,1.3617,1.2758,low_gamma,0
14,Ch10-Ch9,+0.480,46.387,1.1124,0.8017,low_gamma,0
14,Ch10-Ch9,+0.480,54.932,1.6989,1.9986,high_gamma,0
14,Ch10-Ch9,+0.480,63.477,1.4211,0.8176,high_gamma,0
14,Ch10-Ch9,+0.480,76.904,1.4155,1.0022,high_gamma,0
14,Ch10-Ch9,+0.480,89.722,1.1038,1.5423,high_gamma,0
14,Ch11-Ch10,+0.630,4.883,1.2574,1.2620,theta,0
14,Ch11-Ch10,+0.630,9.155,1.4917,0.9038,alpha,0
14,Ch11-Ch10,+0.630,12.207,1.2973,0.0847,alpha,0
14,Ch11-Ch10,+0.630,14.038,1.7253,2.0747,beta,1
14,Ch11-Ch10,+0.630,17.090,1.4918,0.8456,beta,0
14,Ch11-Ch10,+0.630,21.973,1.2802,0.5653,beta,0
14,Ch11-Ch10,+0.630,25.635,1.1877,1.0055,beta,0
14,Ch11-Ch10,+0.630,31.738,0.7633,0.6384,low_gamma,0
14,Ch11-Ch10,+0.630,39.062,1.1945,1.2441,low_gamma,0
14,Ch11-Ch10,+0.630,46.997,0.9319,0.5285,low_gamma,0
14,Ch11-Ch10,+0.630,54.932,1.1902,1.0157,high_gamma,0
14,Ch11-Ch10,+0.630,64.697,1.0579,0.7041,high_gamma,0
14,Ch11-Ch10,+0.630,77.515,1.2347,1.3418,high_gamma,0
14,Ch11-Ch10,+0.630,89.722,1.1223,1.3443,high_gamma,0
14,Ch12-Ch11,+0.780,4.272,0.1308,0.8033,theta,0
14,Ch12-Ch11,+0.780,6.714,-0.1392,0.3830,theta,0
14,Ch12-Ch11,+0.780,9.766,0.2480,0.5167,alpha,0
14,Ch12-Ch11,+0.780,13.428,0.6606,1.8756,beta,0
14,Ch12-Ch11,+0.780,19.531,0.3053,0.9809,beta,0
14,Ch12-Ch11,+0.780,25.635,0.0052,0.2286,beta,0
14,Ch12-Ch11,+0.780,30.518,0.0836,0.9671,low_gamma,0
14,Ch12-Ch11,+0.780,39.673,0.3020,1.3945,low_gamma,0
14,Ch12-Ch11,+0.780,51.270,0.3429,0.8798,high_gamma,0
14,Ch12-Ch11,+0.780,60.425,0.7872,1.3308,high_gamma,0
14,Ch12-Ch11,+0.780,77.515,0.9186,1.9065,high_gamma,1
14,Ch12-Ch11,+0.780,96.436,0.3605,0.8898,high_gamma,0
14,Ch13-Ch12,+0.930,4.883,1.9036,1.2341,theta,0
14,Ch13-Ch12,+0.930,9.155,1.8086,0.9007,alpha,0
14,Ch13-Ch12,+0.930,14.038,1.9697,2.3145,beta,1
14,Ch13-Ch12,+0.930,17.090,1.6454,1.3266,beta,0
14,Ch13-Ch12,+0.930,21.973,1.5185,0.6992,beta,0
14,Ch13-Ch12,+0.930,25.635,1.2947,1.1820,beta,0
14,Ch13-Ch12,+0.930,34.180,0.8969,0.7962,low_gamma,0
14,Ch13-Ch12,+0.930,41.504,0.4546,0.2019,low_gamma,0
14,Ch13-Ch12,+0.930,49.438,1.0819,1.4899,low_gamma,0
14,Ch13-Ch12,+0.930,59.814,0.9357,0.2502,high_gamma,0
14,Ch13-Ch12,+0.930,71.411,0.9657,1.5376,high_gamma,0
14,Ch13-Ch12,+0.930,89.722,0.9152,1.3775,high_gamma,0
14,Ch14-Ch13,+1.080,4.883,2.0326,1.2194,theta,0
14,Ch14-Ch13,+1.080,9.155,1.9380,0.8211,alpha,0
14,Ch14-Ch13,+1.080,14.038,2.0962,2.2918,beta,1
14,Ch14-Ch13,+1.080,17.090,1.7613,1.2709,beta,0
14,Ch14-Ch13,+1.080,21.973,1.6122,0.7752,beta,0
14,Ch14-Ch13,+1.080,25.635,1.3893,1.0291,beta,0
14,Ch14-Ch13,+1.080,34.180,0.9715,0.8007,low_gamma,0
14,Ch14-Ch13,+1.080,41.504,0.5288,0.2077,low_gamma,0
14,Ch14-Ch13,+1.080,49.438,1.1866,1.4560,low_gamma,0
14,Ch14-Ch13,+1.080,59.204,0.9177,0.3752,high_gamma,0
14,Ch14-Ch13,+1.080,71.411,0.9912,0.9944,high_gamma,0
14,Ch14-Ch13,+1.080,89.111,0.8648,1.3768,high_gamma,0
14,Ch15-Ch14,+1.230,4.883,0.0315,1.6452,theta,0
14,Ch15-Ch14,+1.230,9.155,0.2262,0.9874,alpha,0
14,Ch15-Ch14,+1.230,14.038,0.4208,2.2952,beta,1
14,Ch15-Ch14,+1.230,17.090,0.1823,1.2972,beta,0
14,Ch15-Ch14,+1.230,21.973,0.0459,0.5947,beta,0
14,Ch15-Ch14,+1.230,27.466,-0.0847,1.0851,beta,0
14,Ch15-Ch14,+1.230,31.738,-0.2438,0.9942,low_gamma,0
14,Ch15-Ch14,+1.230,40.283,-0.5798,0.8261,low_gamma,0
14,Ch15-Ch14,+1.230,51.270,-0.3410,0.9231,high_gamma,0
14,Ch15-Ch14,+1.230,61.035,-0.3061,0.9700,high_gamma,0
14,Ch15-Ch14,+1.230,73.853,-0.0736,1.2344,high_gamma,0
14,Ch15-Ch14,+1.230,84.839,-0.1529,0.9868,high_gamma,0
14,Ch15-Ch14,+1.230,97.656,-0.6096,0.1255,high_gamma,0
15,Ch1-Ch0,-0.865,4.272,-0.2799,0.6549,theta,0
15,Ch1-Ch0,-0.865,6.714,-0.6258,0.2805,theta,0
15,Ch1-Ch0,-0.865,12.817,0.5009,0.3133,alpha,0
15,Ch1-Ch0,-0.865,15.259,0.7075,2.1311,beta,1
15,Ch1-Ch0,-0.865,18.311,0.1096,0.0512,beta,0
15,Ch1-Ch0,-0.865,22.583,-0.0234,0.4868,beta,0
15,Ch1-Ch0,-0.865,26.245,-0.2662,0.3826,beta,0
15,Ch1-Ch0,-0.865,33.569,-0.1250,0.8657,low_gamma,0
15,Ch1-Ch0,-0.865,43.335,-0.0887,1.0831,low_gamma,0
15,Ch1-Ch0,-0.865,51.270,-0.1255,0.2644,high_gamma,0
15,Ch1-Ch0,-0.865,61.646,0.0392,1.4077,high_gamma,0
15,Ch1-Ch0,-0.865,72.632,0.2557,1.9490,high_gamma,0
15,Ch1-Ch0,-0.865,87.891,-0.1919,1.0365,high_gamma,0
15,Ch2-Ch1,-0.715,4.272,0.0757,0.8142,theta,0
15,Ch2-Ch1,-0.715,6.714,-0.3146,0.1059,theta,0
15,Ch2-Ch1,-0.715,9.155,0.3562,0.0673,alpha,0
15,Ch2-Ch1,-0.715,12.817,0.9937,0.3225,alpha,0
15,Ch2-Ch1,-0.715,15.259,1.1980,2.1396,beta,1
15,Ch2-Ch1,-0.715,21.973,0.4110,0.4422,beta,0
15,Ch2-Ch1,-0.715,26.245,0.1784,0.3274,beta,0
15,Ch2-Ch1,-0.715,33.569,0.2990,0.8676,low_gamma,0
15,Ch2-Ch1,-0.715,43.335,0.3392,0.9687,low_gamma,0
15,Ch2-Ch1,-0.715,52.490,0.2887,0.3169,high_gamma,0
15,Ch2-Ch1,-0.715,61.646,0.4875,1.2333,high_gamma,0
15,Ch2-Ch1,-0.715,72.632,0.7170,1.5622,high_gamma,0
15,Ch2-Ch1,-0.715,91.553,0.2694,1.0166,high_gamma,0
15,Ch3-Ch2,-0.565,4.272,1.4388,1.4615,theta,1
15,Ch3-Ch2,-0.565,9.155,1.1106,0.0609,alpha,0
15,Ch3-Ch2,-0.565,10.986,1.2339,0.8361,alpha,0
15,Ch3-Ch2,-0.565,15.259,1.3219,1.2063,beta,0
15,Ch3-Ch2,-0.565,18.311,0.9147,0.1122,beta,0
15,Ch3-Ch2,-0.565,21.362,0.8310,0.5206,beta,0
15,Ch3-Ch2,-0.565,25.635,0.6268,0.6748,beta,0
15,Ch3-Ch2,-0.565,33.569,0.6126,0.4613,low_gamma,0
15,Ch3-Ch2,-0.565,39.673,0.6092,1.0682,low_gamma,0
15,Ch3-Ch2,-0.565,48.828,0.7377,1.0988,low_gamma,0
15,Ch3-Ch2,-0.565,58.594,0.9656,1.4436,high_gamma,0
15,Ch3-Ch2,-0.565,67.749,0.9961,0.6347,high_gamma,0
15,Ch3-Ch2,-0.565,83.008,1.0589,1.6801,high_gamma,0
15,Ch3-Ch2,-0.565,97.656,0.7362,1.0873,high_gamma,0
15,Ch4-Ch3,-0.415,4.272,1.5751,2.2630,theta,1
15,Ch4-Ch3,-0.415,6.104,1.3871,0.2232,theta,0
15,Ch4-Ch3,-0.415,8.545,0.5146,0.2061,alpha,0
15,Ch4-Ch3,-0.415,10.986,0.8166,0.7755,alpha,0
15,Ch4-Ch3,-0.415,12.817,0.6787,0.3362,alpha,0
15,Ch4-Ch3,-0.415,15.259,1.0160,1.0802,beta,0
15,Ch4-Ch3,-0.415,18.311,0.9044,0.5907,beta,0
15,Ch4-Ch3,-0.415,23.804,0.9177,1.1690,beta,0
15,Ch4-Ch3,-0.415,27.466,0.3273,0.3937,beta,0
15,Ch4-Ch3,-0.415,37.842,0.6390,0.8585,low_gamma,0
15,Ch4-Ch3,-0.415,50.049,0.8112,1.0601,high_gamma,0
15,Ch4-Ch3,-0.415,67.139,1.2226,1.7514,high_gamma,0
15,Ch4-Ch3,-0.415,77.515,0.9106,0.4163,high_gamma,0
15,Ch4-Ch3,-0.415,91.553,1.1294,1.3298,high_gamma,0
15,Ch5-Ch4,-0.265,4.272,1.6600,2.3635,theta,1
15,Ch5-Ch4,-0.265,6.104,1.5793,0.4840,theta,0
15,Ch5-Ch4,-0.265,10.986,1.0014,0.2947,alpha,0
15,Ch5-Ch4,-0.265,12.817,1.2092,1.3792,alpha,0
15,Ch5-Ch4,-0.265,15.259,1.1957,0.5685,beta,0
15,Ch5-Ch4,-0.265,18.311,1.0335,0.8975,beta,0
15,Ch5-Ch4,-0.265,23.804,0.9892,0.8563,beta,0
15,Ch5-Ch4,-0.265,33.569,0.6413,1.0196,low_gamma,0
15,Ch5-Ch4,-0.265,45.166,0.8934,1.0443,low_gamma,0
15,Ch5-Ch4,-0.265,54.321,0.9158,0.6118,high_gamma,0
15,Ch5-Ch4,-0.265,66.528,1.1991,1.7589,high_gamma,0
15,Ch5-Ch4,-0.265,84.229,1.2360,1.6406,high_gamma,0
15,Ch5-Ch4,-0.265,97.046,0.6883,0.5221,high_gamma,0
15,Ch6-Ch5,-0.115,1.831,0.2656,0.1732,delta,0
15,Ch6-Ch5,-0.115,4.272,1.4561,0.1013,theta,0
15,Ch6-Ch5,-0.115,6.104,1.5819,0.6240,theta,0
15,Ch6-Ch5,-0.115,12.817,1.9545,1.9265,alpha,1
15,Ch6-Ch5,-0.115,15.259,1.8183,0.5735,beta,0
15,Ch6-Ch5,-0.115,19.531,1.4104,0.8542,beta,0
15,Ch6-Ch5,-0.115,26.245,0.9255,0.9329,beta,0
15,Ch6-Ch5,-0.115,34.180,0.7739,0.7391,low_gamma,0
15,Ch6-Ch5,-0.115,39.673,1.0104,1.1549,low_gamma,0
15,Ch6-Ch5,-0.115,49.438,1.2579,0.6037,low_gamma,0
15,Ch6-Ch5,-0.115,57.983,1.5876,1.7883,high_gamma,0
15,Ch6-Ch5,-0.115,67.749,1.3552,1.4268,high_gamma,0
15,Ch6-Ch5,-0.115,87.280,1.2649,1.4041,high_gamma,0
15,Ch7-Ch6,+0.030,4.883,1.7505,1.9768,theta,1
15,Ch7-Ch6,+0.030,7.324,0.8223,0.2867,theta,0
15,Ch7-Ch6,+0.030,9.155,0.9421,0.5085,alpha,0
15,Ch7-Ch6,+0.030,12.207,1.4221,0.8567,alpha,0
15,Ch7-Ch6,+0.030,15.259,1.7400,2.0506,beta,0
15,Ch7-Ch6,+0.030,18.921,1.5495,1.0181,beta,0
15,Ch7-Ch6,+0.030,23.804,1.1996,0.4800,beta,0
15,Ch7-Ch6,+0.030,29.907,0.5322,0.6307,beta,0
15,Ch7-Ch6,+0.030,38.452,0.6090,1.0154,low_gamma,0
15,Ch7-Ch6,+0.030,45.166,1.0071,1.3225,low_gamma,0
15,Ch7-Ch6,+0.030,53.101,1.1274,1.6361,high_gamma,0
15,Ch7-Ch6,+0.030,62.866,0.9608,0.9074,high_gamma,0
15,Ch7-Ch6,+0.030,75.073,1.4847,2.0121,high_gamma,0
15,Ch7-Ch6,+0.030,90.942,1.1939,1.0491,high_gamma,0
15,Ch8-Ch7,+0.180,4.883,1.8237,1.8672,theta,1
15,Ch8-Ch7,+0.180,7.324,0.8657,0.3555,theta,0
15,Ch8-Ch7,+0.180,9.155,0.6225,0.3589,alpha,0
15,Ch8-Ch7,+0.180,10.986,1.1813,0.3561,alpha,0
15,Ch8-Ch7,+0.180,12.817,1.3193,0.2973,alpha,0
15,Ch8-Ch7,+0.180,15.259,1.7306,2.1691,beta,0
15,Ch8-Ch7,+0.180,18.311,1.4657,0.4672,beta,0
15,Ch8-Ch7,+0.180,23.804,1.4890,1.0484,beta,0
15,Ch8-Ch7,+0.180,27.466,1.0679,0.4456,beta,0
15,Ch8-Ch7,+0.180,33.569,0.8418,0.9665,low_gamma,0
15,Ch8-Ch7,+0.180,45.166,1.3758,1.6874,low_gamma,0
15,Ch8-Ch7,+0.180,53.101,1.0432,0.1502,high_gamma,0
15,Ch8-Ch7,+0.180,62.866,1.5275,2.0108,high_gamma,0
15,Ch8-Ch7,+0.180,75.684,1.4940,0.7621,high_gamma,0
15,Ch8-Ch7,+0.180,90.332,1.4043,0.8705,high_gamma,0
15,Ch9-Ch8,+0.330,4.272,1.4968,0.8068,theta,0
15,Ch9-Ch8,+0.330,6.104,1.3783,0.2219,theta,0
15,Ch9-Ch8,+0.330,12.817,1.9837,2.5246,alpha,1
15,Ch9-Ch8,+0.330,21.973,0.8667,1.0670,beta,0
15,Ch9-Ch8,+0.330,28.687,0.8487,1.0560,beta,0
15,Ch9-Ch8,+0.330,34.790,0.6979,0.7328,low_gamma,0
15,Ch9-Ch8,+0.330,42.725,0.6993,0.8446,low_gamma,0
15,Ch9-Ch8,+0.330,51.270,1.2264,1.0199,high_gamma,0
15,Ch9-Ch8,+0.330,61.035,1.3338,0.5612,high_gamma,0
15,Ch9-Ch8,+0.330,70.190,1.4153,1.7426,high_gamma,0
15,Ch9-Ch8,+0.330,93.384,1.0667,1.0364,high_gamma,0
15,Ch10-Ch9,+0.480,4.272,1.7770,0.9434,theta,0
15,Ch10-Ch9,+0.480,6.104,1.7029,0.4089,theta,0
15,Ch10-Ch9,+0.480,9.155,1.5906,0.3945,alpha,0
15,Ch10-Ch9,+0.480,11.597,1.9000,1.7076,alpha,1
15,Ch10-Ch9,+0.480,15.259,1.4588,0.8473,beta,0
15,Ch10-Ch9,+0.480,18.921,1.4116,0.2193,beta,0
15,Ch10-Ch9,+0.480,23.804,1.4702,1.3171,beta,0
15,Ch10-Ch9,+0.480,27.466,1.4291,1.1479,beta,0
15,Ch10-Ch9,+0.480,31.738,0.8308,0.7000,low_gamma,0
15,Ch10-Ch9,+0.480,38.452,1.0373,1.0839,low_gamma,0
15,Ch10-Ch9,+0.480,47.607,1.3255,1.5398,low_gamma,0
15,Ch10-Ch9,+0.480,59.814,1.0236,1.0580,high_gamma,0
15,Ch10-Ch9,+0.480,70.190,1.7113,2.3744,high_gamma,0
15,Ch10-Ch9,+0.480,90.332,1.3164,1.2671,high_gamma,0
15,Ch11-Ch10,+0.630,2.441,0.4418,0.1239,delta,0
15,Ch11-Ch10,+0.630,4.272,1.5764,0.8669,theta,0
15,Ch11-Ch10,+0.630,6.104,1.5581,0.4979,theta,0
15,Ch11-Ch10,+0.630,9.155,1.4318,0.3801,alpha,0
15,Ch11-Ch10,+0.630,10.986,1.7315,1.7184,alpha,1
15,Ch11-Ch10,+0.630,15.259,1.1199,0.1689,beta,0
15,Ch11-Ch10,+0.630,17.700,1.1879,0.8721,beta,0
15,Ch11-Ch10,+0.630,23.804,1.4130,1.8023,beta,0
15,Ch11-Ch10,+0.630,27.466,1.1742,1.1743,beta,0
15,Ch11-Ch10,+0.630,31.738,0.6772,0.4707,low_gamma,0
15,Ch11-Ch10,+0.630,38.452,0.8882,1.0822,low_gamma,0
15,Ch11-Ch10,+0.630,47.607,1.1114,1.5742,low_gamma,0
15,Ch11-Ch10,+0.630,62.256,1.2269,1.1353,high_gamma,0
15,Ch11-Ch10,+0.630,75.684,1.5271,1.5547,high_gamma,0
15,Ch11-Ch10,+0.630,90.332,1.0390,0.8980,high_gamma,0
15,Ch12-Ch11,+0.780,4.883,0.5423,1.1698,theta,0
15,Ch12-Ch11,+0.780,6.104,0.3368,0.0859,theta,0
15,Ch12-Ch11,+0.780,9.155,0.4554,1.0224,alpha,0
15,Ch12-Ch11,+0.780,12.817,0.5905,1.8809,alpha,0
15,Ch12-Ch11,+0.780,15.259,0.4561,0.4666,beta,0
15,Ch12-Ch11,+0.780,18.921,0.1933,0.6904,beta,0
15,Ch12-Ch11,+0.780,23.193,0.2104,0.7635,beta,0
15,Ch12-Ch11,+0.780,28.076,-0.0794,1.0296,beta,0
15,Ch12-Ch11,+0.780,32.959,0.1054,1.3595,low_gamma,0
15,Ch12-Ch11,+0.780,43.335,-0.1055,0.5898,low_gamma,0
15,Ch12-Ch11,+0.780,51.880,0.4211,1.8263,high_gamma,0
15,Ch12-Ch11,+0.780,62.256,0.3648,0.7513,high_gamma,0
15,Ch12-Ch11,+0.780,77.515,0.8052,2.3498,high_gamma,1
15,Ch12-Ch11,+0.780,93.384,-0.1716,1.3615,high_gamma,0
15,Ch13-Ch12,+0.930,4.272,2.1019,0.2531,theta,0
15,Ch13-Ch12,+0.930,6.104,2.1411,2.5269,theta,1
15,Ch13-Ch12,+0.930,8.545,1.6441,0.4234,alpha,0
15,Ch13-Ch12,+0.930,10.986,1.8616,0.7123,alpha,0
15,Ch13-Ch12,+0.930,12.817,1.6659,0.2029,alpha,0
15,Ch13-Ch12,+0.930,15.869,1.6814,1.1403,beta,0
15,Ch13-Ch12,+0.930,19.531,1.2972,1.2208,beta,0
15,Ch13-Ch12,+0.930,23.193,1.2354,1.0039,beta,0
15,Ch13-Ch12,+0.930,27.466,0.8066,0.6869,beta,0
15,Ch13-Ch12,+0.930,31.738,0.8506,1.1872,low_gamma,0
15,Ch13-Ch12,+0.930,43.945,0.9463,1.1469,low_gamma,0
15,Ch13-Ch12,+0.930,53.101,0.9197,0.6943,high_gamma,0
15,Ch13-Ch12,+0.930,61.035,1.1438,1.4894,high_gamma,0
15,Ch13-Ch12,+0.930,72.632,1.1241,1.2247,high_gamma,0
15,Ch13-Ch12,+0.930,87.280,1.0569,1.5054,high_gamma,0
15,Ch14-Ch13,+1.080,4.272,2.2542,0.2651,theta,0
15,Ch14-Ch13,+1.080,6.104,2.2644,2.5504,theta,1
15,Ch14-Ch13,+1.080,8.545,1.7621,0.3887,alpha,0
15,Ch14-Ch13,+1.080,10.986,1.9832,0.7105,alpha,0
15,Ch14-Ch13,+1.080,12.817,1.8068,0.1686,alpha,0
15,Ch14-Ch13,+1.080,15.869,1.8066,1.0676,beta,0
15,Ch14-Ch13,+1.080,19.531,1.4495,1.3513,beta,0
15,Ch14-Ch13,+1.080,23.193,1.2440,0.9465,beta,0
15,Ch14-Ch13,+1.080,27.466,0.8412,0.6063,beta,0
15,Ch14-Ch13,+1.080,31.738,0.8986,1.0436,low_gamma,0
15,Ch14-Ch13,+1.080,43.945,1.0778,1.0489,low_gamma,0
15,Ch14-Ch13,+1.080,53.101,0.9090,0.7075,high_gamma,0
15,Ch14-Ch13,+1.080,61.035,1.2374,1.5862,high_gamma,0
15,Ch14-Ch13,+1.080,72.632,1.1819,1.0250,high_gamma,0
15,Ch14-Ch13,+1.080,87.280,1.0457,1.4419,high_gamma,0
15,Ch15-Ch14,+1.230,1.831,-1.7457,0.3523,delta,0
15,Ch15-Ch14,+1.230,6.104,0.1977,0.8449,theta,0
15,Ch15-Ch14,+1.230,11.597,0.3564,2.5584,alpha,1
15,Ch15-Ch14,+1.230,15.869,0.3528,1.0670,beta,0
15,Ch15-Ch14,+1.230,18.921,-0.1897,0.8670,beta,0
15,Ch15-Ch14,+1.230,21.973,-0.5595,0.1612,beta,0
15,Ch15-Ch14,+1.230,25.635,-0.5144,0.6026,beta,0
15,Ch15-Ch14,+1.230,32.959,-0.6646,0.4641,low_gamma,0
15,Ch15-Ch14,+1.230,39.062,-0.5389,0.9659,low_gamma,0
15,Ch15-Ch14,+1.230,45.166,-0.5061,0.5059,low_gamma,0
15,Ch15-Ch14,+1.230,61.035,-0.0551,1.6018,high_gamma,0
15,Ch15-Ch14,+1.230,72.632,0.0595,1.6674,high_gamma,0
15,Ch15-Ch14,+1.230,87.891,-0.1354,1.1250,high_gamma,0
16,Ch1-Ch0,-0.865,6.104,-0.2752,0.5788,theta,0
16,Ch1-Ch0,-0.865,8.545,-0.6422,0.1471,alpha,0
16,Ch1-Ch0,-0.865,10.376,0.0483,0.6205,alpha,0
16,Ch1-Ch0,-0.865,14.038,0.7834,2.2761,beta,1
16,Ch1-Ch0,-0.865,18.311,0.4532,1.2582,beta,0
16,Ch1-Ch0,-0.865,25.635,0.0918,0.9539,beta,0
16,Ch1-Ch0,-0.865,32.959,0.1642,1.0502,low_gamma,0
16,Ch1-Ch0,-0.865,39.062,-0.0555,0.5414,low_gamma,0
16,Ch1-Ch0,-0.865,46.387,0.0763,1.0844,low_gamma,0
16,Ch1-Ch0,-0.865,62.866,0.1793,0.9102,high_gamma,0
16,Ch1-Ch0,-0.865,73.853,0.3036,1.5560,high_gamma,0
16,Ch1-Ch0,-0.865,84.839,0.2030,1.1621,high_gamma,0
16,Ch1-Ch0,-0.865,97.656,-0.9762,0.0743,high_gamma,0
16,Ch2-Ch1,-0.715,6.104,0.0210,0.5919,theta,0
16,Ch2-Ch1,-0.715,8.545,-0.1713,0.2249,alpha,0
16,Ch2-Ch1,-0.715,10.376,0.4504,0.6114,alpha,0
16,Ch2-Ch1,-0.715,14.038,1.2441,2.1884,beta,1
16,Ch2-Ch1,-0.715,18.311,0.9236,1.2410,beta,0
16,Ch2-Ch1,-0.715,25.635,0.5297,0.9612,beta,0
16,Ch2-Ch1,-0.715,32.959,0.5703,1.0184,low_gamma,0
16,Ch2-Ch1,-0.715,39.673,0.4006,0.5955,low_gamma,0
16,Ch2-Ch1,-0.715,46.387,0.5245,1.1285,low_gamma,0
16,Ch2-Ch1,-0.715,63.477,0.6424,0.8693,high_gamma,0
16,Ch2-Ch1,-0.715,73.853,0.7758,1.6066,high_gamma,0
16,Ch2-Ch1,-0.715,84.839,0.6475,1.1953,high_gamma,0
16,Ch3-Ch2,-0.565,1.831,0.0140,0.1413,delta,0
16,Ch3-Ch2,-0.565,6.104,1.3338,1.1473,theta,0
16,Ch3-Ch2,-0.565,7.324,0.9236,0.1036,theta,0
16,Ch3-Ch2,-0.565,10.376,1.3747,1.5699,alpha,1
16,Ch3-Ch2,-0.565,14.648,1.3255,1.0417,beta,0
16,Ch3-Ch2,-0.565,18.311,1.0438,0.8654,beta,0
16,Ch3-Ch2,-0.565,22.583,0.0767,0.4111,beta,0
16,Ch3-Ch2,-0.565,26.245,0.6818,0.7094,beta,0
16,Ch3-Ch2,-0.565,32.349,0.9380,1.1311,low_gamma,0
16,Ch3-Ch2,-0.565,42.114,0.6489,0.7258,low_gamma,0
16,Ch3-Ch2,-0.565,51.880,0.9128,1.0004,high_gamma,0
16,Ch3-Ch2,-0.565,65.918,0.9771,1.7375,high_gamma,0
16,Ch3-Ch2,-0.565,78.125,0.9369,0.9925,high_gamma,0
16,Ch3-Ch2,-0.565,93.994,0.5899,0.8442,high_gamma,0
16,Ch4-Ch3,-0.415,4.883,1.4114,2.0716,theta,1
16,Ch4-Ch3,-0.415,9.766,0.9050,0.7701,alpha,0
16,Ch4-Ch3,-0.415,15.259,1.2473,1.6660,beta,0
16,Ch4-Ch3,-0.415,20.142,0.8947,1.0468,beta,0
16,Ch4-Ch3,-0.415,25.024,0.3698,0.5484,beta,0
16,Ch4-Ch3,-0.415,29.907,0.6203,0.8338,beta,0
16,Ch4-Ch3,-0.415,39.062,0.5663,0.4217,low_gamma,0
16,Ch4-Ch3,-0.415,45.776,0.7451,1.1742,low_gamma,0
16,Ch4-Ch3,-0.415,55.542,0.4977,0.4140,high_gamma,0
16,Ch4-Ch3,-0.415,64.087,1.2433,1.2383,high_gamma,0
16,Ch4-Ch3,-0.415,73.853,1.1460,0.1097,high_gamma,0
16,Ch4-Ch3,-0.415,84.839,1.2791,1.6028,high_gamma,0
16,Ch4-Ch3,-0.415,97.656,0.4406,0.2731,high_gamma,0
16,Ch5-Ch4,-0.265,4.883,1.5676,2.6891,theta,1
16,Ch5-Ch4,-0.265,6.104,1.5493,0.1232,theta,0
16,Ch5-Ch4,-0.265,10.376,1.1434,0.8056,alpha,0
16,Ch5-Ch4,-0.265,12.817,1.2765,1.3429,alpha,0
16,Ch5-Ch4,-0.265,17.090,0.8824,0.5450,beta,0
16,Ch5-Ch4,-0.265,22.583,0.8778,0.9677,beta,0
16,Ch5-Ch4,-0.265,28.076,0.9647,1.2667,beta,0
16,Ch5-Ch4,-0.265,36.011,0.7831,0.7379,low_gamma,0
16,Ch5-Ch4,-0.265,46.997,1.0766,1.2062,low_gamma,0
16,Ch5-Ch4,-0.265,54.321,0.2433,0.1942,high_gamma,0
16,Ch5-Ch4,-0.265,64.087,1.3941,2.0635,high_gamma,0
16,Ch5-Ch4,-0.265,73.853,1.0805,0.6294,high_gamma,0
16,Ch5-Ch4,-0.265,84.839,1.1452,1.5970,high_gamma,0
16,Ch5-Ch4,-0.265,97.656,0.4498,0.2128,high_gamma,0
16,Ch6-Ch5,-0.115,6.104,1.7487,2.2499,theta,1
16,Ch6-Ch5,-0.115,7.935,1.1479,0.0990,theta,0
16,Ch6-Ch5,-0.115,10.376,1.7196,0.7628,alpha,0
16,Ch6-Ch5,-0.115,12.817,1.7167,1.1065,alpha,0
16,Ch6-Ch5,-0.115,15.259,1.5784,0.5051,beta,0
16,Ch6-Ch5,-0.115,18.311,1.3170,0.6195,beta,0
16,Ch6-Ch5,-0.115,22.583,0.6955,0.2941,beta,0
16,Ch6-Ch5,-0.115,27.466,0.9958,0.9449,beta,0
16,Ch6-Ch5,-0.115,34.180,0.9257,1.0769,low_gamma,0
16,Ch6-Ch5,-0.115,40.283,1.0372,1.2302,low_gamma,0
16,Ch6-Ch5,-0.115,46.997,1.3348,1.2541,low_gamma,0
16,Ch6-Ch5,-0.115,57.983,1.6715,1.8053,high_gamma,0
16,Ch6-Ch5,-0.115,70.801,1.4862,1.4878,high_gamma,0
16,Ch6-Ch5,-0.115,84.839,1.4821,1.4934,high_gamma,0
16,Ch6-Ch5,-0.115,97.656,1.0385,0.3525,high_gamma,0
16,Ch7-Ch6,+0.030,5.493,1.4750,1.1488,theta,0
16,Ch7-Ch6,+0.030,7.935,0.6450,0.0533,theta,0
16,Ch7-Ch6,+0.030,10.376,1.3179,0.8664,alpha,0
16,Ch7-Ch6,+0.030,12.817,0.9872,0.1862,alpha,0
16,Ch7-Ch6,+0.030,15.259,1.9485,2.6956,beta,1
16,Ch7-Ch6,+0.030,19.531,1.2020,0.5075,beta,0
16,Ch7-Ch6,+0.030,24.414,0.9511,0.4097,beta,0
16,Ch7-Ch6,+0.030,32.959,0.8028,0.7674,low_gamma,0
16,Ch7-Ch6,+0.030,44.556,0.7129,1.1772,low_gamma,0
16,Ch7-Ch6,+0.030,53.101,0.9306,1.1851,high_gamma,0
16,Ch7-Ch6,+0.030,64.087,0.8627,0.4095,high_gamma,0
16,Ch7-Ch6,+0.030,75.073,1.2795,1.2447,high_gamma,0
16,Ch7-Ch6,+0.030,93.994,0.9803,0.8500,high_gamma,0
16,Ch8-Ch7,+0.180,4.272,1.3697,1.4774,theta,0
16,Ch8-Ch7,+0.180,8.545,0.9124,0.3980,alpha,0
16,Ch8-Ch7,+0.180,10.376,0.9291,0.5621,alpha,0
16,Ch8-Ch7,+0.180,12.817,1.2398,0.4833,alpha,0
16,Ch8-Ch7,+0.180,15.259,1.8830,2.0381,beta,1
16,Ch8-Ch7,+0.180,20.752,1.2563,0.4562,beta,0
16,Ch8-Ch7,+0.180,24.414,1.1856,0.4120,beta,0
16,Ch8-Ch7,+0.180,28.076,0.8943,0.4405,beta,0
16,Ch8-Ch7,+0.180,34.180,1.0749,1.1149,low_gamma,0
16,Ch8-Ch7,+0.180,44.556,0.9504,1.0951,low_gamma,0
16,Ch8-Ch7,+0.180,52.490,1.4299,0.9695,high_gamma,0
16,Ch8-Ch7,+0.180,64.087,1.5203,1.4033,high_gamma,0
16,Ch8-Ch7,+0.180,74.463,1.1528,0.7919,high_gamma,0
16,Ch8-Ch7,+0.180,87.891,1.2794,0.9281,high_gamma,0
16,Ch9-Ch8,+0.330,4.883,1.4738,0.0715,theta,0
16,Ch9-Ch8,+0.330,6.104,1.5091,0.8679,theta,0
16,Ch9-Ch8,+0.330,7.935,0.7633,0.0948,theta,0
16,Ch9-Ch8,+0.330,10.376,1.4526,0.7752,alpha,0
16,Ch9-Ch8,+0.330,12.817,1.8113,2.0472,alpha,1
16,Ch9-Ch8,+0.330,15.259,1.6423,0.1391,beta,0
16,Ch9-Ch8,+0.330,18.311,1.4208,0.5491,beta,0
16,Ch9-Ch8,+0.330,21.973,0.8006,0.2722,beta,0
16,Ch9-Ch8,+0.330,27.466,0.8910,1.1113,beta,0
16,Ch9-Ch8,+0.330,34.180,0.8696,0.9267,low_gamma,0
16,Ch9-Ch8,+0.330,40.283,1.0059,1.6515,low_gamma,0
16,Ch9-Ch8,+0.330,46.997,1.2621,1.2065,low_gamma,0
16,Ch9-Ch8,+0.330,58.594,1.3879,0.6473,high_gamma,0
16,Ch9-Ch8,+0.330,68.970,1.5911,1.4430,high_gamma,0
16,Ch9-Ch8,+0.330,84.839,1.1960,1.0396,high_gamma,0
16,Ch9-Ch8,+0.330,97.656,0.9072,0.2713,high_gamma,0
16,Ch10-Ch9,+0.480,6.104,1.7941,1.5161,theta,0
16,Ch10-Ch9,+0.480,9.766,1.8373,2.0460,alpha,1
16,Ch10-Ch9,+0.480,13.428,1.7795,1.3030,beta,0
16,Ch10-Ch9,+0.480,20.752,1.5164,0.9589,beta,0
16,Ch10-Ch9,+0.480,26.855,1.0765,0.5282,beta,0
16,Ch10-Ch9,+0.480,32.959,1.2077,0.6742,low_gamma,0
16,Ch10-Ch9,+0.480,44.556,1.0738,1.0565,low_gamma,0
16,Ch10-Ch9,+0.480,55.542,1.1396,0.5336,high_gamma,0
16,Ch10-Ch9,+0.480,65.918,1.5939,1.9242,high_gamma,0
16,Ch10-Ch9,+0.480,77.515,0.9469,0.4496,high_gamma,0
16,Ch10-Ch9,+0.480,93.994,1.2573,1.4470,high_gamma,0
16,Ch11-Ch10,+0.630,6.104,1.6001,1.4631,theta,0
16,Ch11-Ch10,+0.630,9.766,1.6572,1.9659,alpha,1
16,Ch11-Ch10,+0.630,13.428,1.5572,1.4248,beta,0
16,Ch11-Ch10,+0.630,15.869,1.1985,0.4579,beta,0
16,Ch11-Ch10,+0.630,20.752,1.3887,0.8112,beta,0
16,Ch11-Ch10,+0.630,24.414,1.2983,0.4940,beta,0
16,Ch11-Ch10,+0.630,32.959,1.0964,0.8468,low_gamma,0
16,Ch11-Ch10,+0.630,39.062,0.8335,1.0115,low_gamma,0
16,Ch11-Ch10,+0.630,50.659,1.0943,1.5783,high_gamma,0
16,Ch11-Ch10,+0.630,59.814,0.7908,0.4735,high_gamma,0
16,Ch11-Ch10,+0.630,71.411,1.3770,1.8993,high_gamma,0
16,Ch11-Ch10,+0.630,93.994,0.9878,1.1902,high_gamma,0
16,Ch12-Ch11,+0.780,4.883,0.4430,1.5706,theta,0
16,Ch12-Ch11,+0.780,7.935,-0.8443,0.1885,theta,0
16,Ch12-Ch11,+0.780,10.376,-0.2435,0.7425,alpha,0
16,Ch12-Ch11,+0.780,15.259,0.4999,1.8557,beta,0
16,Ch12-Ch11,+0.780,18.921,0.3362,0.6510,beta,0
16,Ch12-Ch11,+0.780,22.583,-0.1265,0.3253,beta,0
16,Ch12-Ch11,+0.780,27.466,-0.1643,0.4830,beta,0
16,Ch12-Ch11,+0.780,32.959,0.0843,0.7441,low_gamma,0
16,Ch12-Ch11,+0.780,40.283,0.0389,0.6699,low_gamma,0
16,Ch12-Ch11,+0.780,46.997,0.3253,1.2475,low_gamma,0
16,Ch12-Ch11,+0.780,62.256,0.7069,2.0161,high_gamma,1
16,Ch12-Ch11,+0.780,78.125,0.4926,0.5713,high_gamma,0
16,Ch12-Ch11,+0.780,93.994,0.2311,1.1576,high_gamma,0
16,Ch13-Ch12,+0.930,5.493,2.2019,2.2120,theta,1
16,Ch13-Ch12,+0.930,10.376,1.8636,0.9894,alpha,0
16,Ch13-Ch12,+0.930,13.428,1.6793,1.1286,beta,0
16,Ch13-Ch12,+0.930,15.869,1.3251,0.3603,beta,0
16,Ch13-Ch12,+0.930,18.921,1.4193,0.7935,beta,0
16,Ch13-Ch12,+0.930,24.414,1.3722,0.9179,beta,0
16,Ch13-Ch12,+0.930,28.687,0.5503,0.1754,beta,0
16,Ch13-Ch12,+0.930,32.959,1.0603,0.8790,low_gamma,0
16,Ch13-Ch12,+0.930,41.504,1.0149,1.3655,low_gamma,0
16,Ch13-Ch12,+0.930,51.270,0.9191,0.8617,high_gamma,0
16,Ch13-Ch12,+0.930,65.308,1.0121,1.2401,high_gamma,0
16,Ch13-Ch12,+0.930,78.735,0.9481,0.5315,high_gamma,0
16,Ch13-Ch12,+0.930,93.994,0.9959,1.2355,high_gamma,0
16,Ch14-Ch13,+1.080,5.493,2.3409,2.1990,theta,1
16,Ch14-Ch13,+1.080,10.376,1.9986,1.0079,alpha,0
16,Ch14-Ch13,+1.080,13.428,1.7992,1.1446,beta,0
16,Ch14-Ch13,+1.080,15.869,1.4916,0.6899,beta,0
16,Ch14-Ch13,+1.080,18.921,1.4792,0.4238,beta,0
16,Ch14-Ch13,+1.080,24.414,1.4525,0.9534,beta,0
16,Ch14-Ch13,+1.080,28.687,0.6820,0.2030,beta,0
16,Ch14-Ch13,+1.080,32.959,1.1562,0.9314,low_gamma,0
16,Ch14-Ch13,+1.080,41.504,1.0871,1.5168,low_gamma,0
16,Ch14-Ch13,+1.080,54.932,0.9384,0.8140,high_gamma,0
16,Ch14-Ch13,+1.080,65.308,1.1386,1.4305,high_gamma,0
16,Ch14-Ch13,+1.080,78.735,0.9606,0.5374,high_gamma,0
16,Ch14-Ch13,+1.080,93.384,0.8784,1.1569,high_gamma,0
16,Ch15-Ch14,+1.230,5.493,0.3555,2.0893,theta,1
16,Ch15-Ch14,+1.230,7.935,-0.0754,0.1992,theta,0
16,Ch15-Ch14,+1.230,10.376,-0.0376,0.7496,alpha,0
16,Ch15-Ch14,+1.230,13.428,-0.0132,1.2374,beta,0
16,Ch15-Ch14,+1.230,20.752,-0.0866,0.7037,beta,0
16,Ch15-Ch14,+1.230,24.414,-0.0690,0.7849,beta,0
16,Ch15-Ch14,+1.230,32.959,-0.1651,0.8798,low_gamma,0
16,Ch15-Ch14,+1.230,39.062,-0.3692,1.0904,low_gamma,0
16,Ch15-Ch14,+1.230,45.776,-0.4154,0.6910,low_gamma,0
16,Ch15-Ch14,+1.230,54.321,-0.5111,1.0734,high_gamma,0
16,Ch15-Ch14,+1.230,67.749,-0.0964,0.7394,high_gamma,0
16,Ch15-Ch14,+1.230,80.566,0.0552,1.2103,high_gamma,0
16,Ch15-Ch14,+1.230,92.773,-0.1220,0.9142,high_gamma,0
17,Ch1-Ch0,-0.865,4.883,-0.3182,0.5852,theta,0
17,Ch1-Ch0,-0.865,6.714,-0.4213,0.3161,theta,0
17,Ch1-Ch0,-0.865,9.155,-0.0217,0.7053,alpha,0
17,Ch1-Ch0,-0.865,12.817,0.6552,2.0328,alpha,1
17,Ch1-Ch0,-0.865,20.142,0.0303,1.0649,beta,0
17,Ch1-Ch0,-0.865,25.024,-0.1710,0.6919,beta,0
17,Ch1-Ch0,-0.865,29.907,-0.0413,1.2569,beta,0
17,Ch1-Ch0,-0.865,35.400,-1.0025,0.2801,low_gamma,0
17,Ch1-Ch0,-0.865,42.114,-0.2161,0.8930,low_gamma,0
17,Ch1-Ch0,-0.865,53.101,0.0052,0.6758,high_gamma,0
17,Ch1-Ch0,-0.865,64.697,0.4607,1.9398,high_gamma,0
17,Ch1-Ch0,-0.865,77.515,-0.0307,1.0417,high_gamma,0
17,Ch1-Ch0,-0.865,90.332,-0.0080,1.3838,high_gamma,0
17,Ch2-Ch1,-0.715,4.883,-0.0506,0.6380,theta,0
17,Ch2-Ch1,-0.715,6.714,0.0062,0.2819,theta,0
17,Ch2-Ch1,-0.715,9.155,0.4081,0.7681,alpha,0
17,Ch2-Ch1,-0.715,12.817,1.1228,2.0809,alpha,1
17,Ch2-Ch1,-0.715,20.142,0.5494,1.1395,beta,0
17,Ch2-Ch1,-0.715,25.024,0.2631,0.5581,beta,0
17,Ch2-Ch1,-0.715,29.907,0.4302,1.4147,beta,0
17,Ch2-Ch1,-0.715,35.400,-0.5280,0.3167,low_gamma,0
17,Ch2-Ch1,-0.715,42.114,0.1877,0.9865,low_gamma,0
17,Ch2-Ch1,-0.715,53.101,0.4931,0.7712,high_gamma,0
17,Ch2-Ch1,-0.715,64.697,0.9162,1.9877,high_gamma,0
17,Ch2-Ch1,-0.715,77.515,0.4233,0.7918,high_gamma,0
17,Ch2-Ch1,-0.715,90.942,0.4996,1.3030,high_gamma,0
17,Ch3-Ch2,-0.565,4.883,1.6536,1.9415,theta,1
17,Ch3-Ch2,-0.565,6.714,0.9428,0.0862,theta,0
17,Ch3-Ch2,-0.565,9.155,1.1899,0.5720,alpha,0
17,Ch3-Ch2,-0.565,10.986,1.1385,0.1422,alpha,0
17,Ch3-Ch2,-0.565,15.259,0.8758,0.1915,beta,0
17,Ch3-Ch2,-0.565,17.700,0.4012,0.4453,beta,0
17,Ch3-Ch2,-0.565,21.973,1.0993,1.5056,beta,0
17,Ch3-Ch2,-0.565,29.907,0.7234,0.9444,beta,0
17,Ch3-Ch2,-0.565,40.894,0.7955,0.8740,low_gamma,0
17,Ch3-Ch2,-0.565,50.659,0.6865,0.6851,high_gamma,0
17,Ch3-Ch2,-0.565,65.918,1.1327,1.6931,high_gamma,0
17,Ch3-Ch2,-0.565,76.904,0.9418,1.3532,high_gamma,0
17,Ch3-Ch2,-0.565,88.501,1.0151,1.3648,high_gamma,0
17,Ch4-Ch3,-0.415,4.883,1.7725,2.3493,theta,1
17,Ch4-Ch3,-0.415,7.935,0.6390,0.2415,theta,0
17,Ch4-Ch3,-0.415,9.766,0.5865,0.1397,alpha,0
17,Ch4-Ch3,-0.415,12.817,0.9995,0.6488,alpha,0
17,Ch4-Ch3,-0.415,20.752,0.7656,0.8642,beta,0
17,Ch4-Ch3,-0.415,27.466,0.5653,0.8595,beta,0
17,Ch4-Ch3,-0.415,36.011,0.6388,0.9128,low_gamma,0
17,Ch4-Ch3,-0.415,46.997,0.6571,0.6903,low_gamma,0
17,Ch4-Ch3,-0.415,56.152,1.2546,1.9093,high_gamma,0
17,Ch4-Ch3,-0.415,64.697,1.0370,0.8886,high_gamma,0
17,Ch4-Ch3,-0.415,75.684,1.1058,1.7570,high_gamma,0
17,Ch4-Ch3,-0.415,90.332,0.8880,1.4814,high_gamma,0
17,Ch5-Ch4,-0.265,4.883,1.7823,2.2120,theta,1
17,Ch5-Ch4,-0.265,8.545,0.9598,0.4335,alpha,0
17,Ch5-Ch4,-0.265,10.986,1.1383,0.5984,alpha,0
17,Ch5-Ch4,-0.265,15.259,1.4174,1.0568,beta,0
17,Ch5-Ch4,-0.265,17.700,0.7235,0.9232,beta,0
17,Ch5-Ch4,-0.265,20.752,0.8836,1.0866,beta,0
17,Ch5-Ch4,-0.265,25.024,0.5027,0.7100,beta,0
17,Ch5-Ch4,-0.265,29.907,0.7633,1.4227,beta,0
17,Ch5-Ch4,-0.265,36.011,0.4908,0.2149,low_gamma,0
17,Ch5-Ch4,-0.265,41.504,0.6981,0.7544,low_gamma,0
17,Ch5-Ch4,-0.265,48.218,1.0164,1.3119,low_gamma,0
17,Ch5-Ch4,-0.265,57.983,1.1975,1.6681,high_gamma,0
17,Ch5-Ch4,-0.265,69.580,1.1701,0.8563,high_gamma,0
17,Ch5-Ch4,-0.265,90.332,0.9420,1.2904,high_gamma,0
17,Ch6-Ch5,-0.115,1.831,0.3598,0.1658,delta,0
17,Ch6-Ch5,-0.115,4.883,2.0007,2.1748,theta,1
17,Ch6-Ch5,-0.115,10.986,1.8698,1.9761,alpha,0
17,Ch6-Ch5,-0.115,14.648,1.7690,0.2464,beta,0
17,Ch6-Ch5,-0.115,21.973,1.1965,1.2149,beta,0
17,Ch6-Ch5,-0.115,25.635,0.8496,0.5594,beta,0
17,Ch6-Ch5,-0.115,30.518,0.7875,0.6640,low_gamma,0
17,Ch6-Ch5,-0.115,41.504,1.0860,0.9792,low_gamma,0
17,Ch6-Ch5,-0.115,54.321,1.3912,1.4678,high_gamma,0
17,Ch6-Ch5,-0.115,65.308,1.3895,0.9114,high_gamma,0
17,Ch6-Ch5,-0.115,81.787,1.4965,1.3390,high_gamma,0
17,Ch6-Ch5,-0.115,93.994,0.6029,0.3554,high_gamma,0
17,Ch7-Ch6,+0.030,1.831,-0.4988,0.6646,delta,0
17,Ch7-Ch6,+0.030,4.883,1.8990,2.3873,theta,1
17,Ch7-Ch6,+0.030,6.714,1.2408,0.1979,theta,0
17,Ch7-Ch6,+0.030,9.766,1.0990,0.2361,alpha,0
17,Ch7-Ch6,+0.030,12.817,1.4993,1.7749,alpha,0
17,Ch7-Ch6,+0.030,17.700,1.2211,0.3943,beta,0
17,Ch7-Ch6,+0.030,21.973,1.2536,1.5041,beta,0
17,Ch7-Ch6,+0.030,26.245,0.6540,0.4772,beta,0
17,Ch7-Ch6,+0.030,31.128,1.1650,1.1876,low_gamma,0
17,Ch7-Ch6,+0.030,36.011,0.8661,0.9630,low_gamma,0
17,Ch7-Ch6,+0.030,42.114,0.7725,0.9522,low_gamma,0
17,Ch7-Ch6,+0.030,55.542,0.9588,1.0132,high_gamma,0
17,Ch7-Ch6,+0.030,64.697,0.9654,1.3270,high_gamma,0
17,Ch7-Ch6,+0.030,76.904,1.3246,1.7728,high_gamma,0
17,Ch7-Ch6,+0.030,93.384,1.0245,1.0586,high_gamma,0
17,Ch8-Ch7,+0.180,4.883,1.9011,2.1743,theta,1
17,Ch8-Ch7,+0.180,8.545,0.7067,0.2952,alpha,0
17,Ch8-Ch7,+0.180,14.648,1.6758,1.8985,beta,0
17,Ch8-Ch7,+0.180,18.311,1.4820,0.7877,beta,0
17,Ch8-Ch7,+0.180,23.804,1.3637,1.2317,beta,0
17,Ch8-Ch7,+0.180,31.128,1.4357,1.3061,low_gamma,0
17,Ch8-Ch7,+0.180,40.283,0.8455,1.0082,low_gamma,0
17,Ch8-Ch7,+0.180,46.997,0.9372,1.1853,low_gamma,0
17,Ch8-Ch7,+0.180,54.932,1.1025,0.5193,high_gamma,0
17,Ch8-Ch7,+0.180,65.308,1.6158,1.4322,high_gamma,0
17,Ch8-Ch7,+0.180,84.229,1.5527,1.1823,high_gamma,0
17,Ch8-Ch7,+0.180,98.877,1.0471,0.4446,high_gamma,0
17,Ch9-Ch8,+0.330,1.831,0.2039,0.1767,delta,0
17,Ch9-Ch8,+0.330,4.883,1.7644,1.8641,theta,1
17,Ch9-Ch8,+0.330,6.714,0.8937,0.1114,theta,0
17,Ch9-Ch8,+0.330,11.597,1.7434,0.1738,alpha,0
17,Ch9-Ch8,+0.330,14.648,1.7643,1.8210,beta,0
17,Ch9-Ch8,+0.330,19.531,0.7285,0.2113,beta,0
17,Ch9-Ch8,+0.330,25.635,0.9031,0.7146,beta,0
17,Ch9-Ch8,+0.330,31.128,0.6284,0.8666,low_gamma,0
17,Ch9-Ch8,+0.330,41.504,0.7702,0.7592,low_gamma,0
17,Ch9-Ch8,+0.330,54.321,1.1061,1.1028,high_gamma,0
17,Ch9-Ch8,+0.330,68.359,1.3807,1.5584,high_gamma,0
17,Ch9-Ch8,+0.330,81.787,1.3734,1.4116,high_gamma,0
17,Ch9-Ch8,+0.330,97.046,0.8248,0.7214,high_gamma,0
17,Ch10-Ch9,+0.480,4.883,1.7841,0.6169,theta,0
17,Ch10-Ch9,+0.480,6.714,1.3298,0.1325,theta,0
17,Ch10-Ch9,+0.480,9.155,1.6082,0.1331,alpha,0
17,Ch10-Ch9,+0.480,10.986,1.9563,2.3509,alpha,1
17,Ch10-Ch9,+0.480,14.038,1.6844,0.6049,beta,0
17,Ch10-Ch9,+0.480,16.479,1.4589,0.9062,beta,0
17,Ch10-Ch9,+0.480,20.142,1.2867,0.6176,beta,0
17,Ch10-Ch9,+0.480,25.024,1.5085,1.0667,beta,0
17,Ch10-Ch9,+0.480,30.518,1.2081,1.0549,low_gamma,0
17,Ch10-Ch9,+0.480,40.894,1.2029,1.2301,low_gamma,0
17,Ch10-Ch9,+0.480,46.997,1.0302,1.0482,low_gamma,0
17,Ch10-Ch9,+0.480,54.932,1.1146,0.4861,high_gamma,0
17,Ch10-Ch9,+0.480,65.308,1.4276,1.6640,high_gamma,0
17,Ch10-Ch9,+0.480,76.904,1.2416,0.6215,high_gamma,0
17,Ch10-Ch9,+0.480,93.994,1.2896,1.2789,high_gamma,0
17,Ch11-Ch10,+0.630,4.883,1.5693,0.5687,theta,0
17,Ch11-Ch10,+0.630,9.155,1.5047,0.1906,alpha,0
17,Ch11-Ch10,+0.630,10.986,1.7935,2.4147,alpha,1
17,Ch11-Ch10,+0.630,14.038,1.4916,0.7017,beta,0
17,Ch11-Ch10,+0.630,16.479,1.3248,0.8606,beta,0
17,Ch11-Ch10,+0.630,20.142,1.1730,0.5819,beta,0
17,Ch11-Ch10,+0.630,25.024,1.3689,1.4772,beta,0
17,Ch11-Ch10,+0.630,30.518,1.0877,1.0403,low_gamma,0
17,Ch11-Ch10,+0.630,40.894,0.7815,0.8881,low_gamma,0
17,Ch11-Ch10,+0.630,51.880,1.0886,1.1279,high_gamma,0
17,Ch11-Ch10,+0.630,61.035,0.9509,0.8293,high_gamma,0
17,Ch11-Ch10,+0.630,70.801,1.2998,1.5745,high_gamma,0
17,Ch11-Ch10,+0.630,94.604,1.1320,0.8530,high_gamma,0
17,Ch12-Ch11,+0.780,4.883,0.7328,1.9408,theta,1
17,Ch12-Ch11,+0.780,6.714,-0.0702,0.1116,theta,0
17,Ch12-Ch11,+0.780,10.986,0.6382,1.6292,alpha,0
17,Ch12-Ch11,+0.780,14.038,0.5689,0.3558,beta,0
17,Ch12-Ch11,+0.780,16.479,0.2032,0.4031,beta,0
17,Ch12-Ch11,+0.780,20.142,0.1709,0.8225,beta,0
17,Ch12-Ch11,+0.780,27.466,0.1205,0.7992,beta,0
17,Ch12-Ch11,+0.780,32.349,0.1634,1.0074,low_gamma,0
17,Ch12-Ch11,+0.780,39.673,-0.2009,0.3263,low_gamma,0
17,Ch12-Ch11,+0.780,47.607,0.0790,0.7869,low_gamma,0
17,Ch12-Ch11,+0.780,57.373,0.5011,1.1841,high_gamma,0
17,Ch12-Ch11,+0.780,66.528,0.4178,0.7944,high_gamma,0
17,Ch12-Ch11,+0.780,84.229,0.5262,1.4667,high_gamma,0
17,Ch12-Ch11,+0.780,97.656,0.3916,1.2245,high_gamma,0
17,Ch13-Ch12,+0.930,4.883,2.5336,2.7558,theta,1
17,Ch13-Ch12,+0.930,6.714,1.8071,0.0865,theta,0
17,Ch13-Ch12,+0.930,9.155,1.8173,0.5699,alpha,0
17,Ch13-Ch12,+0.930,10.986,1.7946,0.5916,alpha,0
17,Ch13-Ch12,+0.930,14.648,1.5624,0.6195,beta,0
17,Ch13-Ch12,+0.930,17.700,0.8111,0.0534,beta,0
17,Ch13-Ch12,+0.930,21.973,1.4209,1.6075,beta,0
17,Ch13-Ch12,+0.930,27.466,1.1905,1.1248,beta,0
17,Ch13-Ch12,+0.930,33.569,0.7622,0.6689,low_gamma,0
17,Ch13-Ch12,+0.930,40.894,0.5478,0.7039,low_gamma,0
17,Ch13-Ch12,+0.930,49.438,1.0999,1.3917,low_gamma,0
17,Ch13-Ch12,+0.930,63.477,0.9505,1.4265,high_gamma,0
17,Ch13-Ch12,+0.930,81.177,1.0066,1.4714,high_gamma,0
17,Ch13-Ch12,+0.930,94.604,1.0419,0.8561,high_gamma,0
17,Ch14-Ch13,+1.080,4.883,2.6681,2.7259,theta,1
17,Ch14-Ch13,+1.080,6.714,1.9392,0.0900,theta,0
17,Ch14-Ch13,+1.080,9.155,1.9400,0.5564,alpha,0
17,Ch14-Ch13,+1.080,11.597,1.8987,0.6022,alpha,0
17,Ch14-Ch13,+1.080,14.648,1.7007,0.6106,beta,0
17,Ch14-Ch13,+1.080,21.973,1.5271,1.5370,beta,0
17,Ch14-Ch13,+1.080,26.855,1.2855,0.8792,beta,0
17,Ch14-Ch13,+1.080,33.569,0.8486,0.7405,low_gamma,0
17,Ch14-Ch13,+1.080,40.894,0.5163,0.5916,low_gamma,0
17,Ch14-Ch13,+1.080,49.438,1.1694,1.5362,low_gamma,0
17,Ch14-Ch13,+1.080,61.035,0.9572,1.4686,high_gamma,0
17,Ch14-Ch13,+1.080,81.177,0.9690,0.9616,high_gamma,0
17,Ch14-Ch13,+1.080,94.604,0.9672,1.2111,high_gamma,0
17,Ch15-Ch14,+1.230,1.831,-1.5603,0.1360,delta,0
17,Ch15-Ch14,+1.230,4.883,0.6080,2.2852,theta,1
17,Ch15-Ch14,+1.230,10.986,0.2564,1.0063,alpha,0
17,Ch15-Ch14,+1.230,14.038,0.1425,0.3319,beta,0
17,Ch15-Ch14,+1.230,16.479,-0.0614,0.1121,beta,0
17,Ch15-Ch14,+1.230,19.531,-0.2206,0.5625,beta,0
17,Ch15-Ch14,+1.230,22.583,0.1227,1.3433,beta,0
17,Ch15-Ch14,+1.230,27.466,-0.2134,1.4461,beta,0
17,Ch15-Ch14,+1.230,34.180,-0.6907,0.6593,low_gamma,0
17,Ch15-Ch14,+1.230,41.504,-0.5814,1.0287,low_gamma,0
17,Ch15-Ch14,+1.230,51.880,-0.3448,1.2735,high_gamma,0
17,Ch15-Ch14,+1.230,60.425,-0.0671,1.5409,high_gamma,0
17,Ch15-Ch14,+1.230,76.904,-0.1499,0.8870,high_gamma,0
17,Ch15-Ch14,+1.230,94.604,-0.1875,0.6454,high_gamma,0
18,Ch1-Ch0,-0.865,4.883,-0.4410,1.5489,theta,0
18,Ch1-Ch0,-0.865,10.376,0.2918,0.4301,alpha,0
18,Ch1-Ch0,-0.865,14.648,0.8216,2.7938,beta,1
18,Ch1-Ch0,-0.865,17.700,0.2075,0.5274,beta,0
18,Ch1-Ch0,-0.865,23.804,0.0252,0.8776,beta,0
18,Ch1-Ch0,-0.865,31.738,-0.4198,0.1108,low_gamma,0
18,Ch1-Ch0,-0.865,37.842,-0.2838,1.4598,low_gamma,0
18,Ch1-Ch0,-0.865,44.556,-0.1583,1.0972,low_gamma,0
18,Ch1-Ch0,-0.865,53.711,-0.1297,0.9958,high_gamma,0
18,Ch1-Ch0,-0.865,63.477,0.0057,0.5157,high_gamma,0
18,Ch1-Ch0,-0.865,76.294,0.3519,2.1596,high_gamma,0
18,Ch1-Ch0,-0.865,88.501,-0.0419,1.5900,high_gamma,0
18,Ch2-Ch1,-0.715,4.883,-0.1149,1.4755,theta,0
18,Ch2-Ch1,-0.715,9.766,0.7202,0.4493,alpha,0
18,Ch2-Ch1,-0.715,14.648,1.3026,3.0920,beta,1
18,Ch2-Ch1,-0.715,17.700,0.6641,0.4377,beta,0
18,Ch2-Ch1,-0.715,23.804,0.4897,0.8108,beta,0
18,Ch2-Ch1,-0.715,29.907,0.2560,0.1425,beta,0
18,Ch2-Ch1,-0.715,37.842,0.1345,1.3443,low_gamma,0
18,Ch2-Ch1,-0.715,44.556,0.2626,0.8909,low_gamma,0
18,Ch2-Ch1,-0.715,53.711,0.3364,0.9179,high_gamma,0
18,Ch2-Ch1,-0.715,62.256,0.4533,0.4083,high_gamma,0
18,Ch2-Ch1,-0.715,76.294,0.8359,2.2808,high_gamma,0
18,Ch2-Ch1,-0.715,88.501,0.4267,1.7624,high_gamma,0
18,Ch3-Ch2,-0.565,4.883,1.2429,0.6131,theta,0
18,Ch3-Ch2,-0.565,7.324,1.0431,0.1939,theta,0
18,Ch3-Ch2,-0.565,9.766,1.4790,1.4188,alpha,1
18,Ch3-Ch2,-0.565,11.597,0.7072,0.1717,alpha,0
18,Ch3-Ch2,-0.565,15.259,1.1047,0.7474,beta,0
18,Ch3-Ch2,-0.565,18.311,0.7832,0.3374,beta,0
18,Ch3-Ch2,-0.565,23.804,0.5207,0.7141,beta,0
18,Ch3-Ch2,-0.565,28.687,0.8258,1.0383,beta,0
18,Ch3-Ch2,-0.565,37.231,0.4481,0.9600,low_gamma,0
18,Ch3-Ch2,-0.565,43.945,0.7140,0.9945,low_gamma,0
18,Ch3-Ch2,-0.565,53.101,0.6708,0.3746,high_gamma,0
18,Ch3-Ch2,-0.565,62.256,1.0995,1.1992,high_gamma,0
18,Ch3-Ch2,-0.565,79.956,1.1523,1.7426,high_gamma,0
18,Ch3-Ch2,-0.565,93.384,0.5871,0.8323,high_gamma,0
18,Ch4-Ch3,-0.415,1.831,-0.1986,0.0671,delta,0
18,Ch4-Ch3,-0.415,4.883,1.3873,2.0190,theta,0
18,Ch4-Ch3,-0.415,7.324,1.1416,0.6510,theta,0
18,Ch4-Ch3,-0.415,9.766,0.8458,0.2733,alpha,0
18,Ch4-Ch3,-0.415,14.038,1.2529,0.8336,beta,0
18,Ch4-Ch3,-0.415,17.090,0.8923,0.3887,beta,0
18,Ch4-Ch3,-0.415,20.142,1.0595,0.8186,beta,0
18,Ch4-Ch3,-0.415,24.414,0.6267,0.2474,beta,0
18,Ch4-Ch3,-0.415,29.907,0.5545,0.9621,beta,0
18,Ch4-Ch3,-0.415,35.400,0.5375,0.9730,low_gamma,0
18,Ch4-Ch3,-0.415,43.945,0.8756,1.4868,low_gamma,0
18,Ch4-Ch3,-0.415,52.490,0.8196,1.2831,high_gamma,0
18,Ch4-Ch3,-0.415,61.035,0.6509,0.0980,high_gamma,0
18,Ch4-Ch3,-0.415,73.853,1.4646,2.0671,high_gamma,1
18,Ch4-Ch3,-0.415,88.501,1.0613,1.3710,high_gamma,0
18,Ch5-Ch4,-0.265,4.883,1.5514,2.0238,theta,1
18,Ch5-Ch4,-0.265,7.324,1.3283,0.7725,theta,0
18,Ch5-Ch4,-0.265,9.766,1.1589,0.9056,alpha,0
18,Ch5-Ch4,-0.265,14.038,1.0832,0.3607,beta,0
18,Ch5-Ch4,-0.265,16.479,1.2303,1.4902,beta,0
18,Ch5-Ch4,-0.265,20.142,1.0685,0.5287,beta,0
18,Ch5-Ch4,-0.265,26.245,0.4283,0.1150,beta,0
18,Ch5-Ch4,-0.265,31.738,0.8235,0.7138,low_gamma,0
18,Ch5-Ch4,-0.265,37.842,0.7477,0.6245,low_gamma,0
18,Ch5-Ch4,-0.265,44.556,0.9716,0.9683,low_gamma,0
18,Ch5-Ch4,-0.265,52.490,1.3187,1.1835,high_gamma,0
18,Ch5-Ch4,-0.265,70.801,1.3987,1.7030,high_gamma,0
18,Ch5-Ch4,-0.265,92.773,1.0957,0.8146,high_gamma,0
18,Ch6-Ch5,-0.115,4.883,1.5238,1.1969,theta,0
18,Ch6-Ch5,-0.115,7.324,1.4746,0.4612,theta,0
18,Ch6-Ch5,-0.115,9.766,1.6541,0.9227,alpha,0
18,Ch6-Ch5,-0.115,14.038,2.0059,3.1453,beta,1
18,Ch6-Ch5,-0.115,16.479,1.4973,0.4175,beta,0
18,Ch6-Ch5,-0.115,26.245,1.0373,0.8580,beta,0
18,Ch6-Ch5,-0.115,31.738,1.2180,1.1149,low_gamma,0
18,Ch6-Ch5,-0.115,42.725,1.2574,1.3009,low_gamma,0
18,Ch6-Ch5,-0.115,57.373,1.4488,1.4231,high_gamma,0
18,Ch6-Ch5,-0.115,66.528,1.2828,0.8850,high_gamma,0
18,Ch6-Ch5,-0.115,79.346,1.5480,1.3467,high_gamma,0
18,Ch6-Ch5,-0.115,92.773,1.0492,0.8241,high_gamma,0
18,Ch7-Ch6,+0.030,3.052,0.7596,0.0645,delta,0
18,Ch7-Ch6,+0.030,4.272,1.6052,1.9170,theta,0
18,Ch7-Ch6,+0.030,7.935,0.7952,0.9450,theta,0
18,Ch7-Ch6,+0.030,9.766,0.5279,0.2231,alpha,0
18,Ch7-Ch6,+0.030,14.038,1.8439,2.0817,beta,1
18,Ch7-Ch6,+0.030,18.921,1.4008,0.5871,beta,0
18,Ch7-Ch6,+0.030,23.804,0.9731,0.7340,beta,0
18,Ch7-Ch6,+0.030,28.687,1.1724,1.1577,beta,0
18,Ch7-Ch6,+0.030,36.011,0.6131,0.3894,low_gamma,0
18,Ch7-Ch6,+0.030,43.945,1.1384,1.0354,low_gamma,0
18,Ch7-Ch6,+0.030,50.659,0.5329,0.3110,high_gamma,0
18,Ch7-Ch6,+0.030,58.594,1.5041,1.6981,high_gamma,0
18,Ch7-Ch6,+0.030,68.970,1.1945,0.2676,high_gamma,0
18,Ch7-Ch6,+0.030,85.449,1.2368,1.3560,high_gamma,0
18,Ch8-Ch7,+0.180,3.052,0.9238,0.2786,delta,0
18,Ch8-Ch7,+0.180,4.272,1.6947,1.6782,theta,0
18,Ch8-Ch7,+0.180,7.324,0.9678,0.1803,theta,0
18,Ch8-Ch7,+0.180,9.766,1.0549,0.6657,alpha,0
18,Ch8-Ch7,+0.180,15.259,1.7145,1.9032,beta,1
18,Ch8-Ch7,+0.180,18.311,1.4999,0.3336,beta,0
18,Ch8-Ch7,+0.180,23.804,1.2609,0.7245,beta,0
18,Ch8-Ch7,+0.180,29.297,1.3544,1.1526,beta,0
18,Ch8-Ch7,+0.180,34.180,0.9332,0.2413,low_gamma,0
18,Ch8-Ch7,+0.180,43.335,1.5325,1.2813,low_gamma,0
18,Ch8-Ch7,+0.180,52.490,1.5860,1.3704,high_gamma,0
18,Ch8-Ch7,+0.180,70.801,1.6744,1.4949,high_gamma,0
18,Ch8-Ch7,+0.180,85.449,1.2850,1.1273,high_gamma,0
18,Ch9-Ch8,+0.330,4.883,1.4088,0.9178,theta,0
18,Ch9-Ch8,+0.330,7.324,1.2670,0.6009,theta,0
18,Ch9-Ch8,+0.330,9.766,1.3877,0.7559,alpha,0
18,Ch9-Ch8,+0.330,14.038,2.0221,2.5257,beta,1
18,Ch9-Ch8,+0.330,16.479,1.6910,0.4346,beta,0
18,Ch9-Ch8,+0.330,26.245,1.0714,0.6171,beta,0
18,Ch9-Ch8,+0.330,31.738,1.1066,1.0545,low_gamma,0
18,Ch9-Ch8,+0.330,39.062,0.6997,0.3602,low_gamma,0
18,Ch9-Ch8,+0.330,46.387,1.1125,1.2144,low_gamma,0
18,Ch9-Ch8,+0.330,59.204,1.3796,1.2612,high_gamma,0
18,Ch9-Ch8,+0.330,72.632,1.5657,1.6786,high_gamma,0
18,Ch9-Ch8,+0.330,95.825,1.0427,1.1363,high_gamma,0
18,Ch10-Ch9,+0.480,4.883,1.8094,1.0111,theta,0
18,Ch10-Ch9,+0.480,7.324,1.6258,0.4592,theta,0
18,Ch10-Ch9,+0.480,9.766,2.0618,2.0042,alpha,1
18,Ch10-Ch9,+0.480,14.038,1.8957,1.3879,beta,0
18,Ch10-Ch9,+0.480,18.921,1.2511,0.6717,beta,0
18,Ch10-Ch9,+0.480,21.973,0.9064,0.1564,beta,0
18,Ch10-Ch9,+0.480,26.245,1.2024,1.0247,beta,0
18,Ch10-Ch9,+0.480,31.738,1.0446,0.4009,low_gamma,0
18,Ch10-Ch9,+0.480,39.673,1.0928,0.5554,low_gamma,0
18,Ch10-Ch9,+0.480,47.607,1.2487,0.9545,low_gamma,0
18,Ch10-Ch9,+0.480,55.542,1.0402,0.6383,high_gamma,0
18,Ch10-Ch9,+0.480,66.528,1.6215,1.6186,high_gamma,0
18,Ch10-Ch9,+0.480,89.111,1.3426,1.1052,high_gamma,0
18,Ch11-Ch10,+0.630,4.883,1.6674,1.0871,theta,0
18,Ch11-Ch10,+0.630,7.324,1.4624,0.4016,theta,0
18,Ch11-Ch10,+0.630,9.766,1.9177,2.1550,alpha,1
18,Ch11-Ch10,+0.630,12.817,1.6346,1.1255,alpha,0
18,Ch11-Ch10,+0.630,18.311,0.9380,0.4928,beta,0
18,Ch11-Ch10,+0.630,23.193,0.8237,0.3874,beta,0
18,Ch11-Ch10,+0.630,26.855,1.0630,1.0691,beta,0
18,Ch11-Ch10,+0.630,36.011,0.5899,0.5534,low_gamma,0
18,Ch11-Ch10,+0.630,47.607,1.0773,0.8205,low_gamma,0
18,Ch11-Ch10,+0.630,55.542,0.8561,0.5274,high_gamma,0
18,Ch11-Ch10,+0.630,65.918,1.3112,1.5089,high_gamma,0
18,Ch11-Ch10,+0.630,84.839,1.2191,1.3020,high_gamma,0
18,Ch11-Ch10,+0.630,97.656,0.4171,0.3393,high_gamma,0
18,Ch12-Ch11,+0.780,4.883,0.5502,1.3712,theta,0
18,Ch12-Ch11,+0.780,7.324,-0.2601,0.2259,theta,0
18,Ch12-Ch11,+0.780,9.766,0.2124,0.5822,alpha,0
18,Ch12-Ch11,+0.780,14.038,0.6866,2.2494,beta,0
18,Ch12-Ch11,+0.780,16.479,0.5774,0.7009,beta,0
18,Ch12-Ch11,+0.780,21.362,-0.0020,0.6806,beta,0
18,Ch12-Ch11,+0.780,26.245,0.2045,1.2047,beta,0
18,Ch12-Ch11,+0.780,31.128,0.1167,0.7420,low_gamma,0
18,Ch12-Ch11,+0.780,36.621,-0.3352,0.4008,low_gamma,0
18,Ch12-Ch11,+0.780,42.114,0.2231,1.5650,low_gamma,0
18,Ch12-Ch11,+0.780,52.490,0.2391,1.1655,high_gamma,0
18,Ch12-Ch11,+0.780,64.697,0.2766,0.4311,high_gamma,0
18,Ch12-Ch11,+0.780,74.463,0.7349,1.5732,high_gamma,1
18,Ch12-Ch11,+0.780,95.825,0.5713,1.2013,high_gamma,0
18,Ch13-Ch12,+0.930,1.831,0.5620,0.0870,delta,0
18,Ch13-Ch12,+0.930,4.883,2.1980,1.7644,theta,1
18,Ch13-Ch12,+0.930,7.324,1.9034,0.5133,theta,0
18,Ch13-Ch12,+0.930,9.766,2.1389,0.9657,alpha,0
18,Ch13-Ch12,+0.930,14.038,1.9037,1.2180,beta,0
18,Ch13-Ch12,+0.930,16.479,1.4321,0.0722,beta,0
18,Ch13-Ch12,+0.930,20.142,1.0291,0.4009,beta,0
18,Ch13-Ch12,+0.930,23.193,1.1762,0.5652,beta,0
18,Ch13-Ch12,+0.930,26.855,0.9954,0.8816,beta,0
18,Ch13-Ch12,+0.930,37.231,1.0212,1.0786,low_gamma,0
18,Ch13-Ch12,+0.930,47.607,0.9235,0.9683,low_gamma,0
18,Ch13-Ch12,+0.930,61.035,1.1359,1.5092,high_gamma,0
18,Ch13-Ch12,+0.930,70.801,1.0185,0.9422,high_gamma,0
18,Ch13-Ch12,+0.930,84.839,1.2559,1.9270,high_gamma,0
18,Ch13-Ch12,+0.930,97.656,0.3726,0.8550,high_gamma,0
18,Ch14-Ch13,+1.080,1.831,0.7162,0.0884,delta,0
18,Ch14-Ch13,+1.080,4.883,2.3218,1.7397,theta,1
18,Ch14-Ch13,+1.080,7.324,2.0312,0.5116,theta,0
18,Ch14-Ch13,+1.080,9.766,2.2503,0.9442,alpha,0
18,Ch14-Ch13,+1.080,14.038,2.0581,1.2402,beta,0
18,Ch14-Ch13,+1.080,16.479,1.5944,0.1174,beta,0
18,Ch14-Ch13,+1.080,20.142,1.1640,0.3346,beta,0
18,Ch14-Ch13,+1.080,23.193,1.2944,0.6872,beta,0
18,Ch14-Ch13,+1.080,27.466,1.1083,0.7664,beta,0
18,Ch14-Ch13,+1.080,37.231,1.1362,1.1015,low_gamma,0
18,Ch14-Ch13,+1.080,47.607,0.9491,0.7820,low_gamma,0
18,Ch14-Ch13,+1.080,61.035,1.2087,1.2971,high_gamma,0
18,Ch14-Ch13,+1.080,70.801,1.1062,0.7262,high_gamma,0
18,Ch14-Ch13,+1.080,84.839,1.2211,1.6740,high_gamma,0
18,Ch14-Ch13,+1.080,97.656,0.1857,0.5654,high_gamma,0
18,Ch15-Ch14,+1.230,1.831,-1.2879,0.1364,delta,0
18,Ch15-Ch14,+1.230,4.883,0.4342,1.8589,theta,0
18,Ch15-Ch14,+1.230,7.324,0.0244,0.5579,theta,0
18,Ch15-Ch14,+1.230,9.766,0.3935,1.2553,alpha,0
18,Ch15-Ch14,+1.230,14.038,0.4353,1.9692,beta,1
18,Ch15-Ch14,+1.230,16.479,0.0734,0.3672,beta,0
18,Ch15-Ch14,+1.230,20.142,-0.1302,0.5658,beta,0
18,Ch15-Ch14,+1.230,23.193,-0.1484,0.5424,beta,0
18,Ch15-Ch14,+1.230,27.466,-0.0277,1.0749,beta,0
18,Ch15-Ch14,+1.230,31.738,-0.3494,0.6337,low_gamma,0
18,Ch15-Ch14,+1.230,37.231,-0.1256,1.3295,low_gamma,0
18,Ch15-Ch14,+1.230,47.607,-0.3141,0.8427,low_gamma,0
18,Ch15-Ch14,+1.230,61.646,-0.0218,1.5043,high_gamma,0
18,Ch15-Ch14,+1.230,76.294,0.2166,1.6473,high_gamma,0
18,Ch15-Ch14,+1.230,89.722,-0.2659,0.9856,high_gamma,0
19,Ch1-Ch0,-0.865,4.272,-0.7195,0.3896,theta,0
19,Ch1-Ch0,-0.865,5.493,-0.7376,0.0915,theta,0
19,Ch1-Ch0,-0.865,8.545,-0.2161,0.8613,alpha,0
19,Ch1-Ch0,-0.865,12.817,0.7775,2.3986,alpha,1
19,Ch1-Ch0,-0.865,18.921,0.4225,1.4977,beta,0
19,Ch1-Ch0,-0.865,21.973,0.2533,0.4492,beta,0
19,Ch1-Ch0,-0.865,31.128,-0.3325,0.5447,low_gamma,0
19,Ch1-Ch0,-0.865,37.842,0.0718,1.2205,low_gamma,0
19,Ch1-Ch0,-0.865,45.776,0.1632,1.4833,low_gamma,0
19,Ch1-Ch0,-0.865,53.101,0.0664,1.0576,high_gamma,0
19,Ch1-Ch0,-0.865,62.866,0.4203,1.6319,high_gamma,0
19,Ch1-Ch0,-0.865,72.632,0.4544,1.6160,high_gamma,0
19,Ch1-Ch0,-0.865,84.839,0.1232,1.1402,high_gamma,0
19,Ch2-Ch1,-0.715,4.272,-0.3343,0.5065,theta,0
19,Ch2-Ch1,-0.715,6.714,-0.6091,0.2163,theta,0
19,Ch2-Ch1,-0.715,8.545,0.1911,0.9243,alpha,0
19,Ch2-Ch1,-0.715,12.817,1.2482,2.4703,alpha,1
19,Ch2-Ch1,-0.715,18.921,0.8504,1.5230,beta,0
19,Ch2-Ch1,-0.715,21.973,0.6701,0.4275,beta,0
19,Ch2-Ch1,-0.715,31.738,0.1218,0.5219,low_gamma,0
19,Ch2-Ch1,-0.715,37.842,0.5116,1.2457,low_gamma,0
19,Ch2-Ch1,-0.715,45.776,0.5597,1.3225,low_gamma,0
19,Ch2-Ch1,-0.715,53.101,0.4940,1.2548,high_gamma,0
19,Ch2-Ch1,-0.715,62.866,0.8133,1.8581,high_gamma,0
19,Ch2-Ch1,-0.715,72.632,0.9114,1.5509,high_gamma,0
19,Ch2-Ch1,-0.715,84.839,0.5125,1.1245,high_gamma,0
19,Ch3-Ch2,-0.565,5.493,1.1183,0.7079,theta,0
19,Ch3-Ch2,-0.565,8.545,0.8467,0.3932,alpha,0
19,Ch3-Ch2,-0.565,11.597,1.1800,1.3112,alpha,0
19,Ch3-Ch2,-0.565,18.921,0.6834,0.9614,beta,0
19,Ch3-Ch2,-0.565,25.635,0.5744,0.7651,beta,0
19,Ch3-Ch2,-0.565,29.907,0.1153,0.0590,beta,0
19,Ch3-Ch2,-0.565,37.842,0.8206,0.9048,low_gamma,0
19,Ch3-Ch2,-0.565,47.607,0.9267,1.2522,low_gamma,0
19,Ch3-Ch2,-0.565,64.087,1.2060,2.1345,high_gamma,1
19,Ch3-Ch2,-0.565,76.904,0.7272,0.6348,high_gamma,0
19,Ch3-Ch2,-0.565,91.553,0.9179,1.3057,high_gamma,0
19,Ch4-Ch3,-0.415,5.493,1.1972,1.3344,theta,0
19,Ch4-Ch3,-0.415,12.817,1.1233,1.1840,alpha,0
19,Ch4-Ch3,-0.415,15.259,0.5539,0.5484,beta,0
19,Ch4-Ch3,-0.415,18.921,1.0047,1.3565,beta,0
19,Ch4-Ch3,-0.415,21.973,0.8106,0.5396,beta,0
19,Ch4-Ch3,-0.415,28.687,0.7729,1.1770,beta,0
19,Ch4-Ch3,-0.415,39.673,0.5042,0.6446,low_gamma,0
19,Ch4-Ch3,-0.415,46.387,0.9227,1.6037,low_gamma,0
19,Ch4-Ch3,-0.415,53.711,0.7579,1.0503,high_gamma,0
19,Ch4-Ch3,-0.415,63.477,1.1970,1.1109,high_gamma,0
19,Ch4-Ch3,-0.415,78.735,1.4158,1.5309,high_gamma,1
19,Ch4-Ch3,-0.415,91.553,1.0372,0.8811,high_gamma,0
19,Ch5-Ch4,-0.265,4.272,1.1430,0.1642,theta,0
19,Ch5-Ch4,-0.265,6.104,1.3001,1.2262,theta,0
19,Ch5-Ch4,-0.265,10.986,1.3166,1.7676,alpha,0
19,Ch5-Ch4,-0.265,14.038,0.9510,0.1685,beta,0
19,Ch5-Ch4,-0.265,18.921,1.1123,0.6160,beta,0
19,Ch5-Ch4,-0.265,21.973,1.0247,0.3095,beta,0
19,Ch5-Ch4,-0.265,28.687,0.9056,1.1532,beta,0
19,Ch5-Ch4,-0.265,36.011,0.7815,1.0233,low_gamma,0
19,Ch5-Ch4,-0.265,46.387,1.0926,1.0377,low_gamma,0
19,Ch5-Ch4,-0.265,54.321,1.1405,1.2122,high_gamma,0
19,Ch5-Ch4,-0.265,64.087,1.4465,1.7510,high_gamma,1
19,Ch5-Ch4,-0.265,84.229,1.1646,1.2485,high_gamma,0
19,Ch5-Ch4,-0.265,97.656,0.5546,0.2464,high_gamma,0
19,Ch6-Ch5,-0.115,6.104,1.3460,1.5555,theta,0
19,Ch6-Ch5,-0.115,10.986,1.7017,1.9132,alpha,1
19,Ch6-Ch5,-0.115,17.090,1.4364,0.3125,beta,0
19,Ch6-Ch5,-0.115,21.362,1.1008,0.6146,beta,0
19,Ch6-Ch5,-0.115,26.855,0.7035,0.5649,beta,0
19,Ch6-Ch5,-0.115,32.349,0.9075,0.9210,low_gamma,0
19,Ch6-Ch5,-0.115,37.842,0.4604,0.2858,low_gamma,0
19,Ch6-Ch5,-0.115,44.556,1.1590,1.2682,low_gamma,0
19,Ch6-Ch5,-0.115,54.321,1.1892,1.0853,high_gamma,0
19,Ch6-Ch5,-0.115,64.697,1.5553,1.7308,high_gamma,0
19,Ch6-Ch5,-0.115,76.294,1.4444,1.3547,high_gamma,0
19,Ch6-Ch5,-0.115,92.163,1.1741,0.7937,high_gamma,0
19,Ch7-Ch6,+0.030,2.441,0.3518,0.3419,delta,0
19,Ch7-Ch6,+0.030,4.883,1.3970,1.5757,theta,1
19,Ch7-Ch6,+0.030,9.766,1.0168,0.9513,alpha,0
19,Ch7-Ch6,+0.030,13.428,0.9790,0.4258,beta,0
19,Ch7-Ch6,+0.030,16.479,0.9542,0.0549,beta,0
19,Ch7-Ch6,+0.030,19.531,0.9086,0.3225,beta,0
19,Ch7-Ch6,+0.030,22.583,0.9289,1.3206,beta,0
19,Ch7-Ch6,+0.030,29.297,0.7907,0.6604,beta,0
19,Ch7-Ch6,+0.030,39.673,0.7174,0.9547,low_gamma,0
19,Ch7-Ch6,+0.030,48.218,0.8740,1.2921,low_gamma,0
19,Ch7-Ch6,+0.030,56.152,0.5823,0.3850,high_gamma,0
19,Ch7-Ch6,+0.030,65.918,1.2285,1.7856,high_gamma,0
19,Ch7-Ch6,+0.030,81.177,1.1737,1.1644,high_gamma,0
19,Ch7-Ch6,+0.030,95.825,0.9250,0.3675,high_gamma,0
19,Ch8-Ch7,+0.180,2.441,0.7096,0.4727,delta,0
19,Ch8-Ch7,+0.180,4.883,1.4369,1.1302,theta,0
19,Ch8-Ch7,+0.180,7.935,0.7350,0.3193,theta,0
19,Ch8-Ch7,+0.180,9.766,0.5909,0.0635,alpha,0
19,Ch8-Ch7,+0.180,11.597,1.1867,0.0915,alpha,0
19,Ch8-Ch7,+0.180,14.038,1.2301,0.2802,beta,0
19,Ch8-Ch7,+0.180,16.479,1.5231,1.6941,beta,1
19,Ch8-Ch7,+0.180,19.531,1.1180,0.4097,beta,0
19,Ch8-Ch7,+0.180,22.583,1.2182,1.0231,beta,0
19,Ch8-Ch7,+0.180,29.297,1.1179,0.8302,beta,0
19,Ch8-Ch7,+0.180,39.062,1.1258,1.2459,low_gamma,0
19,Ch8-Ch7,+0.180,45.166,1.1102,0.7156,low_gamma,0
19,Ch8-Ch7,+0.180,53.101,1.2593,1.3907,high_gamma,0
19,Ch8-Ch7,+0.180,65.918,1.3243,1.6165,high_gamma,0
19,Ch8-Ch7,+0.180,88.501,1.4258,1.6201,high_gamma,0
19,Ch9-Ch8,+0.330,6.104,1.1848,1.1386,theta,0
19,Ch9-Ch8,+0.330,9.766,1.3546,0.0614,alpha,0
19,Ch9-Ch8,+0.330,12.207,1.5609,2.0024,alpha,0
19,Ch9-Ch8,+0.330,15.259,1.5483,0.3253,beta,0
19,Ch9-Ch8,+0.330,20.752,0.9894,0.7388,beta,0
19,Ch9-Ch8,+0.330,28.687,0.9778,1.2824,beta,0
19,Ch9-Ch8,+0.330,33.569,0.6389,0.2518,low_gamma,0
19,Ch9-Ch8,+0.330,40.283,0.5746,0.6889,low_gamma,0
19,Ch9-Ch8,+0.330,48.828,0.8189,1.0807,low_gamma,0
19,Ch9-Ch8,+0.330,56.152,0.8171,0.5880,high_gamma,0
19,Ch9-Ch8,+0.330,64.697,1.8620,1.9125,high_gamma,1
19,Ch9-Ch8,+0.330,76.294,1.4512,1.1698,high_gamma,0
19,Ch9-Ch8,+0.330,88.501,1.2210,0.9418,high_gamma,0
19,Ch10-Ch9,+0.480,4.272,1.4549,0.1365,theta,0
19,Ch10-Ch9,+0.480,5.493,1.6432,0.9293,theta,0
19,Ch10-Ch9,+0.480,8.545,1.2078,0.3603,alpha,0
19,Ch10-Ch9,+0.480,11.597,1.9868,2.1597,alpha,1
19,Ch10-Ch9,+0.480,14.648,1.4796,0.4211,beta,0
19,Ch10-Ch9,+0.480,18.311,1.1515,0.0715,beta,0
19,Ch10-Ch9,+0.480,21.362,1.6782,0.7794,beta,0
19,Ch10-Ch9,+0.480,25.024,1.3834,0.7686,beta,0
19,Ch10-Ch9,+0.480,34.180,0.9987,1.1781,low_gamma,0
19,Ch10-Ch9,+0.480,45.776,1.2070,1.1890,low_gamma,0
19,Ch10-Ch9,+0.480,58.594,1.1085,0.8251,high_gamma,0
19,Ch10-Ch9,+0.480,76.294,1.3805,1.7239,high_gamma,0
19,Ch10-Ch9,+0.480,96.436,0.7082,0.7683,high_gamma,0
19,Ch11-Ch10,+0.630,4.272,1.2677,0.1376,theta,0
19,Ch11-Ch10,+0.630,5.493,1.4783,0.8651,theta,0
19,Ch11-Ch10,+0.630,8.545,1.0818,0.3214,alpha,0
19,Ch11-Ch10,+0.630,11.597,1.8572,2.1905,alpha,1
19,Ch11-Ch10,+0.630,15.869,1.3254,0.3679,beta,0
19,Ch11-Ch10,+0.630,21.362,1.5461,0.7256,beta,0
19,Ch11-Ch10,+0.630,25.024,1.2767,0.9768,beta,0
19,Ch11-Ch10,+0.630,34.180,0.7835,1.2495,low_gamma,0
19,Ch11-Ch10,+0.630,39.673,0.7020,1.2256,low_gamma,0
19,Ch11-Ch10,+0.630,46.387,1.0056,1.4241,low_gamma,0
19,Ch11-Ch10,+0.630,58.594,1.0042,1.2987,high_gamma,0
19,Ch11-Ch10,+0.630,75.684,1.2223,1.7021,high_gamma,0
19,Ch11-Ch10,+0.630,96.436,0.7277,1.0348,high_gamma,0
19,Ch12-Ch11,+0.780,4.883,0.1992,0.7284,theta,0
19,Ch12-Ch11,+0.780,7.324,-0.1475,0.3675,theta,0
19,Ch12-Ch11,+0.780,9.766,-0.0462,0.0817,alpha,0
19,Ch12-Ch11,+0.780,12.207,0.3963,1.7411,alpha,0
19,Ch12-Ch11,+0.780,15.259,0.3152,1.6128,beta,0
19,Ch12-Ch11,+0.780,17.700,0.1102,0.4857,beta,0
19,Ch12-Ch11,+0.780,24.414,0.2770,0.7059,beta,0
19,Ch12-Ch11,+0.780,29.907,0.2173,1.1252,beta,0
19,Ch12-Ch11,+0.780,37.842,-0.1772,0.5399,low_gamma,0
19,Ch12-Ch11,+0.780,45.776,0.2760,1.1118,low_gamma,0
19,Ch12-Ch11,+0.780,53.711,0.3530,0.9744,high_gamma,0
19,Ch12-Ch11,+0.780,64.697,0.8395,1.6930,high_gamma,1
19,Ch12-Ch11,+0.780,75.073,0.7612,1.4473,high_gamma,0
19,Ch12-Ch11,+0.780,89.111,0.4229,0.6815,high_gamma,0
19,Ch13-Ch12,+0.930,5.493,2.0040,0.9223,theta,0
19,Ch13-Ch12,+0.930,8.545,1.4199,0.2023,alpha,0
19,Ch13-Ch12,+0.930,11.597,2.0500,2.5835,alpha,1
19,Ch13-Ch12,+0.930,16.479,1.4598,0.2471,beta,0
19,Ch13-Ch12,+0.930,21.362,1.4426,0.7832,beta,0
19,Ch13-Ch12,+0.930,28.687,1.0396,0.9523,beta,0
19,Ch13-Ch12,+0.930,34.790,1.0406,1.5788,low_gamma,0
19,Ch13-Ch12,+0.930,40.283,0.6453,0.6600,low_gamma,0
19,Ch13-Ch12,+0.930,46.387,0.9754,0.9930,low_gamma,0
19,Ch13-Ch12,+0.930,58.594,1.1726,1.5993,high_gamma,0
19,Ch13-Ch12,+0.930,70.190,1.1236,1.3625,high_gamma,0
19,Ch13-Ch12,+0.930,85.449,0.9300,1.3198,high_gamma,0
19,Ch14-Ch13,+1.080,5.493,2.1372,0.8854,theta,0
19,Ch14-Ch13,+1.080,8.545,1.5764,0.2399,alpha,0
19,Ch14-Ch13,+1.080,11.597,2.1668,2.5329,alpha,1
19,Ch14-Ch13,+1.080,15.869,1.5890,0.2871,beta,0
19,Ch14-Ch13,+1.080,21.362,1.5363,0.8674,beta,0
19,Ch14-Ch13,+1.080,28.687,1.1644,0.9198,beta,0
19,Ch14-Ch13,+1.080,34.790,1.1442,1.4609,low_gamma,0
19,Ch14-Ch13,+1.080,40.283,0.6553,0.4725,low_gamma,0
19,Ch14-Ch13,+1.080,46.387,1.0678,0.5458,low_gamma,0
19,Ch14-Ch13,+1.080,58.594,1.2022,1.5498,high_gamma,0
19,Ch14-Ch13,+1.080,70.190,1.1975,1.4895,high_gamma,0
19,Ch14-Ch13,+1.080,85.449,0.8164,1.1721,high_gamma,0
19,Ch15-Ch14,+1.230,5.493,0.1515,0.7643,theta,0
19,Ch15-Ch14,+1.230,8.545,-0.1832,0.1262,alpha,0
19,Ch15-Ch14,+1.230,11.597,0.5459,2.6649,alpha,1
19,Ch15-Ch14,+1.230,13.428,0.0679,0.1554,beta,0
19,Ch15-Ch14,+1.230,21.362,-0.0108,1.4422,beta,0
19,Ch15-Ch14,+1.230,25.024,-0.2532,0.6118,beta,0
19,Ch15-Ch14,+1.230,29.907,-0.0661,0.8705,beta,0
19,Ch15-Ch14,+1.230,34.790,-0.1675,1.2749,low_gamma,0
19,Ch15-Ch14,+1.230,42.725,-0.5359,0.7300,low_gamma,0
19,Ch15-Ch14,+1.230,53.101,-0.2747,1.0841,high_gamma,0
19,Ch15-Ch14,+1.230,62.256,-0.4253,1.5519,high_gamma,0
19,Ch15-Ch14,+1.230,75.684,-0.3369,0.3563,high_gamma,0
19,Ch15-Ch14,+1.230,87.891,-0.1571,0.8225,high_gamma,0
